Model,Scenario,Region,Variable,Unit,2025,2030,2035,2040,2045,2050,2055,2060,2065,2070,2075,2080,2085,2090,2095,2100
IIASA 2023,SSP1,Aruba,GDP|PPP per capita,USD_2021/yr,46305.993328695404,51670.07060132817,57469.63635644042,63306.6186324169,68673.28646673355,73645.96037600131,78865.05142890036,85392.88860869159,93164.54574555908,101292.0390316195,110031.56393293616,119487.8751452782,129604.47151049391,140120.93146566206,150773.2375888668,159107.76483091392
IIASA 2023,SSP1,Afghanistan,GDP|PPP per capita,USD_2021/yr,978.8054375306644,1271.8251024535423,1681.9404561549263,2243.358358728003,2987.8009858756154,3943.0468772288796,5037.924585927322,6262.669427502115,7558.308990370997,8921.302233830094,10275.20478857773,11592.59863179013,12861.611047791248,14103.176761247907,15336.74361687494,16188.403963365039
IIASA 2023,SSP1,Angola,GDP|PPP per capita,USD_2021/yr,6809.976397116508,7112.428424125679,7412.278785464213,8014.71606622026,8895.362475807558,10211.556540399339,11991.563070735732,14298.696174601324,17031.86873042572,20158.517722436947,23534.62362583279,27052.20971881073,30584.77281186018,34116.048877803136,37535.00048108612,39854.632844287466
IIASA 2023,SSP1,Albania,GDP|PPP per capita,USD_2021/yr,18768.936302121885,21285.792019709243,24353.03478622918,28660.51297242718,32627.39973421301,36442.06530393512,40472.11286767491,45453.87922545422,51803.53702882942,57871.13655192735,63373.698967027376,68244.73484175817,72932.96781648613,77486.33003459747,82246.24109350856,85396.30192015354
IIASA 2023,SSP1,United Arab Emirates,GDP|PPP per capita,USD_2021/yr,88792.29128024142,105762.25020857286,124384.40502536489,138253.0534278737,148352.27204007583,155379.49275270736,164646.76053199865,177301.79359104895,193656.60954457044,210295.5275020429,223346.65798234238,233343.3020867106,241835.98423840365,249806.76479512302,257082.59021303488,259549.4403462521
IIASA 2023,SSP1,Argentina,GDP|PPP per capita,USD_2021/yr,26058.15479921224,28810.42951007245,31951.215158176376,35404.443854189914,39191.53046273826,43236.46634054243,47186.868207869156,51634.43585385718,56132.086594885644,60542.435551544695,64389.62755470024,67856.5033299319,71213.43386176154,74696.8260735007,79024.56250265217,83124.88617988811
IIASA 2023,SSP1,Armenia,GDP|PPP per capita,USD_2021/yr,20681.499901764255,22178.510526777485,24131.03459796752,26796.354483416653,29702.174184983585,32764.320956679887,36267.24472953806,40551.066687941086,45312.965647514706,49789.314860608756,54055.414850595545,58305.14028402408,62788.89849958382,67318.88679622176,71681.30487596689,74023.26654844369
IIASA 2023,SSP1,Antigua and Barbuda,GDP|PPP per capita,USD_2021/yr,25459.415687343615,28827.067112617737,32672.5762907006,37630.40545599952,42981.33236489949,48530.85080415022,53646.131038966836,59271.649935722504,64741.530487756776,69939.18184385906,74691.31296113097,79099.27798565335,83116.40927664204,87763.72608494523,93754.04889957914,99140.48965236403
IIASA 2023,SSP1,Australia,GDP|PPP per capita,USD_2021/yr,60547.85008981067,63667.46433531506,66929.39308851886,69955.72780309919,73641.53480701445,77902.16875855837,82644.83646204049,88384.26962054837,94816.4416007944,101336.86131346328,107700.39004943946,114311.55292410609,121326.1686841904,128838.56133697572,136502.08343832355,140684.73126559987
IIASA 2023,SSP1,Austria,GDP|PPP per capita,USD_2021/yr,64603.96098266627,67789.62418248403,71318.71623159073,75680.45851262243,79444.55710873118,83354.7675136056,87236.0381528279,94144.94467505977,102205.91763202363,110809.11538797243,119324.47391528335,127753.18590223625,136360.89032020283,145393.1751578987,154636.95216728598,160403.4173538069
IIASA 2023,SSP1,Azerbaijan,GDP|PPP per capita,USD_2021/yr,17495.40785188631,18734.308970150225,19742.862614403508,21460.778704615343,23906.771150600543,26612.22226898448,29464.227373935686,32755.1432610482,36533.95711501604,40476.47151869535,44251.730166924055,48000.55998668254,51994.06253235305,56072.51904976416,59917.70089999429,62197.80652308278
IIASA 2023,SSP1,Burundi,GDP|PPP per capita,USD_2021/yr,865.5241436801009,1260.5590723716593,1823.22977822749,2621.328705523633,3739.5990217173435,5279.520861547366,7239.454588073549,9541.61761702687,12059.693251884133,14692.235032249693,17320.55971297832,19839.479420584354,22270.810194545065,24624.01348273175,26938.411516107466,28581.875277235282
IIASA 2023,SSP1,Belgium,GDP|PPP per capita,USD_2021/yr,60407.361704551215,64887.75797063485,69223.02893096211,74011.3763439539,77988.74223263148,81734.3180902258,86041.56766910382,92542.20482550823,99990.11281811903,107488.34502109472,115011.59023837,122930.38238855918,131363.14269991362,140214.54569246073,148942.99919995596,153801.70934343664
IIASA 2023,SSP1,Benin,GDP|PPP per capita,USD_2021/yr,4264.5120949964,5281.125498650143,6641.911607278989,8438.942771908916,10810.04187053506,13841.560304077146,17346.601532372184,21254.76428496041,25358.300769981324,29602.456419501614,33713.25027513082,37636.470887601135,41235.90597653118,44662.700223627326,47960.023516153786,50112.14492681528
IIASA 2023,SSP1,Burkina Faso,GDP|PPP per capita,USD_2021/yr,2704.4046685439803,3281.390721366703,4032.617390090083,5076.426934005614,6378.299362498361,8107.777603097537,10214.928408095115,12701.791149696284,15383.888507260457,18219.538402131602,21132.357418129493,24050.760598045817,26888.48244346347,29635.2946147688,32300.333189746492,34138.00363974369
IIASA 2023,SSP1,Bangladesh,GDP|PPP per capita,USD_2021/yr,8707.23488349807,10155.155608010753,12116.191179513797,14845.964725137741,18169.585364527342,22181.350923932372,26809.594007223615,32453.877643503165,38834.77635022459,45801.943909066686,52942.36272415238,59844.38232951657,66086.4225439574,71843.03636417809,77361.52776444983,81486.46940035936
IIASA 2023,SSP1,Bulgaria,GDP|PPP per capita,USD_2021/yr,31058.654827632516,33213.042434338786,35808.6629452678,38771.1778932136,41446.099242682445,44453.878525095075,47849.53398385966,52466.81680796981,57342.38349797525,61728.19249572921,65722.08475219183,69617.34105698425,73539.66759052742,77484.90876535697,81332.35139518847,83339.62959490961
IIASA 2023,SSP1,Bahrain,GDP|PPP per capita,USD_2021/yr,57092.122900832306,58363.712981574165,60668.71714786312,64306.72870866167,65626.18853755457,67884.13023487577,70294.74598679894,76374.45882707213,83317.81944002185,90844.36051177593,98059.65342396733,104954.18734231032,111667.52665525333,118374.75789610446,124656.43217447137,128420.53287124303
IIASA 2023,SSP1,Bahamas,GDP|PPP per capita,USD_2021/yr,39318.47227882174,42706.24438532516,46084.52480920048,48975.7912602331,51954.166068552506,55331.036240933216,58633.93812496153,61961.71118991597,65161.75017516066,68257.467372983,71516.91893752682,75962.64931588256,81227.34552779944,87126.02521888328,93530.2699799798,98868.76900927315
IIASA 2023,SSP1,Bosnia and Herzegovina,GDP|PPP per capita,USD_2021/yr,20410.572820383008,23059.31111999499,26287.408213182305,29984.244167761528,33560.48413398164,37217.8451989059,41322.90487736784,46071.27648829196,51056.28393074736,56135.035882967946,60953.867889001085,65513.31236949962,69991.9942809011,74558.0832651151,79163.3219315534,82242.0141551439
IIASA 2023,SSP1,Belarus,GDP|PPP per capita,USD_2021/yr,21273.86245346999,23633.064146927933,25986.580758654483,27835.492818697243,29940.459165992714,32123.269149143052,34648.55894992443,37553.85578564522,40256.99224253054,42678.540241244315,45042.65161416439,47470.53420161762,49982.1809545779,52483.66867452057,54764.27597949623,55670.06837843547
IIASA 2023,SSP1,Belize,GDP|PPP per capita,USD_2021/yr,10969.133694968394,15009.670399471685,20221.104623528292,26002.213454304445,31847.82317753301,37574.07330857549,42990.14676679205,48643.12665136595,54178.88849902917,59583.21443710574,64613.24684584678,69082.41548131019,72952.34944844036,76630.41604712058,80298.392600017,82709.50207142174
IIASA 2023,SSP1,Bolivia,GDP|PPP per capita,USD_2021/yr,9361.00762311289,11333.35985559994,13693.342729926117,16389.396178005307,19240.504115506952,22243.013922716204,25172.313611398182,28303.05532476135,31440.555509939015,34560.51754568003,37562.06975865154,40413.96626425057,43135.94775385851,45775.77064524404,48260.96665012531,49784.54420650498
IIASA 2023,SSP1,Brazil,GDP|PPP per capita,USD_2021/yr,17280.492984974175,18966.340844864808,21061.605960630463,23808.697900780793,26919.909700882064,30621.682436537234,34487.830847027486,39189.1803573127,43961.211177700396,48872.143218858604,53548.45060991173,57831.04976642783,61707.436541044655,65523.65369516003,69052.90290090343,71424.92384115385
IIASA 2023,SSP1,Barbados,GDP|PPP per capita,USD_2021/yr,18669.413137262523,21050.8805801625,24036.251689139113,27967.89870454088,32528.92813248842,37447.14086905917,42250.173253055385,47490.67398687644,52685.74670284178,57672.76653424594,62428.71973142509,66923.44688552048,71061.22912020407,75009.32673230294,78840.8026340539,81292.51710319304
IIASA 2023,SSP1,Brunei Darussalam,GDP|PPP per capita,USD_2021/yr,69869.33591831631,72740.48803314003,76056.54289553109,79757.65785472956,83641.39159652282,88239.98199488968,93796.30375683607,101205.07223062843,109509.10526894522,118075.85438159069,126559.69139258804,134498.8308641301,142261.42092963663,150046.86448049013,157627.63109323272,162074.92225741642
IIASA 2023,SSP1,Bhutan,GDP|PPP per capita,USD_2021/yr,13439.3429754555,15717.30576705037,18622.07115609228,22073.460988436877,25805.235364042997,29700.388921001068,33911.8259781914,38405.65107968206,43346.37328591038,48323.09621295449,52851.82744229332,56475.69520645711,59642.586619635236,62501.62286685872,65379.712052403396,67224.09390442086
IIASA 2023,SSP1,Botswana,GDP|PPP per capita,USD_2021/yr,18708.516855816684,21911.654234197373,25501.75877618012,29145.226939152435,32768.2801482806,37048.65386316235,41353.483581189306,45716.41148801004,49956.873023312204,54017.03415548388,57681.90235489848,61035.60581270461,64042.813554702225,67056.48730989065,69885.63634984655,72196.48737758739
IIASA 2023,SSP1,Central African Republic,GDP|PPP per capita,USD_2021/yr,932.5933314810021,1368.2827950655276,2027.2004143380263,2989.5377707843077,4262.256051442342,5931.229881087178,7986.874210543189,10332.262025576045,12818.978788798198,15416.149255823078,18150.855354859512,20899.909841386125,23588.83893977978,26203.071400300512,28807.991055024824,30711.405404466568
IIASA 2023,SSP1,Canada,GDP|PPP per capita,USD_2021/yr,57741.50360973678,60618.93837916846,62755.169208569016,64619.80459329845,66699.46256240908,69528.32455054404,72394.37385010938,76035.14063400653,80327.14671622214,84650.16255632948,89075.69896879685,94030.90291894763,99552.26605168157,105551.48479879438,111796.06712020538,115497.37720134624
IIASA 2023,SSP1,Switzerland,GDP|PPP per capita,USD_2021/yr,81267.58900450007,86021.51313822149,91190.91388447785,96285.51832604408,101771.5231698068,107532.99604127186,113828.41934866716,121526.44088745207,130043.81510809276,138364.9682055102,145793.6660417984,153020.79265065724,160189.9723951452,167702.68689103654,175035.21937373476,177309.28528144956
IIASA 2023,SSP1,Chile,GDP|PPP per capita,USD_2021/yr,28604.431839080873,32295.17162852667,36171.5383872228,39930.282374992086,44062.69157614866,47972.86372569422,51424.84189005351,54790.637546038444,58207.46920843945,61414.43983485627,64151.22254295947,66697.1305115065,69340.35659783363,73246.02813563314,77902.38081073193,82078.16702582187
IIASA 2023,SSP1,China,GDP|PPP per capita,USD_2021/yr,17269.468340833595,19770.21669288448,22768.097464222956,26688.58336342954,31844.178241141657,36668.433875299976,40824.74045479402,46465.69558244245,52400.176183581745,57351.944747917274,61217.47792588513,64383.47725134611,67627.90447033837,71898.02109247379,75282.61342387086,77625.83331211779
IIASA 2023,SSP1,C?te d'Ivoire,GDP|PPP per capita,USD_2021/yr,7086.335662640802,8373.860472771454,10153.25159874448,12624.141131906965,15741.775005549258,19715.790180006046,24194.756508952167,29007.38732163131,33833.288250851445,38609.72381717952,43158.61590796403,47403.07837588957,51372.94147487739,55121.50713929138,58830.65957732833,61439.18954293504
IIASA 2023,SSP1,Cameroon,GDP|PPP per capita,USD_2021/yr,4463.735912306323,5917.444055147531,7862.089467653281,10333.615558332436,13210.011062392157,16594.27079810948,20196.4677576599,24031.307940937128,27794.734197928814,31337.82974539692,34662.946878598115,37705.45325401593,40501.66793512638,43175.542473155285,45818.82032137439,47488.92356486156
IIASA 2023,SSP1,Democratic Republic of the Congo,GDP|PPP per capita,USD_2021/yr,1423.5238247172033,2029.685723556684,2899.8407472518243,4110.852118528159,5727.641290957543,7861.991868430471,10539.29911314958,13766.642056028037,17368.199767682185,21207.27941751317,25155.52099101185,29111.9899887529,33002.03776035147,36854.88075554473,40720.550832536435,43593.9688590469
IIASA 2023,SSP1,Congo,GDP|PPP per capita,USD_2021/yr,4028.066133320658,4857.042725722866,5948.785893339582,7510.7543888607015,9455.340144714659,11807.306889228985,14453.202148876315,17469.63122790732,20614.230214254345,23710.798352431593,26664.27346537011,29491.690337688855,32239.12936818267,34932.990571829476,37648.63099161256,39677.18391159062
IIASA 2023,SSP1,Colombia,GDP|PPP per capita,USD_2021/yr,18375.885288999085,21765.899692819297,25667.33126823956,29689.420378678853,33734.64079326469,37641.53951800383,41392.4580835441,45283.78522956742,49074.1660359389,52981.00203681958,56716.125411811285,60118.935701885,63082.87935531577,65944.99204079983,68714.92218506301,71023.59052825358
IIASA 2023,SSP1,Comoros,GDP|PPP per capita,USD_2021/yr,3818.41186143317,5252.014964010953,7142.109301817187,9455.61428645309,12133.35694113587,15146.31084533666,18255.736166421964,21448.419136142296,24496.50713109625,27364.88059411889,29980.19207346661,32453.463365953092,34810.84538253889,37120.20135487942,39435.364248517006,40881.106232288315
IIASA 2023,SSP1,Cabo Verde,GDP|PPP per capita,USD_2021/yr,9215.435160977284,10983.329142819877,13247.057506128447,16175.748806822912,19528.244402769014,23440.933891437755,27709.97947716384,32392.044607712403,37376.05433838123,42514.74398667005,47460.10622140166,51849.703018817156,55707.01292170662,59250.25090966457,62701.58412180557,65083.92736343018
IIASA 2023,SSP1,Costa Rica,GDP|PPP per capita,USD_2021/yr,25543.66400546892,28487.76067607489,32057.753130827157,36264.09289046774,40851.8117837217,45642.900062554436,50468.351555035486,56134.35570398914,61626.68141951263,66988.25618702553,71614.07711229044,75724.7324526818,79486.84592291291,83288.44164683789,87288.43147351248,91348.14972405096
IIASA 2023,SSP1,Cyprus,GDP|PPP per capita,USD_2021/yr,37023.36895211702,43009.42055620647,48886.708742449504,53385.08042949317,57232.36350037811,60603.925942107286,64246.05833895034,68567.32712005202,72597.5266807458,75726.81025161482,78506.24287762037,81430.04391877177,85471.6311861923,90963.74604105123,97216.6801923121,101885.70419118693
IIASA 2023,SSP1,Czechia,GDP|PPP per capita,USD_2021/yr,47043.83299674209,49003.42691067471,51395.19742534161,54600.247455617144,57397.88660504858,60576.22564008265,63773.1159422246,68176.07355401509,72467.03834605595,76095.87861648413,79165.21137912998,83130.31115570969,88038.95983804241,93960.51097965342,100728.30271432655,105710.25616062246
IIASA 2023,SSP1,Germany,GDP|PPP per capita,USD_2021/yr,61661.31033918043,63953.36443437948,66648.98079803257,70170.4323172809,72448.51051815032,75152.96119156525,77750.6237359707,83526.06160100654,89935.86872435249,97188.58404813257,104521.71949300231,111759.12577039842,119139.24625078878,127036.93229622452,135387.3271385258,140882.25984854225
IIASA 2023,SSP1,Djibouti,GDP|PPP per capita,USD_2021/yr,6248.638132065127,7638.158116047849,9356.338011392476,11445.196096937658,13803.810655567457,16558.965221327064,19536.58356606573,22874.217986352272,26315.845432753642,29833.455825708537,33294.222122318155,36583.72582040889,39644.208529273536,42560.15392474514,45372.25684527266,47161.54093634976
IIASA 2023,SSP1,Denmark,GDP|PPP per capita,USD_2021/yr,67612.87627671151,69630.8109391277,72129.97699109196,75089.13944235878,77982.58546396694,81969.48536037738,86599.42653847547,92151.11139188771,98571.63124214356,105253.72635730251,112002.60410244735,118911.7196728317,125855.00014160776,133020.6074404615,140519.14555107083,144237.60847618867
IIASA 2023,SSP1,Dominican Republic,GDP|PPP per capita,USD_2021/yr,24039.02696186745,27174.656919303427,30746.661816511503,34747.232610576175,39139.542142834005,43639.9111684726,47943.16874148825,52387.781144647175,57099.30369331217,61452.31198642046,65269.669722885206,68514.53052875618,71445.73456733552,74293.39271605648,77021.15841118382,78469.5633925236
IIASA 2023,SSP1,Algeria,GDP|PPP per capita,USD_2021/yr,12619.54655116262,15374.545295014852,18771.120106454215,22695.4416866373,26693.398544095333,30498.525570001504,34322.2342639313,38746.83384795558,43066.08822860765,46721.39518339683,49656.947963130115,52198.58341972896,54734.38137234818,57598.11997779892,61847.98735704151,65977.25540794648
IIASA 2023,SSP1,Ecuador,GDP|PPP per capita,USD_2021/yr,12822.145925885472,15450.298328928864,18432.46585278509,21681.1049110315,24855.413366973127,28018.88623215175,31152.229017370566,34603.46635380981,38056.168164516566,41412.07244183684,44510.76541510972,47301.382888304215,49880.17156538784,52264.35922124382,54633.737432580536,56174.98158296789
IIASA 2023,SSP1,Egypt,GDP|PPP per capita,USD_2021/yr,15613.327757605353,17593.942405196653,20088.286078067227,23223.303756189587,26953.417082454976,31301.744117081867,36030.05782089135,41083.65534928876,45999.34781377595,50819.732219868885,55414.07950417776,59629.56521102776,63874.09357999838,68135.24856084058,72288.40788645622,74908.94789410352
IIASA 2023,SSP1,Eritrea,GDP|PPP per capita,USD_2021/yr,2043.554548783715,2671.4961109382402,3514.304844973689,4644.208579449551,6032.6921756313,7734.82308502897,9638.285974831893,11768.516718655192,13979.02619373412,16316.86287091212,18743.496245134193,21214.759480460303,23655.227027151792,26047.622211271326,28456.284955124785,30278.65957075454
IIASA 2023,SSP1,Spain,GDP|PPP per capita,USD_2021/yr,46555.09437553986,50263.55995300417,54149.82670503923,58679.407688780586,62221.95380965387,65417.749887663995,68293.88807772788,73668.12218074151,79837.84326009516,85502.51179525765,90925.4603412318,97016.64880481448,103887.38410665466,111289.48078272305,118482.10950212511,122731.51999938833
IIASA 2023,SSP1,Estonia,GDP|PPP per capita,USD_2021/yr,44133.409791308884,46188.71954564838,47555.04108988812,50189.26980698715,52590.34800689747,55593.89621968506,58928.245391334334,63957.75741129973,68507.86726429642,72319.82957667897,75797.31232772765,79451.69260485123,83144.4353055598,86770.60749622385,90105.91436105334,91141.86953291752
IIASA 2023,SSP1,Ethiopia,GDP|PPP per capita,USD_2021/yr,3117.475072325486,3759.0672569010067,4598.175138084245,5741.945040551767,7195.2213726684095,9043.62536851259,11170.439820023854,13639.184598524966,16347.064570964672,19288.349499447428,22336.66565661156,25355.176098922228,28225.042065892714,30995.98936784074,33701.478032086714,35648.30419215069
IIASA 2023,SSP1,Finland,GDP|PPP per capita,USD_2021/yr,56424.0160896837,62878.97240686797,68674.64267201547,71566.98200949465,75362.92767253108,78772.24934429213,82915.7177463588,87138.93207237823,92086.29099451227,96897.9627341179,101685.52978164797,107405.04087237906,114240.87938171103,121448.73155716604,128356.82658479027,131447.08874234997
IIASA 2023,SSP1,Fiji,GDP|PPP per capita,USD_2021/yr,15216.120736071212,18054.041452864167,21383.900149385983,24911.9672748463,28396.736804004326,31799.859550106037,35081.015872379394,38684.20468641313,42105.726064525246,45387.247694605816,48281.8355087024,51027.43129398394,53580.12463930808,56237.12065853637,58965.50506514524,60481.949759026946
IIASA 2023,SSP1,France,GDP|PPP per capita,USD_2021/yr,55321.11113240278,60458.4415330095,65232.70079020884,69640.24723534664,74715.38049745091,80192.12217212861,86103.43787546408,92843.14117720463,99726.8647125046,106469.7101345101,113384.55766789976,120528.96574086223,127914.13158947769,135306.55202643463,142432.68034975938,145406.06733874077
IIASA 2023,SSP1,Micronesia,GDP|PPP per capita,USD_2021/yr,584.3405778871896,648.1468748189961,720.8622846933613,819.0093217624662,919.2955489936829,1025.0867035087865,1124.8876945581026,1244.5630296590414,1369.463000562106,1502.5348755341108,1637.070011628833,1768.2963908906083,1890.69922601442,2009.4617500712932,2124.883725978235,2204.4787751156523
IIASA 2023,SSP1,Gabon,GDP|PPP per capita,USD_2021/yr,16082.00487477425,17937.4532952364,20291.0085273275,23369.661332489763,26786.45967720897,30707.74898961594,34863.21290273145,39448.073579934775,44014.09739715012,48256.98364906695,51910.06370096771,54997.440017809284,57858.6020549863,60745.07051505772,63701.881021542424,65384.48681942186
IIASA 2023,SSP1,United Kingdom,GDP|PPP per capita,USD_2021/yr,52721.54460833721,55270.521831345584,57554.259997989786,60259.24451554102,63561.383048477466,66313.35137331324,68885.58322155032,72000.15513093119,76219.10402921152,80773.5486097528,85685.2154538911,91212.75637588525,97301.04909852592,103881.62314766161,110692.6173476107,114737.55475878343
IIASA 2023,SSP1,Georgia,GDP|PPP per capita,USD_2021/yr,22154.34070929005,23319.473961402855,24247.907835037535,25489.564458735345,27552.203558648795,30516.521122432623,33941.110432700145,37601.8765957638,41140.79947762908,44670.94093271941,48279.23428817386,52082.655189434896,56086.04789697082,60202.88986033654,64119.723738851,66486.33684637952
IIASA 2023,SSP1,Ghana,GDP|PPP per capita,USD_2021/yr,6381.087412817498,7315.49403180803,8225.254935932584,9786.758979931426,11915.882936091839,14691.094200961594,18101.13237219687,22290.847672273325,27097.657226507323,32257.847056106297,37668.56167818379,43217.60980121602,48869.91602904733,54614.96550151136,60339.21581337053,64850.62659415451
IIASA 2023,SSP1,Guinea,GDP|PPP per capita,USD_2021/yr,3374.489281211997,4927.414488534034,7142.903775499473,9989.945436480868,13394.23975905307,17467.368181389007,21631.26272482307,25781.407154060955,29649.1790583702,33368.15984163503,36739.85948051566,39738.10913574446,42515.88016784856,45157.881133187104,47805.91303673149,49362.83756018326
IIASA 2023,SSP1,Gambia,GDP|PPP per capita,USD_2021/yr,2667.0269242145882,3482.51312823334,4548.484804229329,5954.88261164098,7797.442116558741,10119.293067250383,12769.873451192008,15751.329920229455,18927.541955354318,22231.69148041542,25564.461708217284,28917.507607005187,32253.636019886268,35622.56212252312,38925.90679534336,41355.24618847352
IIASA 2023,SSP1,Guinea-Bissau,GDP|PPP per capita,USD_2021/yr,2687.835209929666,3182.7421723954153,3772.420039729847,4509.412795976446,5423.14933966208,6614.002097925016,8146.334109425009,10120.76083054684,12551.176194439466,15469.831182730732,18833.668685365432,22601.74587060408,26711.805134458307,31092.276564456653,35636.4279180397,39539.09723639064
IIASA 2023,SSP1,Equatorial Guinea,GDP|PPP per capita,USD_2021/yr,12151.167163771075,12795.906611381879,13150.533339563704,14664.455821950978,16565.516279902855,19159.72231763388,22253.22674900116,26198.90981553474,30336.168472573587,34380.088258821765,37947.88348128084,41235.849988674745,44264.45005691791,47111.73285564633,49858.4006470311,51653.52780907921
IIASA 2023,SSP1,Greece,GDP|PPP per capita,USD_2021/yr,37400.315367248506,42602.8636718963,47604.30626128617,52225.14428055211,56387.54309753198,60345.96778329061,64208.63647323534,68289.32242123329,71721.55810344854,75309.9348993006,79697.71572652212,85058.76482913084,91239.90623662966,98095.12324910089,105249.65546137122,110443.16058731252
IIASA 2023,SSP1,Grenada,GDP|PPP per capita,USD_2021/yr,17759.56802665261,20158.170830568135,23020.692187776538,26675.959056434993,30410.54528817517,34205.431160833825,37931.63247494517,42596.616601498674,47350.50584077967,51836.607632444495,55867.93717524839,59731.43317860777,63575.78277567749,67391.94442439609,71061.54531193055,73217.1152845221
IIASA 2023,SSP1,Guatemala,GDP|PPP per capita,USD_2021/yr,10550.375289471776,11927.357678419154,13809.602276323249,16298.1358104037,19170.14880581053,22662.473518581053,26672.612154968767,31252.870241652225,36024.54930417638,41025.75019938324,46129.88094546951,50991.58824341433,55477.913946809465,59671.50561611814,63641.98905474699,66463.17952508494
IIASA 2023,SSP1,Hong Kong,GDP|PPP per capita,USD_2021/yr,69131.29464419013,74536.20284576081,81122.01502499808,86094.67818122105,93163.58659301925,101124.82184694255,110266.46561794802,121652.07091135306,134277.1512760363,145701.69458800915,155579.23339661752,164962.4753591223,174279.15568031417,184441.07740555063,194798.87076923184,201129.2258405707
IIASA 2023,SSP1,Honduras,GDP|PPP per capita,USD_2021/yr,6815.862267830696,8271.892249659102,10138.10646126932,12459.929071371824,15248.275459419765,18524.601430066145,22172.46216124226,26258.597367351624,30727.80158372157,35450.858801020295,40136.357225238506,44443.40390850449,48205.930236558335,51647.35087172085,54968.907339868485,57333.884211718614
IIASA 2023,SSP1,Croatia,GDP|PPP per capita,USD_2021/yr,38820.216463391436,41793.964044437664,45430.17982082306,50073.309106928486,54215.525753301794,58384.09030510635,62881.10432136451,68650.80762071237,74573.25285760843,80147.1015350214,85228.82194343151,90028.62960599587,94725.49013819662,99423.40665106931,105006.10117221742,110102.91997726339
IIASA 2023,SSP1,Haiti,GDP|PPP per capita,USD_2021/yr,3084.6974754681382,3743.8844770354513,4537.526140449724,5556.7580298665625,6716.094370150463,8151.2722920157485,9908.18709799469,12285.763546163504,15276.162057690093,18977.590815491363,23362.85026958032,28446.00377984955,34202.030667982865,40618.144787641795,47466.679165923015,53591.84062140313
IIASA 2023,SSP1,Hungary,GDP|PPP per capita,USD_2021/yr,42741.208725771976,46649.626498528916,50893.08876362211,55936.36882391581,59201.488300052035,62894.74950002023,65707.07145097568,71189.75706097622,75887.92426724998,79874.78677157668,83390.40344202213,86575.26743415146,90875.60920840384,96269.70327968679,102662.46792084917,107658.395608553
IIASA 2023,SSP1,Indonesia,GDP|PPP per capita,USD_2021/yr,13635.660264346547,15253.484146602375,17293.167420751768,19940.53476232002,23169.852593341973,27062.613250354127,31427.73391286846,36292.561244294266,41294.2458666353,46284.87119406648,50830.074632071446,54959.49676912595,58818.15011269444,62448.65726016628,65856.47079610928,67973.33164245904
IIASA 2023,SSP1,India,GDP|PPP per capita,USD_2021/yr,9216.58191278027,11135.382084260082,13591.539432119518,16690.488702491457,20274.223147525514,24169.625830599834,28206.569451318584,32786.550082027396,37570.557361968895,42453.4462527782,47122.659963240585,51469.426437342205,55551.751111118436,59549.03909966367,63386.086585924895,66014.00613228563
IIASA 2023,SSP1,Ireland,GDP|PPP per capita,USD_2021/yr,142711.36138815235,150216.49847551415,158502.81926019333,167035.85030786635,175961.14343106945,184240.58018781818,192840.88853974734,203375.72300305223,213292.25209108688,221182.10900480996,228100.5783373668,235193.4102572999,242757.26336680708,250382.69610029532,256993.83774762863,255834.97218051876
IIASA 2023,SSP1,Iran,GDP|PPP per capita,USD_2021/yr,17542.23004812687,19991.168182139394,22966.072780913204,26297.717764160436,30164.352934175,34173.09335727245,38528.99944272775,44199.07330706524,50321.00306831911,55961.543809546696,60646.24622343964,64773.52170021063,68804.88909997694,73229.43670832123,77280.44207442828,79523.26661707157
IIASA 2023,SSP1,Iraq,GDP|PPP per capita,USD_2021/yr,11466.31311900931,13613.811961499165,16183.447333617112,19207.962659257668,22572.074756773913,26211.357963072274,29839.89847739754,33403.39622873371,36741.0596966846,39869.004069310184,42677.460449782724,45030.404620599154,47275.08870314415,49467.71618175779,51603.93880640643,52784.234220325314
IIASA 2023,SSP1,Iceland,GDP|PPP per capita,USD_2021/yr,66498.16608572639,70847.60838710768,74982.55354118015,78746.82956407899,82287.87868081681,86296.61845210221,91339.11157211663,97355.88696930672,104087.48284966219,110845.26030397235,117472.52583531947,124193.04907812539,131168.4927289706,138443.70522026313,145665.02403754843,148392.6534279722
IIASA 2023,SSP1,Israel,GDP|PPP per capita,USD_2021/yr,54836.50402134446,59929.16838553302,64592.087305102665,68357.64004759301,71295.67711587217,74679.20441415942,77961.82565010882,81596.19525281095,85800.77683048016,90521.65017092942,95493.08097208333,100577.35764964884,105842.2699479574,111448.07172487665,117197.1015204283,118873.44276355187
IIASA 2023,SSP1,Italy,GDP|PPP per capita,USD_2021/yr,49831.883367654664,54155.36745693907,58279.88541253405,62638.71980983096,66799.18183113467,70589.907919698,75042.02423801081,81896.904881438,89738.39022457083,97357.42596007437,104809.35158376982,112431.68320258897,120124.54355042368,127925.53308557191,135544.0405974476,139723.3559206442
IIASA 2023,SSP1,Jamaica,GDP|PPP per capita,USD_2021/yr,11701.606150497892,14440.264465985598,17588.541570368434,21152.56397352142,24594.80658533294,28108.875177547638,31580.699782460197,35782.26788733094,40097.646106610904,44437.63170881121,48421.94787771442,52207.76088451693,55710.46366897511,59179.96038479413,62624.796036559994,65126.42662174897
IIASA 2023,SSP1,Jordan,GDP|PPP per capita,USD_2021/yr,10713.017727884248,11861.79947052414,13315.704668728713,15401.33272468815,17977.956022431637,20881.736532401133,23932.229811205405,27248.51325892101,30799.772016966544,34396.86609028532,37790.82152371598,41162.61506680257,44523.715173196586,47734.14077642111,50760.479289637,52891.756458132535
IIASA 2023,SSP1,Japan,GDP|PPP per capita,USD_2021/yr,48231.763430925545,50782.885641653345,48337.223882719154,58193.770770210715,61396.16551426219,65312.18899449258,63416.43210230717,69444.11957152089,75425.5568864038,81476.64057233244,87497.09547040092,93470.93686424846,99293.16534392537,104936.18727073488,110397.88077058102,113874.78576401314
IIASA 2023,SSP1,Kazakhstan,GDP|PPP per capita,USD_2021/yr,32382.30904345302,33244.78578133526,34444.30811778755,36281.73433757682,38375.485594710764,40791.9741429383,43248.15660173318,46167.89755584606,49338.983816767846,52350.90178270044,55142.824156071285,57933.798092084,60858.22163469737,63889.348360554664,67089.12375964048,68908.51717540438
IIASA 2023,SSP1,Kenya,GDP|PPP per capita,USD_2021/yr,6067.284073827994,7483.3068270053445,9289.773108378806,11635.00943847725,14327.431721806453,17347.308882839417,20688.5695384348,24471.433091109207,28432.958931094727,32365.39860098154,36295.399877590935,40215.168582179555,44027.99055433136,47748.927806506945,51400.54626600438,54005.304688039614
IIASA 2023,SSP1,Kyrgyzstan,GDP|PPP per capita,USD_2021/yr,6181.847688542384,6855.03582566346,7536.2287395677,8260.006974921993,9272.578539175436,10370.844143186894,11572.000467474936,12892.011716153764,14472.266191421695,16188.416094523687,17974.65172479546,19812.14909062561,21806.11135968903,23990.56210660529,26326.003295107446,28262.29967231389
IIASA 2023,SSP1,Cambodia,GDP|PPP per capita,USD_2021/yr,5829.595354239176,7039.450045535677,8689.039418989976,10992.622713017576,13728.403984620189,16656.78572455489,19973.195007673417,24124.18477250705,28792.030251426873,33515.144687769636,38049.010496075105,42324.039604196456,46323.12626317568,50248.694576296024,54083.35848015571,56981.66796937575
IIASA 2023,SSP1,Kiribati,GDP|PPP per capita,USD_2021/yr,2071.7046602713613,2190.2031429580084,2358.3990684222604,2590.7496302186414,2871.3620750009377,3224.4959254205733,3655.8624306036772,4208.979559976206,4863.510416672011,5603.220862928458,6364.4549792805965,7156.265425032251,8016.210645370593,8942.750669810242,9880.675307826867,10551.379371743255
IIASA 2023,SSP1,South Korea,GDP|PPP per capita,USD_2021/yr,53628.399578473865,57772.05220599918,61847.226274999295,71265.1684156644,76186.41823697061,81736.12674243549,80498.16561791998,87582.62881333145,94965.48555538645,100912.50356110581,105881.09784883597,111671.85853385953,118196.38533709665,124737.82796147403,131263.373593324,135340.30157072443
IIASA 2023,SSP1,Kuwait,GDP|PPP per capita,USD_2021/yr,52246.59559671642,54175.67470183096,56150.59962223012,58012.70264343799,59358.81977937401,61805.60297802344,66386.60695745102,75273.26661000357,83747.8290558007,91975.8547573509,99729.97932426272,106500.86691606513,112695.87990176238,118331.75571278213,123154.52240983199,125282.07224793934
IIASA 2023,SSP1,Laos,GDP|PPP per capita,USD_2021/yr,9407.101688553357,11150.087215507447,13527.091294539861,16728.70062271511,20279.234804048036,24555.70395852546,29145.49869081761,34458.88293871743,39706.87726906642,44968.21020190298,49878.837712784014,54306.9557664194,58297.75151793042,62166.50636619988,65896.7121007022,68191.71411658349
IIASA 2023,SSP1,Lebanon,GDP|PPP per capita,USD_2021/yr,14082.51992430116,16095.967341299125,18351.38809883149,21183.456618954617,24148.963761826326,26947.694345033204,29621.10778558101,32339.322111173067,34653.49046305878,36800.395498184924,38863.269414634815,40739.64156676078,42710.25668692256,44590.28964097046,46437.128788293616,48260.089577041756
IIASA 2023,SSP1,Liberia,GDP|PPP per capita,USD_2021/yr,1739.9474328837966,2161.7989316455446,2671.521969376782,3339.3713551247256,4134.66168418941,5158.02738163949,6460.5384585987595,8165.004031517523,10227.124459523393,12667.199457737719,15463.48859913247,18607.922489436583,22011.25405990733,25580.780527641095,29224.768194656033,32364.587192414612
IIASA 2023,SSP1,Libya,GDP|PPP per capita,USD_2021/yr,25308.3978700448,29221.598728905083,33931.72087639869,39400.20298829359,45424.76380730925,52500.22949255786,60006.54114356783,67520.70374912057,73986.64821390367,79870.89906612388,85346.73094276682,90620.9804755053,95518.80379523656,100109.71000667741,104962.09101765155,109916.58266949524
IIASA 2023,SSP1,Saint Lucia,GDP|PPP per capita,USD_2021/yr,17726.39160262058,20277.803555543745,23192.707393504577,26746.95867815901,30553.91361512164,34460.134139650254,38013.00929934165,41984.71575058644,46181.66127376351,50499.956008230605,54540.4665379099,58258.65713292672,61536.09369605987,64697.55340098059,67761.7905993825,70430.4798214984
IIASA 2023,SSP1,Sri Lanka,GDP|PPP per capita,USD_2021/yr,13631.93356135458,15775.395249166859,18357.561318282616,21200.509909409506,24218.17407875251,27290.28629092057,30512.576962727282,33737.5218588448,36819.56016113937,39733.31384290518,42572.07512963161,45367.7540909982,48094.6869348259,50742.57324705099,53285.349521683165,54915.579192110024
IIASA 2023,SSP1,Lesotho,GDP|PPP per capita,USD_2021/yr,2800.4684623577223,3830.5158640374534,5230.627945843352,7050.886694641894,9265.896915211702,11830.695857009798,14655.384773098262,17786.12034803081,21148.976510851517,24562.225593879943,27847.467256775333,30882.45097231159,33721.826727769236,36494.9496645286,39223.493532765475,41146.159216067186
IIASA 2023,SSP1,Lithuania,GDP|PPP per capita,USD_2021/yr,47841.45429467327,49129.75354067897,49837.48942058233,49932.223591705224,53062.999756553036,56745.64967563268,60803.37050417881,64696.2781090809,69865.72595213988,74033.78576486299,77845.64356492556,81932.55923792064,86196.04867221598,90590.64682999026,94698.54876579532,96476.55911953184
IIASA 2023,SSP1,Luxembourg,GDP|PPP per capita,USD_2021/yr,134218.49179159707,141137.91629579393,149025.91623291437,159038.16250679665,169057.90146464758,179760.98749386717,190626.77543491448,206162.56780052494,222475.52521964072,237181.4816218635,250212.32338119295,262296.2168413364,273915.8067962862,285498.75964321836,296443.47481469874,299548.18691337586
IIASA 2023,SSP1,Latvia,GDP|PPP per capita,USD_2021/yr,39623.02504443202,41917.57789370262,44264.216776151625,47662.086094538674,50951.22895424458,54495.59437515254,58583.29106564517,64267.633934879625,69889.6519711848,74510.81341269035,78553.08006465998,82692.97260665246,86857.09835227978,91212.39524300295,95220.47413843867,97541.63507369171
IIASA 2023,SSP1,Macao,GDP|PPP per capita,USD_2021/yr,107294.53170032158,114082.19534647909,123799.37358272365,132597.91404202886,142627.7573570489,153734.89068482976,164776.1887193926,179825.881934444,195866.57515583126,210491.6705434295,222732.68252274423,233818.33153409272,244492.89828550201,256071.4682623678,266610.38126411074,271020.7792788498
IIASA 2023,SSP1,Morocco,GDP|PPP per capita,USD_2021/yr,9709.399369717801,11569.845739240407,13964.312800516764,17206.899435650954,20874.454042079524,25089.693653840754,29651.60177798392,35078.328368635855,40558.71217095689,45850.39018893812,50612.78200564178,54897.71739912574,58866.98816450288,62810.635950571836,66593.03229818441,69199.42136438681
IIASA 2023,SSP1,Moldova,GDP|PPP per capita,USD_2021/yr,13584.62221322095,14437.057464910024,15628.5525641393,17200.440617319593,18832.094405224216,20863.935501176104,23250.754868208864,26684.24090353029,30504.22869495875,34402.351016573746,38139.41487110429,41837.9623559833,45692.8767103493,49897.40270371882,54163.94008780501,57144.10763830788
IIASA 2023,SSP1,Madagascar,GDP|PPP per capita,USD_2021/yr,1822.8506918862581,2490.737009926595,3444.755776284353,4787.957947213191,6592.213964318887,8962.874957506516,11767.113700994325,14971.605238589244,18429.86563635821,22114.000815058134,25843.670731978902,29391.94593247061,32662.87615809408,35789.30417883344,38882.14703643127,41284.10640004772
IIASA 2023,SSP1,Maldives,GDP|PPP per capita,USD_2021/yr,26847.153938113475,30976.32597214396,35737.462682883735,40450.030710177605,44347.59878453817,48214.82405072743,52451.41682786986,57571.388834501886,62690.62208288806,67308.23967075118,70546.53014060271,72788.43479877601,74867.14397457808,77809.44240447911,81298.09350300618,83761.63874947361
IIASA 2023,SSP1,Mexico,GDP|PPP per capita,USD_2021/yr,22456.803564678237,25651.507588593682,29194.16185821738,33037.994446564066,37018.18083829891,41057.36484685177,45011.36940792994,49005.94639930598,53102.74112447159,57002.26782431277,60489.61841782666,63472.92279150248,66178.44161609503,69653.97312560551,73832.85372732866,77488.54548810527
IIASA 2023,SSP1,North Macedonia,GDP|PPP per capita,USD_2021/yr,20219.68473131919,21581.659120097098,23312.719617485185,25919.899255362656,28912.909885290497,32365.43309514459,36153.57337490258,40910.30350681885,46237.53059649816,51771.99238525103,57250.62751184753,62369.32780813302,67296.15950621443,72081.55837607583,76792.37928059378,79847.14665948579
IIASA 2023,SSP1,Mali,GDP|PPP per capita,USD_2021/yr,2575.9938218780894,3492.375892800627,4782.553892241699,6529.977138669871,8729.665901084503,11383.617388848046,14231.661649766042,17205.083425018016,20062.244596658536,22806.820778158635,25346.90891753176,27627.625847875024,29723.750619800114,31712.937320964626,33720.67441546019,34852.21997559598
IIASA 2023,SSP1,Malta,GDP|PPP per capita,USD_2021/yr,60650.15779131412,71393.62376030353,82354.4464942971,90223.52237809359,96246.44236355445,101023.6428880724,105980.74548541314,113697.45741130844,123947.6916751571,134123.12466517297,144063.78150125698,154038.07624269908,164238.36166413853,175229.38420172542,186918.0565714024,194908.2559349388
IIASA 2023,SSP1,Myanmar,GDP|PPP per capita,USD_2021/yr,4826.181410557699,5956.57282859273,7437.145576118831,9381.962130255777,11683.667406086659,14381.918816153191,17379.77326725631,20884.522929202707,24483.180792519164,27903.164948527658,30976.319708348405,33637.45590519106,36048.60424262518,38460.103583162425,40897.37204872005,42524.15345445419
IIASA 2023,SSP1,Montenegro,GDP|PPP per capita,USD_2021/yr,25475.48093625273,26937.644956704233,28805.388423521512,31294.643190322025,34265.063547235804,37349.811238763,40851.141510421054,44665.0730454456,49043.193404402715,53195.39818832962,57183.8901855871,61043.64322360704,64876.13911290632,68701.94394446789,72481.34502504238,74567.46785378405
IIASA 2023,SSP1,Mongolia,GDP|PPP per capita,USD_2021/yr,15161.954251879246,16889.31518677215,19018.008026409774,21754.04896284109,25159.827253117008,29030.4208252574,33199.80378473794,38142.46299452806,43023.01164520868,47531.51540719388,51561.35284234861,55590.86980947052,59798.64037035689,64194.15140064445,68503.21262964961,71137.7116414348
IIASA 2023,SSP1,Mozambique,GDP|PPP per capita,USD_2021/yr,1562.8483207179224,2067.8636519087454,2756.3237542551583,3702.098321134928,4950.33255700985,6625.619303714927,8699.507344839401,11183.283460707378,13969.222639942831,17020.87570822828,20243.677796970893,23484.16875001891,26718.049448360893,29934.56359895873,33151.2803295729,35637.12864779074
IIASA 2023,SSP1,Mauritania,GDP|PPP per capita,USD_2021/yr,6716.881506840294,8370.658745493509,10567.029504879474,13475.191234574657,16947.42775187253,21155.477181123788,25787.60330273313,30662.222708240206,35384.08039852892,39896.26550910993,44170.73864911807,48173.732730350406,51922.76012751395,55460.806698806235,58866.15455720697,61021.97620396385
IIASA 2023,SSP1,Mauritius,GDP|PPP per capita,USD_2021/yr,27591.808417606015,29395.594295327595,31994.29882968935,35454.972922214045,39347.670521462,43888.14729723914,48941.35295517359,54217.29339801673,59789.316324603955,65302.589169293155,70821.68453713728,75937.0198143548,80281.28962534099,85376.22858123563,91386.67998951233,96833.55775324577
IIASA 2023,SSP1,Malawi,GDP|PPP per capita,USD_2021/yr,1713.0091860147727,2266.9406086774497,3003.979130610108,4005.1124732644234,5288.418795994746,6957.30519632197,9063.7330692336,11744.32599726119,14943.1031121063,18622.730985725448,22709.511305269138,27111.839767149828,31731.815849541017,36402.744463631556,41105.40169245114,44925.7880624711
IIASA 2023,SSP1,Malaysia,GDP|PPP per capita,USD_2021/yr,34958.80549649051,39473.40568856929,44426.91856199676,49382.08900140247,53809.50391795476,57812.62903305802,61475.31610105782,66459.27607629393,71173.32435287659,75672.44736916543,79611.33675504131,84327.39215440054,90129.36200484606,97131.29459696608,104908.83230896374,111421.57037762298
IIASA 2023,SSP1,Namibia,GDP|PPP per capita,USD_2021/yr,10757.170330560608,11936.939656903089,13480.91916120427,15563.386402550776,18204.12435701267,21338.635374962414,24876.16137441265,28872.53272674604,33301.69201078297,37869.73689034542,42299.469589934706,46458.17685052407,50443.741646564515,54397.32243967004,58432.865356114584,61240.756001138834
IIASA 2023,SSP1,Niger,GDP|PPP per capita,USD_2021/yr,1670.9666120249708,2270.18734186509,3123.583667188585,4321.051857079973,5940.329735522419,8115.565014504364,10743.023208484643,13687.986257389293,16790.565547628976,19991.87857962803,23167.272038987674,26219.71382390622,29088.12971446487,31841.8552752863,34562.25239399584,36332.65767689784
IIASA 2023,SSP1,Nigeria,GDP|PPP per capita,USD_2021/yr,5711.807023612138,6884.807471957561,8342.986042552257,10170.856855832804,12399.058654598799,15034.972889740044,18013.482834965977,21282.52746432954,24630.756417667486,27955.800019318616,31300.898090185696,34701.70903931178,38097.52840717009,41431.03319244522,44717.57616281289,46757.62980349926
IIASA 2023,SSP1,Nicaragua,GDP|PPP per capita,USD_2021/yr,6875.094558361926,8886.262071565194,11427.542512403063,14469.533368041586,17829.318538205694,21573.245112833323,25444.3894255404,29773.695648585683,34225.50092383984,38783.22586605343,43066.11731565367,46959.49687547285,50465.28474813468,53911.71754747374,57345.27037979006,59831.17697913244
IIASA 2023,SSP1,Netherlands,GDP|PPP per capita,USD_2021/yr,68012.81003779288,72025.71181290681,76223.19568154588,80410.12722126432,86910.04229018174,93356.84255666612,100717.8769327517,107463.03174797093,115546.32677453819,123675.13798157839,131848.20373768706,140246.1598268445,148732.6674941681,157350.25375900877,165789.7415950046,169765.4206919406
IIASA 2023,SSP1,Norway,GDP|PPP per capita,USD_2021/yr,77426.85563109968,81860.17221277716,86661.41881315177,91805.36667584555,96727.59876333944,101552.12204786557,106700.2086510311,114905.15770631097,123532.3112381019,131199.11257547696,138187.3805837647,145461.15716872978,153132.96466409252,160963.26483992086,168228.42089498288,170081.92901685383
IIASA 2023,SSP1,Nepal,GDP|PPP per capita,USD_2021/yr,5103.507060309766,5907.7218379783935,6954.841713396778,8295.979450913985,10000.455647073837,12116.199522242556,14647.273106573639,17621.868565451503,21125.79136014648,25256.20018784697,29908.2675593442,34828.661616029094,39825.76353528285,44798.16616970631,49826.15187048706,53992.520706291754
IIASA 2023,SSP1,New Zealand,GDP|PPP per capita,USD_2021/yr,50165.61396294767,53298.4579274267,56492.24061220033,59822.011018147445,63160.243909366756,65903.28644163911,68368.5447472846,71514.89805065279,74678.8938389468,78122.41880894736,82494.05612785526,87663.20229518974,93592.40950046862,100104.64322104484,106929.95207100258,111472.53396276574
IIASA 2023,SSP1,Oman,GDP|PPP per capita,USD_2021/yr,39332.359157339844,42220.77905143258,45480.58408742093,48375.35274063213,50829.46969802855,53574.64373371875,56582.803360160346,61032.68276759967,66961.83120841546,71710.10843245206,75371.89506887086,79349.86496713416,83876.95240609131,89060.82115743513,94809.39669207523,99073.75465268605
IIASA 2023,SSP1,Pakistan,GDP|PPP per capita,USD_2021/yr,6243.696544985986,7746.162498527456,9706.392367234514,12315.972812596377,15281.76856350276,18628.83262057738,22257.170195696275,26307.38654990103,30423.261473033348,34558.95555091234,38715.543428738034,42759.37153164325,46707.32349929306,50519.98717958144,54185.16488072625,56745.76828389484
IIASA 2023,SSP1,Panama,GDP|PPP per capita,USD_2021/yr,38605.17052553307,40673.19859685948,43294.97072461278,46771.59321594331,50400.853897942165,54427.67807981745,58373.30620906485,62885.89509904775,67146.04904057735,71123.48836432419,74700.10544432547,77736.45909057006,80439.3965449936,82838.49788879743,86292.9207002445,89099.15019789428
IIASA 2023,SSP1,Peru,GDP|PPP per capita,USD_2021/yr,15471.535580049316,17465.360435007497,19808.86511995694,22526.99165903354,25346.537096647073,28402.40593786524,31647.008442597868,35435.73810802724,39306.57281568964,43055.90273251848,46565.56436209689,49960.646855671825,53279.26218900278,56534.133009889745,59788.05636176627,62005.169299382826
IIASA 2023,SSP1,Philippines,GDP|PPP per capita,USD_2021/yr,10955.941633111128,13703.854164838944,16912.383493689933,20399.709581188676,23902.600532540127,27449.650371774027,30911.64374888228,34683.80271772512,38327.32396039228,41773.9839628774,45041.09152103858,48291.16806553833,51405.36429481953,54374.679492625335,57273.891529539855,58937.48677862017
IIASA 2023,SSP1,Papua New Guinea,GDP|PPP per capita,USD_2021/yr,3872.5153434954314,4427.327277692078,5219.979839454201,6420.449419058807,8037.36255425904,10145.004674813008,12670.857679619365,15696.92960500894,19113.58027889111,22793.954937485993,26534.92244479099,30157.475807070903,33643.35215592762,37079.51903432678,40451.58292835987,43045.5198954367
IIASA 2023,SSP1,Poland,GDP|PPP per capita,USD_2021/yr,41832.32101143588,43391.94147339238,44800.83648891633,49729.17944074644,53519.611680746864,57326.43454788179,59687.560662034644,63792.381885475785,67681.46382964002,70948.16820960365,73768.9453329501,76934.76884180392,80143.45381337534,83686.49675370182,88330.8835352947,91652.92661438114
IIASA 2023,SSP1,Puerto Rico,GDP|PPP per capita,USD_2021/yr,38810.20652592784,40950.60247010143,43249.53389947364,45171.48019219998,48115.5113650622,51467.72019517347,54570.4298080026,57791.110048349154,60998.490678372975,64070.77862900684,67025.72394425738,69951.12634700559,72806.12632634562,76744.06063586773,81508.56607110769,85704.39100009955
IIASA 2023,SSP1,Portugal,GDP|PPP per capita,USD_2021/yr,42226.472532038904,46486.644352830874,51341.28514576616,56682.7278032481,62284.6402974186,68169.69905329843,73329.63040000519,78502.88253425102,83261.64630178254,89067.5228017745,95613.94197862956,102732.52685425243,110176.95338799137,118045.69537184367,126045.46305132401,131173.42646426946
IIASA 2023,SSP1,Paraguay,GDP|PPP per capita,USD_2021/yr,16317.646935476794,18909.095217527436,22159.548336855125,25983.830605883824,30025.59688011667,34351.4333281059,38636.084744072345,43308.98075737979,47830.274507968374,52316.434111592425,56396.89682599276,60065.953363714536,63177.55353006704,66189.32239716772,69054.8863192614,70837.71076652185
IIASA 2023,SSP1,Palestine,GDP|PPP per capita,USD_2021/yr,6540.461235613438,8263.684704624113,10283.696867318886,12384.88518611991,14672.981396657906,17052.19349888976,19335.611734309634,21541.232904657543,23652.046173363706,25633.755965977267,27509.463947157532,29277.604885763605,31001.369200447734,32747.777742281087,34454.61840137464,35382.441129645034
IIASA 2023,SSP1,Qatar,GDP|PPP per capita,USD_2021/yr,99568.19628409558,104054.7143257507,109883.0825174594,115288.12139903897,117726.8764619188,119743.87413396423,122896.65125054859,130694.96008931471,142100.12120114896,154562.3189934088,164783.4246776273,173153.01011425102,180559.58036507756,187683.2513053583,193868.05197837471,195771.86467156705
IIASA 2023,SSP1,Romania,GDP|PPP per capita,USD_2021/yr,40214.377212839885,42475.62859168892,45608.97496132,50150.4857202338,53197.30767644827,57253.48112434006,60999.10168541908,68232.28581135029,74726.51440082154,80161.30627976859,84718.5596351616,88910.21043311407,92943.80090361982,97120.60164102654,101382.86930976357,104802.74497333368
IIASA 2023,SSP1,Russian Federation,GDP|PPP per capita,USD_2021/yr,31632.94768439702,33691.77117973657,35632.15609522273,38542.08801586566,41292.19124407233,44297.050797137694,46918.88427133091,50789.37211244797,54343.73664406915,57243.15087517873,59886.621251376426,62580.14884286155,65497.740608836546,68532.92351751827,71970.24205758864,74473.89017877195
IIASA 2023,SSP1,Rwanda,GDP|PPP per capita,USD_2021/yr,3014.9030008461586,3926.110539747549,5219.105617723179,6951.474222168141,9125.700591672281,11775.543555566988,14853.88816203019,18383.0818410091,22129.30779551024,26047.222624563263,29977.93758732084,33732.36769537265,37189.7074753727,40443.468165035294,43644.41337705183,45950.76616041114
IIASA 2023,SSP1,Saudi Arabia,GDP|PPP per capita,USD_2021/yr,56406.21262489598,57939.85304541941,60000.76065785089,62275.58672901441,64365.619880652106,68067.58418515665,72611.5869411165,77564.36633048685,83202.11453571002,89743.23686513043,96579.03699812826,103366.60057512815,110040.02596544048,116599.87781308369,123115.22064417228,127548.77180620046
IIASA 2023,SSP1,Sudan,GDP|PPP per capita,USD_2021/yr,4133.296704634066,5064.781506724904,6314.127462621322,8009.116473907696,10067.19297964648,12553.282515438612,15418.075201265989,18701.49219212785,22123.492153016214,25511.22634188283,28862.24401070986,32124.848181390582,35364.2305505304,38589.444488202826,41923.70914710197,43991.959686540795
IIASA 2023,SSP1,Senegal,GDP|PPP per capita,USD_2021/yr,4722.71299645703,6118.018247503175,8008.829138503535,10507.961188197132,13525.35653506116,17285.430480790492,21596.55362258682,26247.2352617677,30816.07142906758,35207.99795083369,39433.97286079726,43394.72020537362,47113.33788486977,50680.61165611675,54130.5510517602,56276.29122197394
IIASA 2023,SSP1,Singapore,GDP|PPP per capita,USD_2021/yr,117006.72943777576,125745.03375684845,138090.22974953847,150005.91105430148,164125.95851480626,175850.05521963176,185322.4171885574,195835.6460007161,207617.5303301028,217228.03404031234,225866.86952061873,234105.7855274348,242041.26777225317,250437.97530712638,259215.39937874785,263884.3093088162
IIASA 2023,SSP1,Solomon Islands,GDP|PPP per capita,USD_2021/yr,2234.878761376316,2952.2547352496745,3905.5952692090473,5157.542176852226,6743.592175226866,8735.216865704379,11047.818182429093,13693.233537606082,16515.630495120964,19469.236209502124,22392.42619391809,25222.034624073367,27915.799684155714,30574.334046912067,33202.55053019263,35251.71932469857
IIASA 2023,SSP1,Sierra Leone,GDP|PPP per capita,USD_2021/yr,1953.4506075073934,2509.328619582774,3298.2528966021914,4377.9631379603925,5813.737339259737,7709.969323682984,10047.65176464312,12803.802432176,15816.752789526983,19020.29660327018,22301.418321632973,25553.79186652121,28724.425394516496,31833.03757817565,34967.94073674157,37394.21166943034
IIASA 2023,SSP1,El Salvador,GDP|PPP per capita,USD_2021/yr,10945.939459025978,12584.166413393988,14621.042878063954,17275.8650311216,20335.002780851355,23880.58546733321,27580.50077013722,31693.451839525336,36095.58280472392,40949.16910906381,45757.79444008269,50185.24726181505,54428.79411535918,58531.4392513485,62569.30121417063,65513.89051166609
IIASA 2023,SSP1,Somalia,GDP|PPP per capita,USD_2021/yr,1144.6942371701348,1640.9266066239406,2367.1335879598128,3391.0890269037254,4728.1353622398055,6476.042783186009,8571.053676593452,10994.50692853488,13550.777190568033,16212.753017261091,18872.810853764302,21463.27783541039,23970.887279487462,26428.742227602346,28919.819690960183,30628.27317380163
IIASA 2023,SSP1,Serbia,GDP|PPP per capita,USD_2021/yr,23490.563921281515,25609.29411499217,28159.669899746164,31382.889470080114,34657.54095168039,38286.98855031097,42015.00765599076,47548.37897416473,53456.1179414819,58888.36373635306,63946.96188192018,68589.70857373782,73084.47185014159,77517.61498508135,81884.5746880561,84439.96540609661
IIASA 2023,SSP1,South Sudan,GDP|PPP per capita,USD_2021/yr,697.3814311736165,1095.6968608530835,1680.6718900062704,2512.8423606311085,3660.84107833983,5175.112376627408,7023.085562832203,9134.929882232685,11430.497291141693,13857.3910688618,16447.992831789903,19140.289540865044,21998.231120385364,24923.22113076576,27805.322142987006,30036.24449442601
IIASA 2023,SSP1,Sao Tome and Principe,GDP|PPP per capita,USD_2021/yr,4584.224745615541,4945.812880956198,5508.679595716411,6423.240601568485,7773.642966846687,9728.519291057206,12396.592268409537,15774.445180105196,19743.859036622238,24245.22891420941,29158.635221593384,34233.51541345483,39262.77963863315,44207.81433444644,49083.18865801884,52929.89165970425
IIASA 2023,SSP1,Suriname,GDP|PPP per capita,USD_2021/yr,17456.681432572444,19865.708997638736,22805.67816427043,26164.881691993814,29684.789044557452,33348.69320911256,37320.854260175656,41846.10183477302,46355.336879524846,50742.30731126332,54935.16972477217,58787.022744050875,62284.16570424736,65590.68162926337,68807.51262301463,70759.879568769
IIASA 2023,SSP1,Slovakia,GDP|PPP per capita,USD_2021/yr,39080.32748192345,42619.68395908551,46235.47337959149,49800.51561229664,53358.34232178005,56891.046571885236,60334.54696502705,64307.90204624374,68390.48379498764,72117.47402503908,75480.96364584104,78693.17926797805,81906.89965998611,86455.0800061939,91994.26907752536,96153.84958033857
IIASA 2023,SSP1,Slovenia,GDP|PPP per capita,USD_2021/yr,49762.148251659295,54134.10543280708,58553.54135525858,63771.079028253596,68135.66912410944,72446.10158226729,76120.18362191819,81347.81342391891,85812.67563911706,89518.9739895567,94042.11516821552,99549.47279818851,106085.55063548802,113487.48226416587,121311.21479850962,126648.01227652366
IIASA 2023,SSP1,Sweden,GDP|PPP per capita,USD_2021/yr,62942.20997805262,67211.51163663094,71155.22729312077,75228.64096186323,79079.76977803513,82558.91083493049,86216.4926281615,92435.5621284615,99602.13924496982,106297.38354007943,112496.87467366057,118792.10981089577,125316.16724515148,132178.2730256171,138825.7923544654,141073.9754030794
IIASA 2023,SSP1,Eswatini,GDP|PPP per capita,USD_2021/yr,10328.264267409431,11415.827068189268,12899.719452237352,15220.133254609696,17780.47594739804,20793.586229359666,24345.730106895688,28870.323529669666,33806.15568813503,38839.045457807806,43884.62707424812,49014.17475110584,54195.606106081876,59381.55238600333,64468.65706761077,68201.12482072278
IIASA 2023,SSP1,Seychelles,GDP|PPP per capita,USD_2021/yr,35391.74563950753,38528.368745986896,42221.39237599847,46480.097192750356,50817.17702881689,55434.347769970766,59736.38879689181,64608.711243344245,69544.40553972502,74111.17237482978,78043.07407596173,81626.75297476693,85657.41429785387,90768.13802916012,96619.64533621946,101326.30394898192
IIASA 2023,SSP1,Syria,GDP|PPP per capita,USD_2021/yr,6814.555481173188,8066.340978437061,9717.310965082885,12356.959579801925,15461.430326765028,19006.90112817392,22615.978441968477,26524.39309069004,30327.806251809507,34147.74665080797,37988.04385825131,41927.27261614056,45918.20068155249,49306.20870277995,52484.46755853914,54922.953255879285
IIASA 2023,SSP1,Chad,GDP|PPP per capita,USD_2021/yr,1639.6449857918872,2076.2522386505093,2672.8443337946824,3530.8807572338424,4715.8710140289295,6338.182164884709,8363.200590877372,10753.462583854538,13397.105122452402,16232.109541289283,19124.874958864413,21994.209906581505,24765.527914297792,27474.00511859762,30181.10437838126,32172.361484692385
IIASA 2023,SSP1,Togo,GDP|PPP per capita,USD_2021/yr,2712.76892736778,3589.381713023133,4797.892289677661,6460.452906526855,8663.831652086148,11444.838354164069,14609.328811860889,18114.91672509874,21778.99095480955,25571.778235352645,29264.803343265456,32755.317122679662,35994.20950632627,39093.29934247842,42166.63593588864,44396.933630579726
IIASA 2023,SSP1,Thailand,GDP|PPP per capita,USD_2021/yr,21334.813899217916,24205.973259126775,27613.123200365742,32203.358266591986,37257.497741463354,42575.410771175586,47362.49131510596,52709.29555492835,57531.19211795204,62319.50611600218,66649.51293184,70500.25233874239,74113.60782376023,78158.2224080806,83656.94509071404,88736.04225732731
IIASA 2023,SSP1,Tajikistan,GDP|PPP per capita,USD_2021/yr,5014.026638239336,5716.1314168326635,6520.305918328269,7761.676829758587,8955.901937262946,10331.87090323487,11710.251173672572,13903.825793338725,16344.777540292642,18943.542573807328,21646.946395147414,24442.467719801185,27434.085786410866,30675.621521780053,34178.671998659134,37290.99499079535
IIASA 2023,SSP1,Turkmenistan,GDP|PPP per capita,USD_2021/yr,17865.499138209703,17894.787020915897,18161.948963019353,18536.694635147855,19071.64455705192,19975.357446387465,21200.031877293204,22714.462742854983,24390.840535347837,26031.057809797025,27620.3294918526,29183.587263842997,30835.46839150208,32650.081752273538,34550.453378659804,35808.9393096217
IIASA 2023,SSP1,Timor-Leste,GDP|PPP per capita,USD_2021/yr,3340.047401927223,4583.6168882831225,6275.618378716255,8426.698226296525,11021.377751209197,13878.451455077307,16864.914401615697,20073.799330033118,23414.37626607907,26768.605475136144,30190.605080174515,33649.13128850012,37012.18339081765,40307.87599469665,43467.99978542036,45627.124701234956
IIASA 2023,SSP1,Tonga,GDP|PPP per capita,USD_2021/yr,6300.101809042259,7459.616837739589,8878.575182818326,10467.9841824518,12194.012223384838,13938.80382103959,15740.237589053893,17592.9467406279,19354.47966872851,20988.951511214364,22576.073573339665,24142.12226705629,25689.55027154335,27222.794484229904,28693.845991598842,29590.86352133859
IIASA 2023,SSP1,Trinidad and Tobago,GDP|PPP per capita,USD_2021/yr,28313.762179574864,31719.01455938638,36176.442402950306,40487.62780187446,43656.79592984709,46007.78821886962,49365.86008471838,55161.9016480995,59910.02087890965,63936.33540678275,67390.40860813581,72223.33128519359,78155.15595919847,85087.52376035228,92692.96031984533,99439.65976800954
IIASA 2023,SSP1,Tunisia,GDP|PPP per capita,USD_2021/yr,12129.795590355454,14722.111633301798,17981.306423574657,21386.293655596124,25216.42361192837,29858.63206181262,36197.87114032978,41835.329784801695,46996.252227438046,51151.5018059853,54521.767106804014,57519.83127621316,60620.616182707075,63896.92091349154,67605.45296072692,71521.20849295169
IIASA 2023,SSP1,Turkey,GDP|PPP per capita,USD_2021/yr,39516.71523692478,44004.081016435346,49450.25696659346,54446.84196455031,59550.489218342096,64406.22235950334,70466.1762251657,77768.03602552878,83962.4598647965,89100.38380024764,93871.02837074222,99588.96190855603,106069.71702329433,113495.40382703913,121227.84683574259,126459.52809868663
IIASA 2023,SSP1,Taiwan,GDP|PPP per capita,USD_2021/yr,68823.89853532072,75487.09862961837,83619.80783536744,89235.87470208423,93818.90233067427,98418.91992879099,105253.41119530816,114728.61649835839,125142.66981011775,134649.40302928645,144117.51226346352,153966.1524138703,163192.27764084685,172242.06710707262,181747.506755438,187182.29321692238
IIASA 2023,SSP1,Tanzania,GDP|PPP per capita,USD_2021/yr,3336.9172183432293,4536.243821644554,6293.242418103135,8747.426747841328,11900.114360350664,15900.391580981164,20503.91316656387,25510.001208906146,30475.771976313332,35383.00918035276,40072.154060404544,44358.44352166705,48212.43316693237,51953.65995183102,55664.54818214655,58179.47734765948
IIASA 2023,SSP1,Uganda,GDP|PPP per capita,USD_2021/yr,2954.0892261907115,4172.040152193867,5946.542496683787,8375.984324315517,11384.706198350921,14986.685103515514,18985.484457167047,23223.12441734282,27515.40613780503,31756.63898374965,35971.374285061305,39991.536486049714,43795.950492043965,47445.60564855183,51056.32269602065,53576.15645692583
IIASA 2023,SSP1,Ukraine,GDP|PPP per capita,USD_2021/yr,12088.514480434353,13516.493920800747,14978.198605060872,16476.962448070713,17908.40927736799,19567.22644871683,21665.17771132479,24008.61252671762,26504.59683729686,28816.07142345801,31033.22932293684,33318.781561869815,35653.970673171905,38001.337747107544,40250.95691640361,41430.14965352245
IIASA 2023,SSP1,Uruguay,GDP|PPP per capita,USD_2021/yr,28663.346755475402,30863.093457656727,33446.9231889318,36686.91406100662,40298.61981596774,44648.454986487486,49216.60848771481,54582.756280906775,60128.94032648185,65654.06916788929,70563.11082709744,74875.00189309208,78912.31145123347,83025.44202547571,86592.45216933878,90153.18741798196
IIASA 2023,SSP1,United States,GDP|PPP per capita,USD_2021/yr,72808.75912376409,75540.07492409006,78525.50947022467,82006.96061855371,86013.49102049948,90834.21065128648,95901.27302934778,102011.9690882908,108330.78503235332,114399.10538592933,120451.46910450836,127070.69893045186,133999.61679397797,140955.0432435632,147452.64886853512,149737.07718270103
IIASA 2023,SSP1,Uzbekistan,GDP|PPP per capita,USD_2021/yr,10383.702103056628,11299.252654474798,12320.137066887663,13602.628107742312,14676.01168868769,15825.576899959842,17018.46071623199,18660.398185826325,20458.409381925114,22238.50037675795,23991.888718379978,25709.47261782913,27421.382577934935,29186.328323979447,31055.726549454615,32415.757360578933
IIASA 2023,SSP1,Saint Vincent and the Grenadines,GDP|PPP per capita,USD_2021/yr,19097.660328450405,22353.886000438975,26209.020378782272,30657.172688645027,35399.09328257406,40590.54161907981,46186.78071467062,52180.632696569584,58397.80782780821,64568.650980393366,70256.60259845664,75460.81368800941,80646.57380921041,85689.66744001934,90467.46315555627,93440.26091982293
IIASA 2023,SSP1,Venezuela,GDP|PPP per capita,USD_2021/yr,6765.44097273708,8263.264197852692,10201.515718192091,12608.729157256917,15435.62637753276,18466.84463176676,21724.926847818293,25384.203678493886,29033.684307184347,32618.03227769035,36187.89844394227,39883.49819484549,43702.96578291934,47615.177187017725,51403.77283727617,54538.91726735427
IIASA 2023,SSP1,Viet Nam,GDP|PPP per capita,USD_2021/yr,14994.7101539757,17784.29548567729,21327.43547969846,25641.843637364953,30972.999935581825,37448.005770939024,44632.70929501885,52443.51742172269,60950.41365746011,69282.74343584415,76571.80563367653,82817.43985106822,88284.12417547303,93831.03930592192,99171.80997307127,102863.79495853535
IIASA 2023,SSP1,Vanuatu,GDP|PPP per capita,USD_2021/yr,2854.4419398307905,3521.7553621499815,4360.8270609109395,5452.22754245562,6772.855028769817,8339.542501010019,10115.987343600507,12188.784642291168,14476.037282492769,16833.549753978317,19142.94962660823,21330.891612669624,23444.54998955236,25518.38374920806,27580.135608097447,29110.40661612956
IIASA 2023,SSP1,Samoa,GDP|PPP per capita,USD_2021/yr,5489.28222163332,6828.296329273215,8440.34461197349,10287.494869232447,12409.05521946504,14972.13751957333,17728.100383239827,20566.706967819493,23288.325421471283,25889.07859759583,28403.773078385573,30840.591368979723,33243.129537822024,35712.74763046983,38222.8535010105,40018.38385555591
IIASA 2023,SSP1,Yemen,GDP|PPP per capita,USD_2021/yr,1929.8595197899629,2266.3481188132355,2867.0482353672437,3578.290916821037,4414.2287371319435,5808.337756580303,7684.5649085270115,10103.56419946086,13113.993108960383,16882.450503934557,21489.47589853954,26578.57449909908,32138.41256397527,38092.59708554113,44342.61349757023,49855.76584578689
IIASA 2023,SSP1,South Africa,GDP|PPP per capita,USD_2021/yr,15179.015445891553,16843.93307477108,18823.248842865425,21336.670239469953,24148.814315457446,26969.356680367473,30049.156999808,33918.60644207909,38595.987843841045,43431.764663825794,47920.439608793386,52253.67073622248,56427.12100687862,60483.73411077253,64332.618672944845,66757.25520194438
IIASA 2023,SSP1,Zambia,GDP|PPP per capita,USD_2021/yr,3861.881528289441,4847.843292954987,6157.802289289052,7938.783279977527,10179.848767295725,12938.532238071768,16076.600808448768,19593.863369304723,23277.168521720447,27001.217598174764,30642.993073574366,34161.86576505673,37559.86788383783,40908.66860027731,44258.97883584432,46693.29422389704
IIASA 2023,SSP1,Zimbabwe,GDP|PPP per capita,USD_2021/yr,2387.493625033847,3124.8438786633214,4044.3308389777167,5119.034171249087,6325.951140186539,7713.480793580485,9325.28985338486,11180.793658956398,13184.765680937664,15304.531552610995,17559.043927465715,19881.297688874463,22311.409474611915,24863.02332378747,27437.898499579722,29413.870813266658
IIASA 2023,SSP2,Aruba,GDP|PPP per capita,USD_2021/yr,46259.590698696884,50848.85235154799,55565.422625547246,59805.86219395785,63989.56929475248,67802.04666413402,72043.31403904011,76041.77070140003,79718.93283386568,83836.06024284357,88956.0745912862,95100.39852266264,102147.60240975536,109845.86573630733,118015.33281703698,123256.39736337935
IIASA 2023,SSP2,Afghanistan,GDP|PPP per capita,USD_2021/yr,970.5738308257957,1153.6072002080573,1366.3241979197205,1592.2660505603335,1844.598983970128,2129.4934597087345,2450.109751031919,2808.281995387611,3208.9114452189433,3665.541768594934,4179.533639597408,4763.119319881458,5417.807298578636,6145.691058621855,6943.533416843787,7523.510670564926
IIASA 2023,SSP2,Angola,GDP|PPP per capita,USD_2021/yr,6728.837622304223,6769.973045306304,6895.816454654479,7102.570314064103,7364.356920884103,7719.40200012233,8146.541227645886,8642.905298645885,9195.779122885324,9821.339114279821,10496.00937102099,11223.390319123813,12004.607508478193,12870.583818549067,13788.555430627519,14171.368352253565
IIASA 2023,SSP2,Albania,GDP|PPP per capita,USD_2021/yr,18765.844986489567,20357.43983624787,22306.395534209856,25120.645056855483,27612.839765943034,29934.73482778244,32431.935675787772,35391.32696534646,39193.36478156185,42987.075849743,46699.89748289666,50265.64759938359,53884.13463234357,57513.39481552422,61360.12111994476,63628.288668008594
IIASA 2023,SSP2,United Arab Emirates,GDP|PPP per capita,USD_2021/yr,88587.10570081664,105464.73739555187,124001.16228213071,137933.35085564994,148802.5740993824,156538.30694052312,166266.12002315183,177365.9514538039,190568.43560797616,203026.64103072195,213208.84414844748,221864.03448620523,230120.53634362714,238346.46532137017,246378.44855071313,248315.02731554976
IIASA 2023,SSP2,Argentina,GDP|PPP per capita,USD_2021/yr,25974.48564396299,27815.453717510176,29863.9818525095,32006.475926829116,34586.97002457733,37388.248679379576,40220.52320823002,43148.543267858375,46248.1058363414,49426.210282226355,52384.308385197124,55264.2581013292,58200.568146751066,61246.147226510286,64091.62207657593,64883.771058670034
IIASA 2023,SSP2,Armenia,GDP|PPP per capita,USD_2021/yr,20686.58419199357,21684.589576493956,23037.429649512123,24881.15208216889,26879.18196105966,28942.943768943074,31327.733459207102,34091.9776832974,37159.5324853473,40113.079067173174,43057.36309662977,46097.31068503029,49381.233636597026,52744.00527773751,56068.21464006437,57408.32369778396
IIASA 2023,SSP2,Antigua and Barbuda,GDP|PPP per capita,USD_2021/yr,25420.207141623883,28129.376747360315,31107.880042155717,34846.478561490614,38984.16532489897,43141.85251712512,46894.37496406782,50611.80130472219,54283.936611845944,57936.1847115719,61544.03510063694,65128.37663770745,68612.25796014503,72015.16052364236,75293.04711093141,76200.71980356205
IIASA 2023,SSP2,Australia,GDP|PPP per capita,USD_2021/yr,60548.811878279485,63481.11598355476,66537.43953438924,69290.52318298038,72501.34210711066,76115.97520692482,80127.94004453112,84588.03254724636,89434.8484178135,94216.42567551145,99002.77524477008,104067.56306162135,109478.7082512174,115176.05120712669,120934.32825512115,122838.07069790192
IIASA 2023,SSP2,Austria,GDP|PPP per capita,USD_2021/yr,64649.93850963713,67593.41580755843,70808.62773606864,74345.10022472871,77512.87667534851,80771.58416585554,84153.25253789824,89116.04839965022,94749.55387910418,100714.15474930174,106724.45216596033,112898.35346472553,119301.45230688585,126054.25157894072,133000.70919677572,136337.12415043765
IIASA 2023,SSP2,Azerbaijan,GDP|PPP per capita,USD_2021/yr,17488.10434687623,18327.178897363174,18960.08230895911,20122.187410373863,21869.944170338564,23751.44099757709,25698.67760381768,27814.1716592594,30200.085914592255,32697.00839681139,35149.74740298179,37642.59459089366,40334.496340396996,43148.61151943952,45923.35769080968,47170.512195893956
IIASA 2023,SSP2,Burundi,GDP|PPP per capita,USD_2021/yr,856.1690726213993,1151.3558411541762,1499.4288043566712,1851.0197863763137,2220.755309380343,2597.1105580452336,2991.3214464451416,3413.585460224665,3882.487885480957,4387.5706482685655,4937.8879371628855,5547.319532042693,6251.873391759663,7042.568066965193,7921.280410680598,8552.111540087162
IIASA 2023,SSP2,Belgium,GDP|PPP per capita,USD_2021/yr,60438.296131157986,64568.13976387226,68507.76203324225,72629.58080792133,76210.97623326904,79276.09630956643,82546.16684349312,87117.08632942621,92241.37201868945,97328.87869721261,102525.68558995426,108207.01554771952,114388.75143986577,120912.55572803004,127432.65890780301,129905.99613929236
IIASA 2023,SSP2,Benin,GDP|PPP per capita,USD_2021/yr,4219.7123901054965,4827.816184495776,5520.47219344658,6246.838495097178,7067.116696960712,7981.485172892819,8983.03276307369,10072.761503345666,11232.137038184037,12485.30362028012,13793.416968614969,15189.484414348346,16636.139239311964,18166.67917201926,19760.074132166916,20607.646426417854
IIASA 2023,SSP2,Burkina Faso,GDP|PPP per capita,USD_2021/yr,2663.5750179574993,3062.1623104796436,3469.1418378027265,3835.3785750527,4157.519052436479,4449.173594862792,4741.564452616021,5059.048374396085,5410.498527254482,5797.08229922443,6218.601367670816,6694.143454262988,7242.192728125624,7883.120279140558,8618.451518359503,9078.556539636402
IIASA 2023,SSP2,Bangladesh,GDP|PPP per capita,USD_2021/yr,8675.8015216864,9463.672576839117,10448.575835388887,11652.935346288119,13052.062069957141,14633.392431714625,16473.875151770426,18630.39928139811,21130.435556487835,23986.229342211416,27252.977557859314,30835.597013333554,34618.44553331143,38536.01399363996,42658.9440494284,45667.767694494476
IIASA 2023,SSP2,Bulgaria,GDP|PPP per capita,USD_2021/yr,31097.959460487655,32787.11324752612,34772.37164818165,36750.14601180132,38717.52845797513,40788.60379311897,43187.95839009953,46012.86731743876,49119.06034880736,52093.7024940759,54934.25712874,57820.75959078208,60808.977203984476,63855.32242705286,66864.83670863294,67879.14824511237
IIASA 2023,SSP2,Bahrain,GDP|PPP per capita,USD_2021/yr,56935.37626666664,57681.43134554719,59400.50251368593,62255.442069310106,63006.29339296893,64584.08126338311,66555.87552288176,70993.42482090677,74766.53865892063,78176.95107655917,81550.24446626926,84917.36065869883,88400.8199616429,92019.66991922751,95571.50834832621,96439.83763904091
IIASA 2023,SSP2,Bahamas,GDP|PPP per capita,USD_2021/yr,39255.63509949302,42261.24390073191,45144.55923108299,47474.26203701405,49942.176954932234,52753.28051141209,55439.48462394172,57771.24769989081,59990.00864282964,62177.320240107314,64404.36567937081,66704.52487483215,68970.05484738405,71518.95780074286,74784.62255507753,76418.69399667378
IIASA 2023,SSP2,Bosnia and Herzegovina,GDP|PPP per capita,USD_2021/yr,20424.87591433465,22696.479598369922,25419.53153162487,28413.783422000623,31271.977172985906,34109.32794101075,37233.40597820135,40464.758943871035,43775.85083763895,47172.363077407885,50562.62100063986,53947.708053172326,57401.745641375426,60969.03680285846,64595.970237020934,66559.18690638758
IIASA 2023,SSP2,Belarus,GDP|PPP per capita,USD_2021/yr,21301.566619848956,23432.559110341797,25478.082209052125,26886.700066185866,28582.234230598755,30305.9841326824,32270.434803302367,34236.08170100826,35975.049128922146,37513.335698833034,39136.539715457904,40917.45300745471,42828.31666646275,44725.157897526864,46462.249705653376,46706.56229672856
IIASA 2023,SSP2,Belize,GDP|PPP per capita,USD_2021/yr,10915.142541324594,14052.128673106236,17759.786572325822,21466.66897344971,25134.929801494283,28623.821061746537,32017.671495734274,35386.108371694514,38835.15091945451,42353.61567974227,45917.37393119535,49406.28680600357,52712.484028338135,55915.56966406454,59108.87671090897,60581.6208471405
IIASA 2023,SSP2,Bolivia,GDP|PPP per capita,USD_2021/yr,9312.74903413124,10752.32369765466,12343.57789875334,14026.736615998992,15767.276686989902,17535.97317976886,19285.868193096703,21079.760985354977,22940.34791284358,24819.992242710458,26708.169245676072,28585.820958596465,30483.77437378906,32393.597861192397,34275.07153226429,34992.682671674556
IIASA 2023,SSP2,Brazil,GDP|PPP per capita,USD_2021/yr,17236.189442124272,18444.244802681736,19897.126262195423,21712.57209974769,23796.002418786582,26211.602147228197,28707.90552504445,31499.935218331746,34328.576247612145,37293.347883726165,40270.36928144205,43201.55325292881,46060.07690817657,48963.14807573499,51763.195302816486,53068.916552416435
IIASA 2023,SSP2,Barbados,GDP|PPP per capita,USD_2021/yr,18636.047645526636,20396.74918223606,22545.628855552077,25338.734441015316,28636.51228080022,32042.669101205796,35260.03123380906,38430.80179429639,41621.24126063452,44809.39407209695,48055.68913500952,51298.30079555274,54456.96565299158,57520.97692768311,60519.46409218734,61703.543454142426
IIASA 2023,SSP2,Brunei Darussalam,GDP|PPP per capita,USD_2021/yr,69649.4238487567,72239.27806697827,75159.34461233683,78122.0287587093,81373.4481062842,85147.95985478665,89688.25292165439,94769.56633675512,100139.79845332648,105490.40754442025,110972.0711039083,116328.3517051181,121903.26895620722,127685.90314154998,133481.5365496563,135380.7970610889
IIASA 2023,SSP2,Bhutan,GDP|PPP per capita,USD_2021/yr,13394.597278999054,14595.36804774663,16085.892330689307,17860.0394636564,19897.565334878822,22058.84152823142,24586.57804768398,27244.00383235708,30182.72753091137,33172.75949109055,36177.84810113074,38967.891314156055,41662.471823829525,44191.5438275464,46710.603629537756,47897.205126064284
IIASA 2023,SSP2,Botswana,GDP|PPP per capita,USD_2021/yr,18677.70264606938,21086.668498022627,23585.20077893765,25905.44244626823,28325.153776655883,31263.296196546322,34305.48835232719,37291.24851738751,40309.5652838019,43277.44584264166,46078.62177587044,48805.31600575565,51455.55952451596,54198.35760402951,56860.991065401846,57308.567521258534
IIASA 2023,SSP2,Central African Republic,GDP|PPP per capita,USD_2021/yr,918.4216425449276,1172.873176327468,1475.1280354661953,1808.5416744611664,2174.130070738635,2578.171415221738,3052.878111506717,3603.3894680426874,4246.9745992446005,4995.124496242655,5886.075120926739,6933.821443691216,8132.096112089012,9470.305391131942,10951.013135609779,12080.621730571092
IIASA 2023,SSP2,Canada,GDP|PPP per capita,USD_2021/yr,57761.557397293866,60362.98156673412,62234.157388696614,63860.43450263238,65816.04355357605,68245.93962797694,70064.17037792147,72319.422182076,75057.09322836078,77718.05656364263,80638.53551104708,84054.64205686489,87906.20012841313,91998.99221765534,96163.6664153777,97350.2289977744
IIASA 2023,SSP2,Switzerland,GDP|PPP per capita,USD_2021/yr,81309.83561382566,86041.65831895385,91174.62498147512,96111.8519971254,101473.63657566825,106934.67758035379,112983.13451458573,119694.21748608844,126660.67655827382,132917.4643140409,138537.7105894391,144031.63089591297,149641.00218441716,155447.80891667187,161232.01089046447,161716.15586817337
IIASA 2023,SSP2,Chile,GDP|PPP per capita,USD_2021/yr,28559.94972921395,31840.48458801522,35209.97246329657,38427.20135805194,41826.06560189264,45048.97376790573,47882.35141739678,50319.74373909999,52523.87569680138,54599.24390759985,56581.95440442466,58548.32257899567,60578.52718617191,62664.82344033976,64568.229988290084,64754.36609488196
IIASA 2023,SSP2,China,GDP|PPP per capita,USD_2021/yr,17269.990479454755,18935.333013638763,20930.479573306882,23569.565691199165,27344.089030173393,30952.547955504033,34221.438454185045,38287.66018367639,42694.03620637173,46751.1064473141,50193.00824605318,53315.29452176264,56695.212674590104,60835.07492887747,64184.077014727896,65279.1098735987
IIASA 2023,SSP2,C?te d'Ivoire,GDP|PPP per capita,USD_2021/yr,7014.89772910707,7648.264937979948,8428.832188482322,9363.353252778797,10485.578324779468,11802.242838624916,13296.14500672099,14922.57600896126,16688.698341750023,18568.676311757492,20557.889984117926,22697.632193261546,24984.39733061116,27341.90930963148,29810.93810330462,31229.114311196063
IIASA 2023,SSP2,Cameroon,GDP|PPP per capita,USD_2021/yr,4432.499783163288,5459.792557749681,6671.400888028169,7972.173248782734,9348.41250249667,10818.122799674147,12350.692645441894,13971.635228752848,15655.432319085941,17359.437997889323,19102.825954430507,20888.296289887367,22722.963240360248,24627.977725269775,26585.798007740803,27555.755338292107
IIASA 2023,SSP2,Democratic Republic of the Congo,GDP|PPP per capita,USD_2021/yr,1404.7775183833942,1827.9651521025849,2351.3830612935044,2925.0432884149877,3544.022647421901,4241.766052045946,5016.948052315654,5874.449536383135,6822.561582311858,7884.324524910153,9068.923399762827,10379.229134886984,11817.407209045376,13408.423202439544,15171.496134565032,16465.57268508269
IIASA 2023,SSP2,Congo,GDP|PPP per capita,USD_2021/yr,4000.6282253189074,4339.202987864482,4724.316053964111,5198.983250175015,5762.661341439661,6418.329861614174,7178.242940103817,8069.160847062584,9089.213124293734,10193.866716338558,11398.077863533512,12745.42058781673,14259.069843771713,15927.177717621764,17751.436528143662,19044.564004295167
IIASA 2023,SSP2,Colombia,GDP|PPP per capita,USD_2021/yr,18318.26354893688,21134.506296784155,24235.170738921577,27268.15315314983,30266.4919655725,33042.69728467296,35748.531645811716,38342.54189084114,40918.79117794581,43505.086589194885,46052.18061487302,48495.6484990456,50797.003269532324,53040.04566208215,55205.302409714175,55754.03940950734
IIASA 2023,SSP2,Comoros,GDP|PPP per capita,USD_2021/yr,3789.135791246438,4855.110665924595,6094.827984755398,7383.534934229592,8768.392330101058,10236.703038659562,11750.281998989445,13316.03905803355,14913.829999727901,16568.483262635396,18252.34393163086,19999.86410269054,21807.103342374754,23694.584594587544,25624.97331528974,26610.71273196309
IIASA 2023,SSP2,Cabo Verde,GDP|PPP per capita,USD_2021/yr,9174.866502757843,10220.848639032143,11414.704059126934,12809.171732197128,14350.421401385622,16046.480256870487,17800.705220222328,19646.318618914505,21661.689291323903,23786.96682849507,25911.289894709185,28042.357590772845,30196.53288251597,32394.037266674783,34657.18857360433,35911.37147668731
IIASA 2023,SSP2,Costa Rica,GDP|PPP per capita,USD_2021/yr,25482.922743048308,27436.24890313647,29767.947836941516,32412.812116317673,35492.627603782355,38692.80313752331,42030.487968976355,45668.712230894365,49369.26804979191,53136.711853222485,56704.03064497474,60210.1197480461,63711.334967045346,67273.29687054706,70562.17698324285,71802.65497664614
IIASA 2023,SSP2,Cyprus,GDP|PPP per capita,USD_2021/yr,37037.95179869427,42684.43581177665,48119.83190875458,52039.798562080396,55462.15179860039,58412.70743200872,61584.49730332767,64828.70680573076,67711.02908622503,69902.3875928497,72041.87730861822,74388.02399453789,76777.03571821534,79147.12514150416,81251.1612966798,81617.49486157873
IIASA 2023,SSP2,Czechia,GDP|PPP per capita,USD_2021/yr,47076.21083220135,48691.35825521054,50698.4935422623,53345.51517677844,55609.011996645226,58083.9972001697,60593.14768733273,63821.98978359852,66962.0410082967,69666.54155330441,72062.9912385612,74414.73469037062,76866.1231606962,79476.8573967888,82988.84276313531,84572.42454968595
IIASA 2023,SSP2,Germany,GDP|PPP per capita,USD_2021/yr,61711.45384616297,63678.40145712123,65977.02010769138,69066.96975649717,71108.96004533171,73475.81523442571,75566.07599223651,79809.12231136927,84489.07362636333,89613.80176159818,94915.10730310577,100272.57986661053,105807.22030200591,111632.74053579688,117730.71496752762,120606.50033488733
IIASA 2023,SSP2,Djibouti,GDP|PPP per capita,USD_2021/yr,6203.014948052795,7047.9724380609705,7914.45084710067,8718.02702112143,9511.890192627427,10347.561461913461,11246.733692836571,12222.914881672206,13295.753677961959,14494.13262242042,15847.167318066118,17368.408780800528,19046.075499012048,20862.750138534488,22811.00734868437,24048.85167358549
IIASA 2023,SSP2,Denmark,GDP|PPP per capita,USD_2021/yr,67659.15864879201,69330.53417703697,71418.0896274938,73881.99731986962,76505.2485796967,80002.18868678072,83462.62727712547,86993.1776674844,91012.06461922117,95152.66116796054,99486.86687673589,104083.34529825782,108840.3668268782,113874.01568238041,119112.99388399784,120186.81899581054
IIASA 2023,SSP2,Dominican Republic,GDP|PPP per capita,USD_2021/yr,23927.771219883838,26255.83678446719,28813.865586669486,31516.553089103356,34669.751369853366,37866.048170520684,41022.610519946946,43947.21586391893,47092.9596838413,50109.12957649657,52933.378364237564,55479.756716255106,57898.30700925297,60265.39515426399,62506.179073685744,62818.306247000175
IIASA 2023,SSP2,Algeria,GDP|PPP per capita,USD_2021/yr,12553.668891504029,14912.505974576135,17724.00485713329,20784.774858433324,23998.34230561419,27115.844856701726,30345.66625487511,33736.7981670794,37226.27112337752,40379.90037909117,43099.26023620822,45518.77700501329,48014.822329348106,50688.91021462769,53346.81491125413,54203.14914569925
IIASA 2023,SSP2,Ecuador,GDP|PPP per capita,USD_2021/yr,12766.746778056035,14693.94221549619,16722.04535709216,18759.618894868785,20721.149512674347,22689.74818116925,24706.771057267822,26771.00181256033,28860.019856303603,30944.754302331217,33011.90007587337,35021.265019885046,37030.79428132199,38949.006871482474,40860.61198349283,41591.76858876905
IIASA 2023,SSP2,Egypt,GDP|PPP per capita,USD_2021/yr,15537.6211298533,16983.222373948138,18770.316362996782,20860.62658540853,23441.310882271184,26570.583070566834,29939.848536080317,33301.41267233362,36713.039014761154,40351.080166078464,43982.4298006607,47381.96251160754,50900.4304752834,54498.54280272864,58028.31125913728,59485.1964648995
IIASA 2023,SSP2,Eritrea,GDP|PPP per capita,USD_2021/yr,2018.3395801306588,2360.424989720463,2727.190918038938,3096.0189491281403,3482.4090193860784,3899.839288036863,4349.285106011799,4844.872934509734,5389.01434289198,6006.572865648982,6732.556513920754,7583.2460019378805,8550.035872074772,9615.291966586738,10793.872412830517,11693.643144182728
IIASA 2023,SSP2,Spain,GDP|PPP per capita,USD_2021/yr,46589.1106471361,49871.7846223249,53256.18773502621,56798.124813067385,59997.13467887145,62595.97659526184,65109.93032130737,68088.66869419311,71186.88094574948,74187.22694121723,77344.34313731505,81272.48840590825,85870.18395590608,90992.75346067727,96105.17445110877,98416.64748319848
IIASA 2023,SSP2,Estonia,GDP|PPP per capita,USD_2021/yr,44182.173312140265,45547.66908753298,46274.4955553415,47947.59723619522,49585.911409738816,51738.208277633224,54228.396552216924,57589.9238287839,60567.51858579848,63192.33507779082,65753.54154905505,68560.1152973204,71480.91488173229,74335.04299081853,76978.27395272469,77048.01017975723
IIASA 2023,SSP2,Ethiopia,GDP|PPP per capita,USD_2021/yr,3076.2477604759933,3403.49167778866,3732.379466651237,4042.7170850032903,4349.223115920358,4662.300768511772,4989.008342988728,5345.12058903304,5748.663091939171,6214.094674554235,6755.262213258831,7384.8221519414765,8085.482988984573,8864.297854025763,9720.750135684504,10313.410964311486
IIASA 2023,SSP2,Finland,GDP|PPP per capita,USD_2021/yr,56479.09864926997,62825.74332119698,68445.45780469943,71018.68277185364,74503.91248078202,77089.30808414465,80263.36619698364,83190.04843702634,86510.72807314312,89689.35904478417,93024.19255233258,97232.6335996966,102212.07216502122,107421.79839851346,112430.14268771156,113346.27547303693
IIASA 2023,SSP2,Fiji,GDP|PPP per capita,USD_2021/yr,15155.493849781229,17362.994561743366,19838.4551805728,22285.34826647739,24733.702785392787,27108.328424731022,29391.095146856933,31619.968468551036,33800.43159802118,36024.65863079477,38115.456034242925,40210.33929415936,42303.99361075071,44522.40180021255,46835.31238698323,47562.361655735556
IIASA 2023,SSP2,France,GDP|PPP per capita,USD_2021/yr,55342.59899190188,60335.681643913274,64962.94114129435,69137.91023383797,73815.16361353119,78802.55345885325,84187.04795023531,89674.38489102616,95109.49459202588,100355.01947047003,105826.87901452126,111595.58992672962,117636.96919469087,123648.2376485203,129454.644346137,130680.74492433989
IIASA 2023,SSP2,Micronesia,GDP|PPP per capita,USD_2021/yr,581.4038063337077,617.1682548897392,653.5373848027959,696.8484305704077,741.4767028623625,787.617425609524,830.6225635094131,879.0869760795761,934.3552224251895,998.9425043066519,1070.4924242656762,1147.2616927160338,1227.020465815481,1310.612356791627,1399.3857283267741,1450.3105729071606
IIASA 2023,SSP2,Gabon,GDP|PPP per capita,USD_2021/yr,16007.32038394831,16835.84255122745,17846.408038121714,18970.308243082956,20307.740266016313,21849.206221040182,23511.963087099743,25336.68651586399,27397.431089545134,29687.84839880005,32064.99322652315,34486.5072800272,37060.6810865047,39849.322416861825,42819.020572026995,44294.39902247807
IIASA 2023,SSP2,United Kingdom,GDP|PPP per capita,USD_2021/yr,52742.00921649511,54926.12439010295,56762.1165083944,58774.37455599724,61554.35333976387,63784.30796229885,65991.94427424179,68086.0334601232,70078.73643383586,72274.18847802567,75033.838718411,78485.54263673017,82498.51729472732,86886.09413547856,91389.02804693651,92820.01998804377
IIASA 2023,SSP2,Georgia,GDP|PPP per capita,USD_2021/yr,22162.475768278928,22775.260168485824,23130.303518453115,23711.301996694612,25008.566699792576,27013.93366490553,29322.18169680412,31613.839887722606,33811.30097294837,36103.103078278196,38561.30422513378,41211.299157072564,44010.439490373494,46844.57939665249,49508.2159335585,50571.02575045569
IIASA 2023,SSP2,Ghana,GDP|PPP per capita,USD_2021/yr,6329.265047340096,6606.174787319533,6828.841010372007,7267.724173860593,7941.25704100714,8762.31402605433,9769.113459582926,10958.175940409405,12405.901903644013,14074.722206419425,15980.809524371049,18154.83715923397,20626.243672969922,23390.803011914963,26423.915362630003,28768.086694660396
IIASA 2023,SSP2,Guinea,GDP|PPP per capita,USD_2021/yr,3334.8720379302667,4407.0215840172505,5710.597746289029,7072.859502485364,8523.687000615748,10140.13765752069,11848.442187156088,13626.503688940445,15492.949294535192,17501.163710658173,19640.351112366076,21833.978016701512,24109.631011057725,26404.740556046276,28722.375462820524,29887.54232146563
IIASA 2023,SSP2,Gambia,GDP|PPP per capita,USD_2021/yr,2642.881427555089,3207.6327121195914,3839.2632506154364,4471.564250528984,5155.926951322833,5930.102442335131,6748.294770597623,7633.677022840609,8584.814464275369,9623.567240043007,10753.204521913462,12021.220568486684,13428.334290075547,14986.02162235149,16646.584121143962,17783.593400005884
IIASA 2023,SSP2,Guinea-Bissau,GDP|PPP per capita,USD_2021/yr,2670.5500258043508,3046.6311458305477,3448.2811996904097,3811.2040043219586,4154.521547073686,4516.4859256745485,4894.336462066934,5295.000714478955,5744.661971974928,6260.333531825815,6859.316816538444,7549.5933952636615,8339.162351476849,9242.649583218401,10270.352759975158,11027.947833393784
IIASA 2023,SSP2,Equatorial Guinea,GDP|PPP per capita,USD_2021/yr,12083.318155115876,11636.267771260125,10969.235032794242,10967.841379241585,11340.80366051341,12022.460861527605,12947.011057529493,14239.995893610405,15784.00257701202,17503.696322519194,19277.708305267086,21216.441797752566,23278.669310391262,25427.49240167002,27641.538390140147,28874.24042788711
IIASA 2023,SSP2,Greece,GDP|PPP per capita,USD_2021/yr,37442.650284116564,42359.832420777544,47017.54430218228,51107.49754186113,54966.8996966966,58553.39226313524,61932.54646205019,64847.752123641025,67372.1851140705,69553.13009181067,71757.02326074465,74719.41680874622,78625.69290473999,83229.44959518668,88192.21006424367,90988.65715734096
IIASA 2023,SSP2,Grenada,GDP|PPP per capita,USD_2021/yr,17706.11094473087,19545.657083390735,21668.08900203611,24271.097030833796,26982.489795727164,29650.343911652744,32217.269361518847,35156.75351923331,38262.15195551476,41345.819310416,44309.30755267889,47298.152769736414,50377.30818121743,53495.56318537345,56620.28236335116,57856.2574330617
IIASA 2023,SSP2,Guatemala,GDP|PPP per capita,USD_2021/yr,10473.592025533519,11071.714587346247,11830.611014439995,12689.760825573243,13705.905716138675,14906.503667622937,16334.21832725156,17892.194908867343,19628.509567572408,21606.71093136135,23917.47491609385,26493.410439690902,29283.86225539454,32229.78149532266,35329.4919228395,37474.78603361589
IIASA 2023,SSP2,Hong Kong,GDP|PPP per capita,USD_2021/yr,69191.6732915923,74435.4575192229,80916.083743942,85715.99329943993,92842.32348931,100868.901766048,109938.85792228904,119824.60439007987,130012.50489228434,138632.7688864399,146318.28891096642,154102.00119058942,162328.7729330874,171209.62208952283,180168.2770546024,184282.30520939518
IIASA 2023,SSP2,Honduras,GDP|PPP per capita,USD_2021/yr,6772.556753606531,7632.52056375541,8610.297827195453,9621.484492385825,10723.529781483387,11972.555415577152,13361.187053359376,14856.845471366843,16483.028311831218,18295.70745308086,20332.173070675868,22526.25281927679,24806.953552018473,27148.660626899233,29590.239704877582,31218.260837998667
IIASA 2023,SSP2,Croatia,GDP|PPP per capita,USD_2021/yr,38882.703211367116,41436.941283991735,44546.70292583386,48389.46253622745,51805.398023187794,55142.78696211619,58795.39555680785,62871.431655863504,66912.86706679242,70735.12752713435,74456.27772586801,78182.32172481487,81983.16178662164,85783.4712132398,89544.9207690289,90739.31967530839
IIASA 2023,SSP2,Haiti,GDP|PPP per capita,USD_2021/yr,3061.45546676701,3599.3792308890424,4184.970738269458,4805.718765919319,5441.704304044598,6098.005246442373,6797.748611653689,7602.756821594509,8529.309121314056,9594.93424001046,10809.45886358443,12193.80814560831,13768.912543677074,15577.15339202117,17645.76256415275,19383.318952298112
IIASA 2023,SSP2,Hungary,GDP|PPP per capita,USD_2021/yr,42788.12849899684,46222.86927145318,49918.84113515441,54331.12690239009,57045.24985359462,60060.78634373907,62461.04406004842,66668.4710140679,70218.27764378046,73170.26385365002,75836.80895010509,78274.6497774988,80648.08240314221,83117.36838514451,85655.43357233737,86411.87780106261
IIASA 2023,SSP2,Indonesia,GDP|PPP per capita,USD_2021/yr,13594.002803750345,14778.923790736511,16226.532368628936,18007.9167249576,20201.515387470226,22850.794954793884,25830.55928350973,29004.079197638785,32293.618031068,35669.37331066201,38959.868438185804,42173.7434958762,45409.45730637883,48599.10579774432,51722.827307191525,53136.54890738092
IIASA 2023,SSP2,India,GDP|PPP per capita,USD_2021/yr,9182.287983479393,10431.2047907086,11924.799282119138,13674.998107624753,15687.673625298372,17889.265943970797,20269.69286179665,22908.429576241942,25741.30458688709,28777.99056994191,31939.643410572156,35137.76878595312,38405.80358838607,41732.6559988458,45064.91868740007,46931.958498879954
IIASA 2023,SSP2,Ireland,GDP|PPP per capita,USD_2021/yr,142710.3309878464,150062.34897868315,158119.45178186553,166195.5232794722,174762.1029697998,182562.1216299621,190705.7806411484,199091.41822107887,206173.0333261886,211117.52036921226,215437.3826712075,220062.98615750563,224983.60605456537,229803.87217892634,233993.53032107046,229560.10131278823
IIASA 2023,SSP2,Iran,GDP|PPP per capita,USD_2021/yr,17517.674957613515,19353.217008332205,21520.30445633359,23792.569228066885,26530.746498490742,29321.39665389103,32412.96800091182,36305.582801733995,40616.355491675364,44755.875654617186,48332.436791741384,51657.50896474507,55006.40816054117,58684.74036295115,62122.09138498669,63740.76372483567
IIASA 2023,SSP2,Iraq,GDP|PPP per capita,USD_2021/yr,11373.293473791142,12609.330437878412,13951.76210739584,15376.021486352904,17053.210580160594,18912.89235911656,20892.578542650997,22858.48225568375,24910.133239198836,27031.946649561658,29158.235741663888,31198.84578368095,33334.017469480634,35495.67726538107,37618.6905541356,38457.401247653404
IIASA 2023,SSP2,Iceland,GDP|PPP per capita,USD_2021/yr,66496.40008194238,70404.03924013293,74015.54822686162,77155.98416918049,79704.48310765994,82508.34977529234,86085.20438552725,90102.05346509967,94539.68377177369,99075.23304375964,103674.85801294199,108490.28827017457,113465.39721747203,118651.4846001222,123896.59948921208,124718.74844940637
IIASA 2023,SSP2,Israel,GDP|PPP per capita,USD_2021/yr,54758.067263024655,59527.036310692834,63775.201234100336,66825.52581819086,69345.36069922685,72195.98567871025,74997.31766068905,77591.31182067055,79732.32940822121,81920.26321600431,84649.63927663515,87779.36324521792,91269.32573071241,95206.68317375222,99376.18487786355,99247.36486062004
IIASA 2023,SSP2,Italy,GDP|PPP per capita,USD_2021/yr,49887.27409901181,54014.64690151519,57889.600071603774,61820.17093837634,65627.48087784811,69137.96031720522,73215.9110456018,78608.08396354233,84141.14692195892,89044.24248987163,93741.70091242196,98719.20431536765,103868.12416707214,109214.42993740254,114532.95433149769,116505.75269092593
IIASA 2023,SSP2,Jamaica,GDP|PPP per capita,USD_2021/yr,11678.236766432821,13506.768979521443,15473.976671239,17547.082232530607,19689.48069654231,21919.073090546182,24187.046149804908,26561.659562968416,29081.495808533593,31787.933250917693,34571.89967158602,37500.46785860516,40434.41698195003,43386.32027528964,46325.57697011657,47958.72801639777
IIASA 2023,SSP2,Jordan,GDP|PPP per capita,USD_2021/yr,10664.70822946929,11308.160137778896,12115.041402949633,13308.943576787042,14847.46176186838,16608.597787105882,18498.738018245982,20505.047661166114,22679.5577641008,25003.218830023616,27334.26764943202,29767.20405616234,32302.96369086781,34788.198456155464,37193.006478764764,38463.668210219264
IIASA 2023,SSP2,Japan,GDP|PPP per capita,USD_2021/yr,48307.916854366325,50791.06620120042,48685.134976420384,57987.51999516989,61178.103944842915,64974.245969705684,64448.12369719552,69949.87488595374,75203.30540970276,80347.12652887996,85423.27292167793,90353.35997493353,95046.80215590898,99418.79404167671,103474.63619515851,104928.2990092286
IIASA 2023,SSP2,Kazakhstan,GDP|PPP per capita,USD_2021/yr,32258.837712418688,32697.850255337627,33360.861890453445,34466.18127492911,35773.77608623576,37285.50364373703,38816.5336066581,40488.982143819536,42425.321162913,44328.32768209785,46184.99580869313,48104.64952833411,50167.64091565063,52317.782597374964,54569.23108227067,54977.30989674519
IIASA 2023,SSP2,Kenya,GDP|PPP per capita,USD_2021/yr,6035.557757535716,6918.6758833477725,7897.943641459167,8928.709249601261,10035.136420493807,11167.339167253696,12387.330875258838,13693.143051357827,15117.252589160755,16645.025610820314,18337.827927842773,20209.01983959638,22244.11014872701,24417.008126681412,26734.075634784855,28188.214649709338
IIASA 2023,SSP2,Kyrgyzstan,GDP|PPP per capita,USD_2021/yr,6151.941392789325,6681.071895314956,7163.466638180856,7614.788496914808,8267.413113163659,8918.440202655176,9605.496824187136,10303.04845726368,11160.880139469033,12098.792225338359,13077.348569791342,14076.192720721823,15151.137746384069,16327.973057678711,17584.832613252325,18307.957369551663
IIASA 2023,SSP2,Cambodia,GDP|PPP per capita,USD_2021/yr,5795.358658626704,6264.105062520766,6839.854034710554,7512.041713899686,8270.437426889084,9030.497970786628,9910.066032145873,10990.815370514167,12310.631668090979,13829.192492228101,15570.673664770276,17601.93111354594,19945.683855712574,22638.165973877967,25655.772102775565,28160.33592723371
IIASA 2023,SSP2,Kiribati,GDP|PPP per capita,USD_2021/yr,2059.237075223399,2138.8659790099928,2251.965996164001,2394.0012751004588,2554.6239176822837,2736.4255025949255,2940.620459553999,3176.6637420194143,3451.029721062105,3756.844306683858,4068.524729915861,4389.207414863612,4745.637095728014,5155.0655245486,5619.529884541378,5909.052072898841
IIASA 2023,SSP2,South Korea,GDP|PPP per capita,USD_2021/yr,53675.80041326667,57872.7564463826,62069.60660998661,71352.43823613347,76384.76772147417,81504.43093056453,81658.28342629464,87769.86689896489,93651.27739101397,97575.66468578037,100639.25478341863,104662.39735043296,109277.09403552108,113572.41172107695,117619.60707849401,118433.19802398993
IIASA 2023,SSP2,Kuwait,GDP|PPP per capita,USD_2021/yr,52102.92453646217,53718.66496442682,55270.62047591801,56489.65774230413,57033.552386722455,58330.868162438564,61784.85149160265,68030.33037130855,73673.82450684407,78611.7144583292,83128.77104695614,87147.75000598677,91032.78773645432,94846.90863611076,98465.45858855089,99184.6644181285
IIASA 2023,SSP2,Laos,GDP|PPP per capita,USD_2021/yr,9342.110802260962,10003.084088816218,10918.713037729292,12189.27049710044,13850.123065151492,15934.092819284082,18370.940844488017,21195.37092248399,24410.394668154786,28032.585561583313,31893.266934496627,35861.47152033872,39890.021397442164,43932.71115554773,47862.31422283093,49995.62094313046
IIASA 2023,SSP2,Lebanon,GDP|PPP per capita,USD_2021/yr,14031.931625950814,15561.144621182317,17221.44603811174,19276.168156316427,21477.703942127646,23572.127932301166,25625.00257468073,27491.15818422663,29179.98705014249,30784.43024844437,32430.566126326023,34020.11525870599,35765.76953428493,37473.054325819045,39126.81585704543,39466.21912942979
IIASA 2023,SSP2,Liberia,GDP|PPP per capita,USD_2021/yr,1728.8640437595734,2079.208364414988,2451.384640046087,2811.452871221542,3152.5417150540634,3489.8892636615897,3829.7295514492826,4200.257691591939,4593.734907452174,5024.3816656594245,5501.305221444862,6045.502997662477,6655.810756685632,7335.900627580577,8095.040106634274,8638.958564522834
IIASA 2023,SSP2,Libya,GDP|PPP per capita,USD_2021/yr,25199.020560312372,28178.443819143828,31632.73121656315,35459.59161258661,39950.050911012644,45293.05792693694,51141.25692177704,56690.024077092065,61825.29117284708,66817.14567630003,71721.03150269332,76584.87091250876,81268.69848088874,85680.49485885364,89685.50867452289,90820.51838589697
IIASA 2023,SSP2,Saint Lucia,GDP|PPP per capita,USD_2021/yr,17685.20871020876,19706.18698060464,21926.726777776403,24569.561988493435,27478.181287603187,30374.003917039347,32929.03947189068,35485.066480548805,38217.372832460795,41158.18547565959,44110.65236907289,47022.53047883367,49739.7037365151,52388.621136745234,54985.54594410171,55979.57124995801
IIASA 2023,SSP2,Sri Lanka,GDP|PPP per capita,USD_2021/yr,13603.917913829991,15265.766788677587,17212.32009474076,19285.74989677976,21497.1075154644,23746.675573802364,26126.172988037568,28392.14898802841,30613.593738834323,32773.99768085425,34907.96945658902,37091.92589921625,39327.762330493104,41536.29218078502,43676.48567357864,44467.57365555595
IIASA 2023,SSP2,Lesotho,GDP|PPP per capita,USD_2021/yr,2798.3187233505428,3527.554688416348,4392.104411245098,5318.370012772138,6308.065879451034,7372.501321068009,8514.683448161944,9737.006866065161,11081.18831468292,12537.335488172965,14113.10738780766,15771.516338819934,17536.292546672743,19438.151677805115,21441.251111580354,22738.62621020282
IIASA 2023,SSP2,Lithuania,GDP|PPP per capita,USD_2021/yr,47906.53166762453,48500.934601332345,48489.65519617065,47887.913077979734,50228.51628032483,52923.3626477801,55870.557145039296,58519.35980158181,62088.502420748344,65007.16561631141,67839.19795179978,70950.31199420041,74192.90947993551,77504.91740178998,80531.11922912125,80893.42574731272
IIASA 2023,SSP2,Luxembourg,GDP|PPP per capita,USD_2021/yr,134278.50668329065,141003.72677032882,148649.1621333982,158245.56617087964,168127.92501439026,178409.60966569177,188996.32314786414,202210.00560016764,215304.90759526312,226496.3586299735,236524.1117684124,246302.42511778913,256223.72236152872,266425.5403809468,276466.6059138199,277577.21079520334
IIASA 2023,SSP2,Latvia,GDP|PPP per capita,USD_2021/yr,39687.90933363707,41192.02347126823,42724.17322434841,44983.948586969076,47275.109077665824,49615.44899026645,52364.827878836615,56063.66857539766,59808.14410677993,63064.54191659477,66111.57305920254,69322.56282965743,72640.23434581391,76103.73282792533,79412.03183330562,80268.14490766906
IIASA 2023,SSP2,Macao,GDP|PPP per capita,USD_2021/yr,107324.47217505124,113995.66601456198,123642.28651759189,131783.57452159846,142117.1765332021,153285.8921490453,164499.64845678216,177042.0994362019,189826.75960639733,201109.1229973897,210993.8961006201,220653.94801769644,230598.1823448424,241377.5954929694,251352.2555839005,254387.75031309453
IIASA 2023,SSP2,Morocco,GDP|PPP per capita,USD_2021/yr,9667.403854933818,10720.000745564588,12004.319937689506,13696.477770963022,15817.206998525053,18254.830886110845,21084.79322736067,24398.13324664577,28208.988300636884,32209.201079838767,36156.06681908866,40039.45395972084,43952.71239628968,47924.1998020266,51786.89781843743,53971.01875867408
IIASA 2023,SSP2,Moldova,GDP|PPP per capita,USD_2021/yr,13587.65109366947,14079.738140709182,14800.148155060902,15612.289015805845,16582.425899355338,17773.147781929067,19174.337082398775,20924.787780059854,22951.911582364737,25094.405540546624,27211.312018030574,29371.27361976269,31694.46378322434,34315.42426469693,37110.80954523901,38871.06414918858
IIASA 2023,SSP2,Madagascar,GDP|PPP per capita,USD_2021/yr,1800.492780372567,2158.3194670495,2566.0704881582446,2995.5186839334974,3462.372518096676,3975.7625855257,4540.44758840287,5164.25013274085,5854.312256402085,6621.943633021857,7474.870208568932,8422.594682718267,9469.678121188163,10626.595112750167,11909.234710261924,12919.109743240628
IIASA 2023,SSP2,Maldives,GDP|PPP per capita,USD_2021/yr,26757.66995547229,29559.021890846838,32493.618382663142,35035.69864684815,37096.45821318937,38955.43611355589,41075.04252607192,43567.80334348851,46437.950370738756,49037.38341372587,51107.586161479565,52794.71847630634,54574.88773571777,56360.44425233008,58103.69072056918,58245.708580692255
IIASA 2023,SSP2,Mexico,GDP|PPP per capita,USD_2021/yr,22371.313935565817,24861.298922234688,27437.351706566187,29983.566388284456,32528.33999322411,35154.18824227186,37853.67989742677,40463.836532117704,43035.98365518653,45574.08681944725,48107.38347083992,50568.43722809202,53023.622862494216,55356.04392540583,57602.457201063924,58142.55825459596
IIASA 2023,SSP2,North Macedonia,GDP|PPP per capita,USD_2021/yr,20231.380174742186,21115.338587561677,22232.62104593985,23889.769407701064,25939.762866028952,28220.417859590394,30623.272556444696,33176.03858231045,36096.112796106136,39297.05966659604,42718.68348842852,46171.44521915615,49746.983310933516,53403.4004777965,57128.550347639466,59268.70218212245
IIASA 2023,SSP2,Mali,GDP|PPP per capita,USD_2021/yr,2540.203562735925,3061.3756932512615,3647.375148802051,4245.902694442888,4863.98788498181,5488.432460648574,6117.4829597641865,6766.357850672351,7432.661720703115,8120.146428847962,8836.04384824774,9570.600171671096,10361.523792255693,11210.750037998696,12132.501548462442,12573.7441004916
IIASA 2023,SSP2,Malta,GDP|PPP per capita,USD_2021/yr,60698.45331989496,70806.90226763696,81019.61936568253,88075.5876661749,93522.38394843943,97665.31331124577,101962.19676548023,106877.80230619603,113025.7827844261,119018.44102351647,125145.84158108773,131558.90375611675,138343.8101558917,145781.1432802882,153717.18167596703,157602.00718115017
IIASA 2023,SSP2,Myanmar,GDP|PPP per capita,USD_2021/yr,4803.507032229674,5366.813104254311,6061.855645931934,6918.166127396881,7987.697114476446,9231.42566569239,10637.711404452886,12213.315932392783,13997.484208724376,15932.640303377138,18003.244189999783,20132.124886592977,22373.005935669895,24726.509373631623,27175.11411822977,28714.54833480668
IIASA 2023,SSP2,Montenegro,GDP|PPP per capita,USD_2021/yr,25488.992300518184,26561.00878643433,27955.217162856476,29846.138080909197,32164.182208127433,34489.25816115336,37111.924440571274,39834.248052730945,42979.15990117546,46005.195820135734,49019.71284571715,51994.19917093592,55003.052994263555,58009.15925371629,61009.30404345242,62141.38744553274
IIASA 2023,SSP2,Mongolia,GDP|PPP per capita,USD_2021/yr,15084.118024134654,16220.648890090913,17586.89222046424,19235.524186398405,21558.238914572063,24249.042247924754,27193.95868540779,30359.399422778366,33803.84749028278,37275.702304301325,40637.76450317296,44077.60678292659,47721.99227397615,51506.569038630005,55212.356215717526,56717.860919868384
IIASA 2023,SSP2,Mozambique,GDP|PPP per capita,USD_2021/yr,1544.1698301287154,1870.8217425791042,2236.291125266805,2600.5828458870046,2970.9493054404543,3358.707972209539,3769.7002093303563,4214.977937087653,4722.117478361822,5297.56583346792,5961.409423798212,6715.532946470595,7587.895408704794,8576.540190935522,9686.4756329872,10515.6918462612
IIASA 2023,SSP2,Mauritania,GDP|PPP per capita,USD_2021/yr,6635.181773223782,7653.650411322274,8810.244341845175,10083.022173844704,11525.084169123065,13183.414173367562,15046.265929330122,17127.901540321967,19408.18795074875,21851.956691622094,24453.608807062337,27242.75056436678,30172.864411270188,33149.8148442981,36127.11143617905,37776.39401287476
IIASA 2023,SSP2,Mauritius,GDP|PPP per capita,USD_2021/yr,27555.49602573547,28832.349437204204,30717.59044152177,33184.57893491283,35934.62675296936,39136.20916293067,42791.395812559094,46393.35725615014,50002.34777223534,53471.26322993613,57076.20361314331,60692.6030498179,64067.25614912707,67138.25825761433,70030.84077807273,70888.95871989791
IIASA 2023,SSP2,Malawi,GDP|PPP per capita,USD_2021/yr,1700.2444569128459,2106.54867369848,2575.26057395058,3082.260180300753,3611.9876473514596,4174.399064482047,4780.703553684547,5444.94423245664,6172.589474820445,6958.9585749042935,7839.12169618879,8825.112591464887,9948.845095990697,11189.960943396301,12571.443476615123,13594.424748174884
IIASA 2023,SSP2,Malaysia,GDP|PPP per capita,USD_2021/yr,34869.298530061336,38557.445023099506,42485.80777955941,46379.77040988447,49926.71887834638,53242.56919540671,56423.56360581981,60386.27152527921,64209.216573922065,67937.38123135021,71378.87363129831,74723.35438927694,77863.88103844067,81148.9448609995,85482.04146803296,88039.756638084
IIASA 2023,SSP2,Namibia,GDP|PPP per capita,USD_2021/yr,10714.985254402729,11258.649101724324,11969.261625529653,12754.296332567483,13786.436780874366,15033.014670864664,16421.799097275285,17963.354163837113,19759.751476976016,21831.725350751934,24105.866698486094,26523.377093141557,29118.121396222745,31944.26016248427,35075.32632961822,37072.07240924216
IIASA 2023,SSP2,Niger,GDP|PPP per capita,USD_2021/yr,1640.7891705432517,2012.509195316548,2422.610643873135,2820.9327200420516,3215.3493583741542,3610.999565975696,4021.875725178436,4457.594863036849,4937.748978103167,5473.12124468314,6066.383584815812,6733.126757014442,7463.8628676655635,8269.437503217963,9155.421070445931,9700.605305937319
IIASA 2023,SSP2,Nigeria,GDP|PPP per capita,USD_2021/yr,5655.431430657919,6459.203658341831,7352.997797896348,8298.73484973689,9329.054315962294,10497.45755277731,11776.705338158905,13134.515765330338,14553.198778509828,16084.99837691263,17775.510027787554,19625.776748471504,21637.341353655254,23755.956506365917,25986.959402179175,27180.78957128393
IIASA 2023,SSP2,Nicaragua,GDP|PPP per capita,USD_2021/yr,6831.15956625909,8160.443991651364,9654.874720725602,11214.654142328705,12919.295227867016,14745.046806887573,16694.773015362043,18794.33331425936,21100.07212726213,23591.781187403496,26206.83814278313,28904.181537776676,31632.447958843324,34474.320166803394,37405.85238263805,39264.06635854442
IIASA 2023,SSP2,Netherlands,GDP|PPP per capita,USD_2021/yr,68048.54130210223,71916.68089382866,75823.60822314286,79290.84571463555,85665.83892786266,91460.78175451026,97830.9637367208,102888.90617045177,109185.66589137354,115341.9366760169,121621.89347854316,128142.54799600612,134819.97553408617,141627.33095316248,148471.5310350164,150685.60530724248
IIASA 2023,SSP2,Norway,GDP|PPP per capita,USD_2021/yr,77458.1958590326,81545.06540940898,85909.28948628448,90409.57681984227,94812.6020839291,99037.7039012404,103777.01099990089,110408.2565905637,117046.82094992025,122672.05572387122,127939.42986330413,133545.87868429872,139420.9588185886,145416.04622966298,151118.4048759254,151255.73713827197
IIASA 2023,SSP2,Nepal,GDP|PPP per capita,USD_2021/yr,5078.274226186053,5621.319501792975,6276.460929175607,7001.760980351034,7828.087989070376,8762.780835861793,9847.631024267292,11046.665598022013,12423.749975927516,14028.014603849526,15917.96154479564,18045.98249922401,20401.845846938075,22977.772715739473,25857.511370880726,28177.416284459614
IIASA 2023,SSP2,New Zealand,GDP|PPP per capita,USD_2021/yr,50160.82034266254,52877.6355478415,55603.622995333775,58287.054885272155,61230.73670837126,63509.015293753684,65659.58605126223,67952.49695214906,70287.97754118285,72357.38913714237,74395.78797555246,76899.04329041982,80350.38295333556,84499.876927132,89017.96468137634,90986.59320951179
IIASA 2023,SSP2,Oman,GDP|PPP per capita,USD_2021/yr,39172.217461691806,41571.73098720543,44258.02814799745,46397.145744243375,48281.25010849333,50287.31420031987,52478.76857105256,55529.12729995926,59585.54011251021,62947.909386405234,65342.74228022588,67248.96277821243,69200.28974145536,71169.89181548552,73339.45302623522,74007.35127571799
IIASA 2023,SSP2,Pakistan,GDP|PPP per capita,USD_2021/yr,6203.1416808105605,7084.084608880974,8075.888125422604,9219.06114525175,10481.506219130151,11861.591860650633,13424.698410820221,15148.853432472499,17084.51457719576,19211.92344641573,21603.92985369355,24245.007156549545,27130.48263089111,30203.36199233254,33351.332875106214,35421.0952664984
IIASA 2023,SSP2,Panama,GDP|PPP per capita,USD_2021/yr,38435.91177656316,39675.61980129524,41291.40136374104,43499.22890367042,45975.56964388897,48768.50481456939,51598.76383879004,54532.243893802326,57427.18342828188,60251.96545700798,62973.79248776718,65376.3848752211,67641.1805998266,69661.80922133874,71663.1939198776,71474.73810348302
IIASA 2023,SSP2,Peru,GDP|PPP per capita,USD_2021/yr,15415.513387922816,16858.917999733305,18456.619621197533,20186.383943755874,21927.8267167019,23773.935709106892,25756.911963899885,27952.502095713633,30204.095806073754,32474.966819674515,34705.32763558904,36982.09845769596,39318.355536325005,41733.180180469455,44200.86627538716,45356.80245186333
IIASA 2023,SSP2,Philippines,GDP|PPP per capita,USD_2021/yr,10898.65017109806,13180.206359908889,15690.806476534613,18212.580694322423,20810.02615247712,23378.96365766387,25894.85574039627,28454.255220675284,31089.54288070418,33745.92261285282,36413.39102720018,39141.96560306087,41844.83315667076,44436.64787627991,46971.69774710121,47825.09476694148
IIASA 2023,SSP2,Papua New Guinea,GDP|PPP per capita,USD_2021/yr,3842.958573730085,4011.4731874811137,4282.894070333338,4680.816362246771,5224.400763966893,5892.638482576352,6671.427704562748,7562.061350198427,8588.355335860844,9737.754467928327,10997.15950044599,12370.188507890685,13861.867194596121,15498.996202693535,17259.005897029154,18589.244351456462
IIASA 2023,SSP2,Poland,GDP|PPP per capita,USD_2021/yr,41861.6319635228,42973.58047147697,43906.76959092487,48207.53803046719,51374.965620931194,54352.31778503819,55910.97053560921,58837.59419339532,61640.91316793843,64058.21031781251,66229.75443762373,68693.21255171367,71180.08114792623,73697.71440058135,75981.15973028175,75777.90102669442
IIASA 2023,SSP2,Puerto Rico,GDP|PPP per capita,USD_2021/yr,38816.69803424483,40566.741392701355,42389.72723950172,43713.9309511847,46184.32142389443,48757.62421590795,51059.76570481528,52968.096113770785,54900.21111418187,56723.27254009689,58770.27607082673,60984.88853495066,63273.605808689965,65562.02698091306,67706.63348937221,68027.29879651207
IIASA 2023,SSP2,Portugal,GDP|PPP per capita,USD_2021/yr,42266.586322832634,45941.196155813916,50077.867692138156,54520.33703453391,59371.72601337482,64438.98751848288,68919.72378567711,72797.97540413386,76223.93437954148,79209.61245534835,82249.157747241,86208.62173829123,90868.64892518458,96054.54980179087,101561.69153303806,104202.66232793705
IIASA 2023,SSP2,Paraguay,GDP|PPP per capita,USD_2021/yr,16234.502049858713,17936.330010922535,20009.00012816797,22325.437020930665,24910.718257893455,27630.958121513224,30472.93548181702,33407.80558783804,36427.02964802939,39515.99427335589,42552.996337796816,45525.5378764233,48278.76102683643,50999.19184389297,53602.25941192009,54575.21571145875
IIASA 2023,SSP2,Palestine,GDP|PPP per capita,USD_2021/yr,6500.293943998284,7934.319186916705,9518.4375110133,11047.961898741423,12687.080549979191,14367.534578752748,15996.071657726041,17479.607740242536,18909.16678575471,20305.053285453138,21697.391411927863,23051.07666759312,24426.83433710565,25827.05348283901,27183.370102053028,27518.257181744084
IIASA 2023,SSP2,Qatar,GDP|PPP per capita,USD_2021/yr,99249.83949801144,102884.58189059563,107686.83168218954,111459.25434861703,113127.53936943768,114090.65839321821,115998.07059261733,120358.10816293521,126881.37343284106,133749.59997469003,139656.76319493234,145102.18664863534,150683.7417209249,156504.67200238374,162039.99529915303,163127.1829535543
IIASA 2023,SSP2,Romania,GDP|PPP per capita,USD_2021/yr,40251.809677980054,41792.99869026893,44085.66970168839,47551.63053006128,49556.057208959915,52281.072984135884,54723.532440097995,59826.72096364178,64455.70961258221,68379.18605163902,71767.60881935486,74956.44207244404,78141.84181889122,81469.17022849822,84955.25943654671,85927.96596949446
IIASA 2023,SSP2,Russian Federation,GDP|PPP per capita,USD_2021/yr,31656.500517232256,33428.84397659749,34992.989303164955,37157.39813981473,39447.38825333844,41763.81182816544,43794.140739874005,46307.81024925192,48704.09842099466,50748.92885305427,52756.43279231143,54886.725443241274,57223.189521281754,59657.64519682385,61915.858398529665,61962.940078375366
IIASA 2023,SSP2,Rwanda,GDP|PPP per capita,USD_2021/yr,2995.65082121349,3426.324568857134,3909.166315381346,4395.518048401578,4905.571135742389,5450.653634357033,6055.490282853392,6717.619777908394,7443.4441503026965,8234.436466703499,9121.01143262423,10124.534732419655,11224.47343123102,12423.161020462829,13727.526311560221,14589.07142107396
IIASA 2023,SSP2,Saudi Arabia,GDP|PPP per capita,USD_2021/yr,56180.6631478634,57227.13972804706,58701.87094550697,60255.89235657007,61823.955224617166,64896.12761965458,68797.2062186693,72539.16133256169,75943.2046191401,79042.2891522385,82618.85968475926,86360.41572580756,90280.1027178053,94215.45005449557,98232.74878105988,99521.75572768811
IIASA 2023,SSP2,Sudan,GDP|PPP per capita,USD_2021/yr,4106.173793074842,4582.509944816283,5156.704500876685,5820.24922695439,6624.3281425263895,7588.0107026691385,8732.990360251895,10083.509700534942,11661.504592604131,13468.9945648579,15547.404429900136,17859.498996606762,20432.07823531825,23220.008673373894,26252.15724594995,28350.788543037925
IIASA 2023,SSP2,Senegal,GDP|PPP per capita,USD_2021/yr,4668.459100690806,5551.094243872297,6569.815642947528,7677.5797897622,8915.764879983639,10344.983465072753,11989.686886554899,13843.005007188694,15888.308088101234,18107.413226002554,20488.809491690878,23025.117514743288,25710.898027402836,28482.27343132652,31267.08456631834,32828.34101535287
IIASA 2023,SSP2,Singapore,GDP|PPP per capita,USD_2021/yr,117045.09039099091,125626.28358871299,137906.09831165773,149826.52214056722,163970.45806350795,175500.3688856783,185142.0664325718,194064.91552246796,202692.66354547133,208407.34389985932,213662.6934520964,219061.29655641204,224840.2583945122,230943.64496186245,237118.21772560902,237835.44215405616
IIASA 2023,SSP2,Solomon Islands,GDP|PPP per capita,USD_2021/yr,2212.2389318002333,2684.965893777413,3232.838990869771,3816.572132323808,4466.53053108342,5187.5661740232035,5966.320917259073,6809.024408071122,7719.53336093515,8720.86170547089,9795.085245725053,10974.796052682117,12243.64846265042,13635.970674123077,15132.687839866254,16249.221473332636
IIASA 2023,SSP2,Sierra Leone,GDP|PPP per capita,USD_2021/yr,1935.6053838070702,2269.7378317862676,2665.2637142709723,3075.200729564015,3571.734504886811,4152.164912024624,4824.55376729545,5572.638611940848,6422.8572578546145,7389.124375562717,8488.952737354404,9712.514898341513,11049.946636303512,12495.091546752337,14056.04584646515,15180.546443755211
IIASA 2023,SSP2,El Salvador,GDP|PPP per capita,USD_2021/yr,10900.808569205263,11626.938775908597,12522.576925997068,13647.146390826932,15036.74876517461,16680.97020563264,18469.45076322976,20325.088372658185,22408.113953871096,24854.627137116775,27608.1876905758,30511.508012817038,33606.115835451084,36783.68918969439,40024.02084270653,42080.50888639015
IIASA 2023,SSP2,Somalia,GDP|PPP per capita,USD_2021/yr,1126.6240635782904,1400.4569285676469,1715.8151729366675,2038.7127361200621,2370.2116844962984,2720.9677431540786,3092.7032240523845,3495.338220664478,3936.4129161310098,4426.466577418065,4969.779010572825,5574.962644064215,6253.123896104884,7003.79717299504,7859.416714292497,8456.118773008404
IIASA 2023,SSP2,Serbia,GDP|PPP per capita,USD_2021/yr,23522.777849488124,25195.391579273626,27170.16759868757,29605.793680175626,32047.8174779116,34673.981270783894,37421.09749287353,41167.2448680443,45014.028544731555,48548.6844962341,51992.78860088715,55324.503548616005,58680.18016230545,61987.48123321904,65265.69337725907,66635.06226921627
IIASA 2023,SSP2,South Sudan,GDP|PPP per capita,USD_2021/yr,689.6390506426778,1014.0362346109094,1423.7211882705235,1868.020526089669,2343.14137719862,2844.3331491179715,3374.940019917294,3905.1750459745663,4456.707567881233,5012.595705485102,5611.0713017972075,6282.650464034257,7065.397607198696,7945.090601792907,8899.322249803152,9567.724345956649
IIASA 2023,SSP2,Sao Tome and Principe,GDP|PPP per capita,USD_2021/yr,4543.840032670264,4711.709837347334,4978.698258940201,5351.97922461402,5829.849493102479,6432.30235831992,7204.78698370964,8108.911552409474,9108.551145914875,10193.286955402747,11401.032257340206,12738.341959995905,14197.797353952286,15792.757810752608,17540.73922498599,18821.59291713994
IIASA 2023,SSP2,Suriname,GDP|PPP per capita,USD_2021/yr,17375.336020004095,18859.846112436477,20573.851446574387,22262.56658456479,23948.31892213496,25638.169096086545,27524.825678826866,29470.249556456292,31431.637269882667,33449.31601517623,35604.58911805303,37818.60212431453,40058.12480914168,42330.98512085589,44678.34373514036,45694.35631760426
IIASA 2023,SSP2,Slovakia,GDP|PPP per capita,USD_2021/yr,39094.02218218793,42283.00627895742,45465.03330908758,48422.49333323128,51436.79124931697,54250.237110937225,56910.87174824185,59687.35991910276,62573.154517686584,65276.66857299098,67838.56602022533,70349.73661578838,72889.0162818244,75494.5031593108,78060.81262433564,78175.50216279323
IIASA 2023,SSP2,Slovenia,GDP|PPP per capita,USD_2021/yr,49807.85009041182,53921.85669355537,58039.05709994066,62778.19314479781,66691.47826579223,70380.45895385955,73528.25898131693,77533.67013169607,80846.95561144166,83626.29995677706,86243.4129195849,88972.70825805617,92648.94612954184,97236.15607910143,102333.64467674666,104741.49372851658
IIASA 2023,SSP2,Sweden,GDP|PPP per capita,USD_2021/yr,62974.75564375042,67012.45731201085,70708.74469172352,74261.87937232043,77584.26445490881,80543.51228074379,83982.68540796268,89119.71808351162,94591.57196019508,99349.98646204917,103805.22631509278,108426.75810126399,113228.50787773172,118115.70306943545,122683.9169362291,122596.25045409719
IIASA 2023,SSP2,Eswatini,GDP|PPP per capita,USD_2021/yr,10303.117685332047,10690.439595183214,11230.294407944168,12060.133189468046,13080.927859160502,14257.714941825448,15680.388216014218,17473.664223568532,19604.643925998815,22037.806307627743,24792.563785081446,27920.306116048218,31412.701589246193,35236.64021403502,39341.666677804744,42150.893055149485
IIASA 2023,SSP2,Seychelles,GDP|PPP per capita,USD_2021/yr,35294.38182756941,37754.44276300099,40541.38461508287,43563.84800138043,46597.974556167545,49643.47783232204,52385.08709997338,55248.21824797123,58223.88949812864,61120.196961464855,63792.44089349368,66410.71342420609,68961.16978519397,71545.18043049793,74125.58400763395,74364.99502005524
IIASA 2023,SSP2,Syria,GDP|PPP per capita,USD_2021/yr,6771.321623362212,7348.237527925948,8028.119127416852,9179.116380634563,10556.289026695342,12138.635734071864,13835.368020425301,15707.024096648885,17685.01155172867,19814.456331096615,22250.394282239668,25058.48954168312,28186.84554405577,31143.407490965164,34060.44927687099,35992.61633938006
IIASA 2023,SSP2,Chad,GDP|PPP per capita,USD_2021/yr,1611.6513268833437,1868.815617578217,2159.9848093024802,2452.670162849989,2762.062667064803,3115.1738247086187,3509.760710240319,3955.033349121681,4457.857094221207,5033.860194921326,5689.988356377067,6441.492185924518,7286.469564587535,8232.516231673031,9288.737528048832,10072.88163723551
IIASA 2023,SSP2,Togo,GDP|PPP per capita,USD_2021/yr,2686.6738465747385,3181.5536396116177,3749.7962309775403,4376.209975932659,5097.603465365734,5917.4193617984565,6797.275119944819,7763.812309134064,8815.53388467376,9986.111804280968,11241.550184619884,12598.212960866607,14045.235337778995,15561.529316886134,17173.078029982626,18239.84032893291
IIASA 2023,SSP2,Thailand,GDP|PPP per capita,USD_2021/yr,21312.22540132427,23783.67807908655,26655.69196981575,30547.85933658446,34851.46919145737,39294.50141687653,43358.32397111023,47649.38517453004,51686.68243592713,55665.893600961404,59372.67032551781,62817.97878522252,66138.3288200612,69170.2212609988,72003.22622207673,72529.41539034752
IIASA 2023,SSP2,Tajikistan,GDP|PPP per capita,USD_2021/yr,4986.112519221009,5466.109708205037,5977.312409268922,6811.2191269819905,7536.309166859967,8336.117109515088,9092.441153750546,10365.869471378366,11778.006231245836,13263.696125774084,14790.351116594604,16353.252275971246,18009.67983097103,19792.06424946224,21702.515293850553,22999.526381673262
IIASA 2023,SSP2,Turkmenistan,GDP|PPP per capita,USD_2021/yr,17785.600484552513,17667.61228910389,17743.908200968584,17866.20057421483,18141.763864178924,18700.934114288422,19504.66327804909,20368.933715936433,21286.261376867744,22145.35733676628,22956.557011466415,23757.640187829213,24605.665334812096,25553.70351049595,26536.626010562282,26655.73408472044
IIASA 2023,SSP2,Timor-Leste,GDP|PPP per capita,USD_2021/yr,3321.295866791898,4329.376173759295,5597.793391239655,7056.906453229674,8751.900445180421,10570.12228501335,12490.068658718395,14503.627930567127,16668.849811044925,18955.37185726492,21393.093531097875,23946.791287183143,26550.39169349413,29143.11564088333,31689.848536735546,33065.59953965696
IIASA 2023,SSP2,Tonga,GDP|PPP per capita,USD_2021/yr,6268.537705037039,7056.465722617422,7962.489257423928,8872.884239414685,9853.385692641521,10827.396730143955,11873.507186314875,12918.262924018014,13982.205087672832,15038.63530672655,16131.946744648048,17280.034142198798,18488.811848081903,19738.516446413312,20997.421233757137,21591.015697339855
IIASA 2023,SSP2,Trinidad and Tobago,GDP|PPP per capita,USD_2021/yr,28263.81801798366,30936.69157288422,34479.29482753676,37846.12051384761,40299.454508196824,42155.98405554954,45121.92312664452,49618.11015307561,53428.1123823798,56597.317810831104,59443.171167996705,62192.06982033537,64977.916786751644,68035.9991958194,72045.01510755953,74713.90157158714
IIASA 2023,SSP2,Tunisia,GDP|PPP per capita,USD_2021/yr,12090.582344460512,14418.595599596974,17292.28298939241,20195.494177062366,23443.295705903067,27371.204926836454,32860.26901691609,37640.68607201666,42066.904644108305,45761.86549370318,48880.836279046074,51705.4861363465,54577.03328933668,57437.625736087015,60081.56251051301,60686.098059085394
IIASA 2023,SSP2,Turkey,GDP|PPP per capita,USD_2021/yr,39476.309193024805,43213.13128429091,47696.558006438245,51579.35417299643,55838.06772896203,60025.11632436467,65465.148014863844,70942.53003202373,75738.15450502286,79812.05446438087,83038.76151740189,85977.33426075579,88780.16111937739,92377.2465473508,96683.44269198945,98514.89372307924
IIASA 2023,SSP2,Taiwan,GDP|PPP per capita,USD_2021/yr,68860.04988862338,75423.87279280719,83504.26278479792,89111.98890264977,94060.42159643196,99087.21845511657,106300.61388653585,114881.67860866536,123820.74429832451,131291.11057766943,138738.14285770105,146587.3069379056,153949.1537616546,160985.7710743339,168133.45016965727,170001.1699048069
IIASA 2023,SSP2,Tanzania,GDP|PPP per capita,USD_2021/yr,3307.012396049702,3931.2927163932613,4683.513241845277,5534.034005192285,6494.644113043284,7600.1427850452055,8888.875630227696,10335.861965490563,11889.662649295235,13574.681257562721,15375.426116326402,17292.71282151194,19327.822984564256,21520.410674229857,23817.367061621182,25260.40086655915
IIASA 2023,SSP2,Uganda,GDP|PPP per capita,USD_2021/yr,2931.6873783296064,3596.529141278037,4402.626659675003,5333.563575976928,6430.0854732360585,7721.544956009472,9238.804732702536,10982.756096890473,12998.966717990737,15265.344217648146,17823.189687083493,20629.0874335143,23635.59741802367,26776.223895606123,30014.73426314283,32064.10071034727
IIASA 2023,SSP2,Ukraine,GDP|PPP per capita,USD_2021/yr,12106.968644713308,13341.32568085213,14529.977760246904,15616.942538205985,16641.483031763215,17808.98842941642,19291.418174113845,20717.529296902452,22163.86732207557,23453.498178520105,24742.479093555317,26158.160752856267,27663.173803863905,29213.189054972714,30714.05219040557,31168.438605732637
IIASA 2023,SSP2,Uruguay,GDP|PPP per capita,USD_2021/yr,28608.740444508836,29953.533797363638,31434.487056265094,32976.42396677939,34816.63184020007,37037.84833715643,39418.612789980856,41963.754734919734,44601.35798312933,47444.169008393896,50319.96894612188,53283.926774905085,56426.74186813546,59834.748255519065,63038.44919146466,64614.20900654221
IIASA 2023,SSP2,United States,GDP|PPP per capita,USD_2021/yr,72819.60451176317,75310.6001282199,77932.7920389697,80792.32338685234,84215.0067367553,88255.78768313117,92343.72365786326,96862.83613793507,101467.98731848873,105831.57393740976,110271.51862421198,115137.02263787677,120247.31016690489,125517.52121109993,130603.84337987425,131031.4607726811
IIASA 2023,SSP2,Uzbekistan,GDP|PPP per capita,USD_2021/yr,10335.015911046989,11017.007491330405,11737.106579543803,12639.155861967885,13302.192460255832,13961.863519054465,14635.48209890205,15588.79395789079,16659.56973125878,17709.520959167956,18758.224115482004,19791.36839389132,20829.01590037801,21890.96267723885,22995.733421941222,23393.368904697152
IIASA 2023,SSP2,Saint Vincent and the Grenadines,GDP|PPP per capita,USD_2021/yr,19050.848665946363,21168.58582837331,23534.19999163011,26098.324263910705,28883.087902781073,31970.264842755212,35355.22491565875,38772.00487608468,42434.17750769844,46184.91561658437,49985.53412902362,53808.047314815754,57927.023102561085,62149.752126303494,66362.5810413027,68483.49033734221
IIASA 2023,SSP2,Venezuela,GDP|PPP per capita,USD_2021/yr,6740.838835624106,7634.266918164304,8745.570187185473,10078.900010787134,11679.283375538113,13403.956531859307,15287.11028188592,17287.589324889585,19313.788867065814,21351.05708055654,23446.19610215363,25725.056251086826,28215.725505673698,30797.921325077597,33351.08840628666,34997.9762720381
IIASA 2023,SSP2,Viet Nam,GDP|PPP per capita,USD_2021/yr,14952.922935409026,16847.56841657119,19136.64676602109,21724.08124194269,24783.393297050847,28488.49889865806,32722.887293709664,37385.88344714356,42497.1795301385,47639.72155167923,52535.859541161764,57264.99121181414,61975.33324554734,66974.53697575172,71875.74754699803,74755.15868774733
IIASA 2023,SSP2,Vanuatu,GDP|PPP per capita,USD_2021/yr,2829.7702811377358,3268.7791402610305,3752.831091434638,4263.169904717457,4808.29156483129,5373.550125333478,5976.202706023984,6638.029197310419,7387.788283195456,8192.855593720542,9054.03140240048,9963.688338363496,10961.624005284133,12059.570933699826,13272.08502816843,14147.030556728498
IIASA 2023,SSP2,Samoa,GDP|PPP per capita,USD_2021/yr,5456.6366092715225,6397.23533407867,7430.2017818913855,8481.886842725655,9604.907478484994,10955.53012499966,12432.667056825672,13920.679053383286,15350.428241765381,16758.011011216615,18216.218159312073,19737.30171192564,21343.622435729383,23097.887454213214,24952.795518285457,26063.00757644383
IIASA 2023,SSP2,Yemen,GDP|PPP per capita,USD_2021/yr,1916.5928660250825,2157.79329738994,2587.9946757014677,2985.781110850498,3374.7620567641206,4073.8507596766035,4985.268907041326,6108.385019237947,7466.769015495471,9199.071080013662,11373.08840528391,13857.012592659896,16665.609107871034,19775.913596356593,23088.263409127347,25715.291296518506
IIASA 2023,SSP2,South Africa,GDP|PPP per capita,USD_2021/yr,15183.188314334435,16473.633476588708,17899.781501027177,19425.692529005064,21168.70613589082,22765.572132867903,24461.058742920995,26374.673285794182,28733.697100633308,31247.300409717634,33718.231578580475,36272.64264801413,38931.69009135452,41729.55529224873,44616.60969541022,45895.44787515498
IIASA 2023,SSP2,Zambia,GDP|PPP per capita,USD_2021/yr,3827.697237753036,4328.331884647045,4901.912797255541,5558.2153899681325,6359.209324358737,7278.184776056619,8327.560548293133,9502.294578662764,10838.674571041416,12323.681273052836,13961.29446430648,15758.500747886877,17704.495501395773,19777.679235700525,21969.517407501502,23364.96430752506
IIASA 2023,SSP2,Zimbabwe,GDP|PPP per capita,USD_2021/yr,2378.251198014523,2980.5898976421213,3660.3278284429607,4322.5183673217825,4979.120186609106,5655.052620005082,6372.81569975914,7119.336624383087,7923.94443138645,8806.892918945312,9786.21562633891,10854.48913137635,12035.005877690886,13361.771619373867,14800.838100262477,15773.355577006629
IIASA 2023,SSP3,Aruba,GDP|PPP per capita,USD_2021/yr,46716.99835731196,51297.10103646971,55814.715903558674,59499.11454034167,62740.805524687596,65407.73350103914,68475.45317501138,71071.05171450366,73186.00816184026,74738.8434629198,76273.41885361061,77923.49742293633,79728.33732253242,81835.99317475306,84154.24837046007,82698.71856262439
IIASA 2023,SSP3,Afghanistan,GDP|PPP per capita,USD_2021/yr,965.3329382017998,1101.4493505878486,1237.8609531887103,1348.8078751295916,1445.1789320121309,1523.978859609881,1593.4647831634386,1647.786593636226,1690.4946298938137,1724.6484541262214,1752.5179594707706,1778.244547068806,1805.7609411431558,1832.2919982827177,1855.3098984791413,1761.8818697832637
IIASA 2023,SSP3,Angola,GDP|PPP per capita,USD_2021/yr,6692.747686633341,6529.683347250671,6400.5709051087715,6324.909146122812,6293.875677027356,6289.767881882246,6323.377157992233,6355.614586078047,6384.796036429433,6414.821840362445,6441.305892571628,6472.148639659521,6510.8776992986695,6573.6902950441945,6633.179766510156,6270.447353033185
IIASA 2023,SSP3,Albania,GDP|PPP per capita,USD_2021/yr,18392.953442589438,19613.416307869727,21060.356606491983,23111.668454565042,24434.972218757895,25283.718695225252,26142.64909324366,27224.80146962084,28513.18557956906,29301.883599212157,29863.014763897238,30276.856111411016,30649.422830229338,30967.4407740971,31278.91354099826,30214.560541007166
IIASA 2023,SSP3,United Arab Emirates,GDP|PPP per capita,USD_2021/yr,89356.37521091418,107354.08778463706,127511.5783540949,143970.05199571405,157456.19096332917,166906.5951594938,177706.62380900542,188207.8226119946,199676.66458416524,209101.47676665123,215878.14994378635,220602.6989186836,223938.36454567572,226459.51951514976,228905.88270990588,223505.18247560173
IIASA 2023,SSP3,Argentina,GDP|PPP per capita,USD_2021/yr,25909.10939012546,27156.67105086663,28356.33464649913,29452.507605457886,30640.59972883747,31808.985021478344,32963.693120291304,34014.81234932115,34961.01446186036,35659.22593238038,36104.89411821239,36490.160084167605,36909.15987136001,37391.477819518004,37828.21805451542,36346.458543295295
IIASA 2023,SSP3,Armenia,GDP|PPP per capita,USD_2021/yr,20384.577979464008,20682.49599689685,21156.041662287585,21832.37330588231,22300.56711759571,22672.26391727804,23070.12280407615,23395.15004652046,23694.154509988686,23868.77566068735,23989.180445363785,24064.892981131292,24162.67985191986,24264.966324977126,24366.512455878546,23215.39045669619
IIASA 2023,SSP3,Antigua and Barbuda,GDP|PPP per capita,USD_2021/yr,25516.44315065708,27623.550748291545,29696.287531574304,32220.926170671206,34799.10258986731,37087.35753888651,38810.00458670629,40150.64009752664,41183.77192638377,41895.79129642186,42468.147353690605,43007.35866015848,43519.54372085548,44003.785026884565,44460.35929344439,42830.775626581926
IIASA 2023,SSP3,Australia,GDP|PPP per capita,USD_2021/yr,60942.24065619858,63385.32007304379,65810.1357468578,67960.13825363677,70337.74216701597,72014.52889869902,73770.69447487198,75452.09287993242,77203.32102431936,78663.14142145471,79960.22052513885,81276.0799191703,82624.69690356808,84015.27776224291,85329.43000180942,82562.6218492601
IIASA 2023,SSP3,Austria,GDP|PPP per capita,USD_2021/yr,64972.14280176103,67558.62611893407,70273.13837958423,73366.175037625,75113.77018089674,76592.96792446073,77742.30722223414,79778.2167324111,81670.88792004473,83336.31857653047,84769.35004768767,86065.3308167273,87242.13434956074,88354.88536446462,89360.02054046206,86444.90689534786
IIASA 2023,SSP3,Azerbaijan,GDP|PPP per capita,USD_2021/yr,17453.062509175328,17524.711371295976,17444.89422907039,17667.42736768145,18194.84692741565,18656.13632632695,19008.119527381165,19225.066054738218,19466.76307443901,19640.63366761696,19700.423067579697,19686.265341309638,19678.182967963527,19703.723473460494,19715.3492782942,18691.35588931226
IIASA 2023,SSP3,Burundi,GDP|PPP per capita,USD_2021/yr,848.6908795591235,1098.7781632484018,1367.501928702113,1596.6871992799877,1790.3593263615037,1940.4943097726411,2059.349234225884,2148.6227266156116,2215.2894218700867,2256.86897282189,2278.517408046302,2291.707510190545,2307.2046020752277,2322.5042619625456,2332.7042195920435,2194.3388162942133
IIASA 2023,SSP3,Belgium,GDP|PPP per capita,USD_2021/yr,60677.86609319238,64356.064440171736,67580.86131457759,70726.65403040973,73101.44051815636,74851.08705898584,76032.88582237424,77492.61513699133,78757.73949713586,79697.2540769161,80514.57220349833,81421.7707682997,82433.97281173695,83524.43603119256,84527.76417145223,81301.73043211481
IIASA 2023,SSP3,Benin,GDP|PPP per capita,USD_2021/yr,4190.599079677606,4627.70296103685,5059.46975593886,5405.387892834394,5729.0038636981,5997.751682448368,6215.211000794586,6388.99971009445,6515.865305100846,6616.704776237343,6678.3221916211005,6735.535925325065,6774.606232710685,6819.60535830709,6859.036323102386,6467.652775020965
IIASA 2023,SSP3,Burkina Faso,GDP|PPP per capita,USD_2021/yr,2642.402789575988,2922.6999605195247,3160.6611201854053,3310.050116468002,3393.5915249613618,3425.156732002663,3441.537729739219,3441.390921333544,3429.896227635256,3403.6010637841728,3370.7541060607427,3338.3297986774137,3311.532908874114,3293.678545525155,3275.7069565031866,3046.907584376677
IIASA 2023,SSP3,Bangladesh,GDP|PPP per capita,USD_2021/yr,8624.318768813324,9016.551537720621,9455.246037462184,9883.875037924354,10277.677013686436,10579.154310173111,10852.029753877136,11149.85411409706,11434.418513578785,11650.256581512762,11785.334376644634,11863.311315893267,11891.024747430467,11889.455315912472,11880.943541789791,11303.704312970462
IIASA 2023,SSP3,Bulgaria,GDP|PPP per capita,USD_2021/yr,31036.83399021058,32096.027200133496,33269.62112331739,34208.75453361367,34873.304648791374,35309.500005990034,35781.26841679644,36226.83729803465,36702.43812055264,37051.94383723479,37284.89668942995,37470.37671253916,37655.51373771581,37874.26294960486,38095.952565508844,36549.613867859975
IIASA 2023,SSP3,Bahrain,GDP|PPP per capita,USD_2021/yr,57785.44795050172,58097.61340253936,59236.889946832925,61407.716152833076,61091.391894548906,61468.03058643305,62110.63919396381,64864.33478243687,66752.9678663751,67648.95056147009,67813.62299349882,67630.15165066646,67311.44930418288,67044.1733879439,66785.07005262795,63528.51016854135
IIASA 2023,SSP3,Bahamas,GDP|PPP per capita,USD_2021/yr,39311.933147097276,41686.81886161731,43682.04037930011,44884.789577515134,46111.56149175075,47690.75145180107,49078.9050717274,49909.1550383831,50468.38648812555,50846.15536634003,51166.45385104685,51524.73463105132,51911.59888300102,52277.297179806345,52590.87302642709,50466.82089003027
IIASA 2023,SSP3,Bosnia and Herzegovina,GDP|PPP per capita,USD_2021/yr,20146.430366256885,21952.55217227721,24030.5471501591,26130.652794101545,27751.265553987687,29024.107310509866,30377.455629689077,31467.769789814254,32280.571546260067,32808.59537129266,33181.4705442667,33461.32863537391,33705.661301823784,33917.29375664561,34101.61765910962,32797.29137347616
IIASA 2023,SSP3,Belarus,GDP|PPP per capita,USD_2021/yr,21316.362010852103,23076.51442209166,24699.246651622474,25482.409099024502,26291.73867545182,26977.361830768514,27879.936050046115,28541.378836574804,28849.664513607644,28945.304099984078,29014.220036286286,29090.815630196426,29186.679945593754,29289.483400958674,29359.69794088181,27991.19664760289
IIASA 2023,SSP3,Belize,GDP|PPP per capita,USD_2021/yr,10914.266933847182,13598.665438694436,16460.275916074992,18850.131201637163,20756.690781603873,22121.405441482337,23219.62077405131,24095.08783449364,24793.876392296454,25232.345198358977,25507.106928376474,25671.60308354991,25764.346621408393,25810.940236674487,25837.359497800306,24581.378483904475
IIASA 2023,SSP3,Bolivia,GDP|PPP per capita,USD_2021/yr,9254.337640617188,10333.960115038046,11360.207232110935,12261.735404378553,13022.839865043132,13636.529145166489,14173.155375271896,14639.447461828326,15033.910673147755,15285.340828928576,15451.769956802606,15572.868706387026,15670.230198269373,15745.760451173239,15788.672401569685,14951.386218811382
IIASA 2023,SSP3,Brazil,GDP|PPP per capita,USD_2021/yr,17196.804323351324,17988.539072172465,18848.876916962607,19867.42969618171,20978.81687045564,22138.556875900806,23216.46217393622,24274.44471202924,25187.749740463765,25938.549909067115,26530.85299248897,27047.99345694045,27522.490028855693,27981.9729730198,28394.83048684273,27471.621882372863
IIASA 2023,SSP3,Barbados,GDP|PPP per capita,USD_2021/yr,18589.207702418506,19692.463039502225,20912.57213528812,22427.187893524002,24056.875823965674,25430.18710422003,26383.173740295595,26999.584338451565,27372.51037977359,27504.7153406307,27566.800581396874,27591.561701980845,27605.03163926409,27584.411252068123,27539.33852591515,26182.752384003037
IIASA 2023,SSP3,Brunei Darussalam,GDP|PPP per capita,USD_2021/yr,69562.41842644416,72309.65469642302,75175.00845876738,77872.14079345689,80711.74048838227,83630.58409953157,86916.23353549377,89948.09856821205,92687.58903153833,94642.32984897772,96095.53696081761,97082.37573902817,97905.84575173192,98615.22334527147,99150.60913864544,94826.07903511792
IIASA 2023,SSP3,Bhutan,GDP|PPP per capita,USD_2021/yr,13363.75634645835,14139.174234425924,15015.217740338978,15856.286182779033,16752.024141210983,17624.75900834417,18622.24957632921,19543.249168616218,20429.433329829055,21045.082381052358,21408.225559214214,21619.969622090244,21777.285199841208,21871.50463982088,21918.65164556027,20992.693241897643
IIASA 2023,SSP3,Botswana,GDP|PPP per capita,USD_2021/yr,18719.389696856226,20668.659039934664,22408.539633626693,23629.744683426263,24682.328643808432,25947.08191877636,27129.789330805783,28031.6298080813,28759.702463339487,29277.894043868542,29653.06314724053,29957.44259052473,30197.58349311007,30454.929595981288,30678.060780605432,28998.146558801967
IIASA 2023,SSP3,Central African Republic,GDP|PPP per capita,USD_2021/yr,912.2054759365245,1120.3960980994934,1337.7527662921757,1525.1713632687124,1687.7968372618823,1818.106607283231,1921.9839486005958,1996.3268677316291,2052.439494754053,2092.3010733717488,2125.526024812643,2155.3629933621396,2180.046495980094,2204.0674777788863,2228.200372800162,2099.88064405296
IIASA 2023,SSP3,Canada,GDP|PPP per capita,USD_2021/yr,58123.81759525315,60189.6287695825,61410.401075778595,62721.66165568525,63522.61657840106,65286.40297635465,66180.23398999913,67027.94555706122,67597.66260323036,67677.56518000776,67999.74973226551,68484.14792725048,68969.81660805871,69437.2845620672,69920.30771609682,67250.04221555254
IIASA 2023,SSP3,Switzerland,GDP|PPP per capita,USD_2021/yr,81842.64462952978,86363.7853937011,91094.13398562922,95430.4445268549,99979.91171584438,103965.26101257191,108027.70444811601,111995.48381528727,115749.14422735684,118391.29309943046,120267.10126610953,121800.5711141833,123105.12432299944,124362.1830977976,125515.90529496198,120835.0605734916
IIASA 2023,SSP3,Chile,GDP|PPP per capita,USD_2021/yr,28538.90520163878,31287.188594365838,33847.49952876824,36009.272939255585,38232.660828116714,40093.31108503602,41408.22988639271,42128.90681209542,42659.08323684815,43041.519249273384,43258.752249509824,43459.51183360713,43688.83783596411,43932.862260838614,44100.46485271458,42402.048922358204
IIASA 2023,SSP3,China,GDP|PPP per capita,USD_2021/yr,17245.756159330263,18405.64172097694,19629.771693950384,21027.23861950901,22933.621485600124,24581.3592068153,25976.58402546114,27489.501849433615,28687.832767677603,29350.37781460133,29485.245084876282,29443.579000208847,29442.150346580358,29619.160376860833,29741.210659252563,28472.421043904633
IIASA 2023,SSP3,C?te d'Ivoire,GDP|PPP per capita,USD_2021/yr,6983.295075363238,7365.172618792679,7774.307983830858,8160.878562194852,8555.099577531835,8913.021902824234,9229.942607287032,9493.898542047686,9719.491626106928,9894.111953202344,10039.295197642712,10181.038108706436,10313.584154224376,10430.481559716334,10538.21098771129,9995.986257499411
IIASA 2023,SSP3,Cameroon,GDP|PPP per capita,USD_2021/yr,4419.8541491707265,5301.860032615261,6242.7527587537825,7100.250320363247,7855.3286535337365,8480.686989737784,9003.721189298265,9432.286160618312,9775.577789613979,10006.576979485193,10184.606951022493,10312.176486191182,10432.659775454385,10538.842445744978,10636.319635096525,10059.86985703748
IIASA 2023,SSP3,Democratic Republic of the Congo,GDP|PPP per capita,USD_2021/yr,1393.6992663216793,1752.1439774998528,2149.4024943454233,2515.9911907451324,2843.599226042686,3125.310126619944,3368.9866725712213,3566.582945865158,3734.1908580078025,3873.856999298732,3993.874452755319,4097.936911152367,4185.483209813751,4273.048821886538,4358.465447609387,4162.129459338232
IIASA 2023,SSP3,Congo,GDP|PPP per capita,USD_2021/yr,3997.9362831222506,4181.898439573477,4340.249787175419,4487.586443275045,4630.873814884508,4761.737390624267,4892.5906492472695,5021.749104832269,5148.0992851489345,5245.400441009298,5334.348560902169,5427.466478792623,5524.478088486526,5617.76306730558,5708.5815870785655,5452.572699935585
IIASA 2023,SSP3,Colombia,GDP|PPP per capita,USD_2021/yr,18249.149496380778,20634.069378932953,23063.42075502225,25233.79029716341,27216.495068808745,28771.661016414957,30221.719629356056,31448.782500354235,32547.544665873407,33337.291764104324,33906.33602823323,34364.15747631268,34759.48872044098,35113.70989617999,35405.377625637826,33987.93662261074
IIASA 2023,SSP3,Comoros,GDP|PPP per capita,USD_2021/yr,3754.772451217321,4672.528442755949,5645.791328739894,6497.957939002348,7251.650767994117,7871.302120630218,8358.867405402007,8736.333124809707,9017.315142605157,9240.152583214853,9395.29218601631,9533.47821446642,9650.086230339879,9764.04817805998,9874.497043503901,9391.3974592765
IIASA 2023,SSP3,Cabo Verde,GDP|PPP per capita,USD_2021/yr,9094.465243179058,9892.690509213995,10730.449685583175,11612.519670133084,12517.914079654134,13441.06016716548,14252.478718290853,14997.824130577059,15704.636888750474,16311.67889814262,16745.722267730886,17062.492177777684,17306.56027801069,17505.399078310857,17678.291735121853,16985.299140379477
IIASA 2023,SSP3,Costa Rica,GDP|PPP per capita,USD_2021/yr,25472.746542039404,26827.051510688732,28297.885693931014,29809.650767387655,31460.004272720184,32929.16423074884,34406.00205537641,35786.387568509344,36943.987828496865,37789.22928920732,38336.84424545615,38789.93466448303,39221.46328405639,39664.791870970424,40051.97934514643,38630.41367092408
IIASA 2023,SSP3,Cyprus,GDP|PPP per capita,USD_2021/yr,37339.628212166346,42386.44057627192,46948.000267699186,49849.076016288374,52028.06365986801,53458.189442311086,55028.22890358244,56317.05389730757,57247.071446379414,57556.482844830636,57851.74990863297,58251.360285913324,58665.77271802067,59072.759964108496,59377.020046426296,57112.19184684731
IIASA 2023,SSP3,Czechia,GDP|PPP per capita,USD_2021/yr,47144.73333513832,48372.103750349794,49884.78955471492,51939.21055187026,53237.67112942953,54466.29926431996,55534.12406459668,57047.914681509996,58255.47769645338,59059.12586925063,59560.18170197455,59897.320867782335,60229.83770085889,60642.15077977355,61095.264425049005,58680.826081333966
IIASA 2023,SSP3,Germany,GDP|PPP per capita,USD_2021/yr,61916.10050989476,63423.40562788817,65031.89138499393,67335.23618768323,68475.1824284114,69594.46472428994,70282.83055591192,72301.68648344083,73485.86357104642,74360.84944897304,75024.75843198506,75606.98390252222,76256.39795465693,76993.34721888324,77767.48538826121,75248.90836198092
IIASA 2023,SSP3,Djibouti,GDP|PPP per capita,USD_2021/yr,6182.453929698867,6842.6639101789015,7437.037993967737,7854.872791039058,8159.507731949224,8413.821296145925,8627.020757519298,8795.360382480452,8910.68833844534,8986.407554237618,9046.296131528237,9113.26054585158,9192.638441183444,9273.419024034974,9343.366419703654,8870.213963469563
IIASA 2023,SSP3,Denmark,GDP|PPP per capita,USD_2021/yr,67829.55388912882,68968.83953298088,70263.15065539726,71590.37749121602,72837.17045246463,75088.2577001264,77446.99411908799,78648.3396445096,79341.27220042684,79648.27570014616,79913.62724323079,80212.62534043986,80457.38881434567,80710.83483535737,80935.81439458513,76884.96202169957
IIASA 2023,SSP3,Dominican Republic,GDP|PPP per capita,USD_2021/yr,23750.816244918682,25414.18509296942,26977.882785057725,28320.502060202827,29746.857634522046,30986.597988270787,32004.858062792442,32697.528394809087,33382.96828215045,33851.173546472004,34116.67237894417,34240.47525658009,34331.141175212484,34434.35790181791,34497.183268219545,32816.82593139346
IIASA 2023,SSP3,Algeria,GDP|PPP per capita,USD_2021/yr,12488.35663172215,14631.464675140604,17046.995683711462,19330.97794876033,21417.377110838377,22994.42061528166,24525.9214021004,25923.151383962457,27254.460883398704,28165.586747903417,28744.438919512162,29084.88043815751,29376.391555419938,29730.071674335057,30124.867002260748,29033.891476514997
IIASA 2023,SSP3,Ecuador,GDP|PPP per capita,USD_2021/yr,12701.574164345124,14240.803560364502,15668.293403655984,16877.807665174445,17836.41189431734,18601.99117627137,19328.026421888404,19949.834875465087,20502.28734116311,20838.63686530677,21070.19448421735,21228.935925283815,21379.877915012188,21495.402502131907,21602.505504619396,20634.4530184937
IIASA 2023,SSP3,Egypt,GDP|PPP per capita,USD_2021/yr,15465.200653028254,16263.534140872824,17096.80150822923,17856.344658507795,18675.721659230876,19534.8438673472,20345.134868881665,20881.504824661937,21346.76674983403,21774.037621743137,22123.041811150422,22336.345617082283,22566.89872647465,22829.95193709514,23094.62693252934,22162.725963984674
IIASA 2023,SSP3,Eritrea,GDP|PPP per capita,USD_2021/yr,1987.263630585104,2233.6973819280183,2456.780830839054,2616.908663349743,2733.7038586162657,2819.035236735459,2870.8635564535357,2894.3089681762144,2892.9503608850496,2881.3364475453327,2873.305774659745,2868.769555890142,2860.3153671313153,2846.2862334928564,2828.844327004277,2644.657508400169
IIASA 2023,SSP3,Spain,GDP|PPP per capita,USD_2021/yr,46926.1720439806,49827.94353679185,52631.01162140278,55420.44927070572,57480.34236817719,58655.83264750479,59789.12172502888,61211.449983541126,62282.04793298346,62509.66924368255,62614.76809811754,62996.78935915372,63519.106203723844,64142.81940887891,64635.34961293567,62259.61347528837
IIASA 2023,SSP3,Estonia,GDP|PPP per capita,USD_2021/yr,44083.284998343865,44374.27613189381,44105.49011555628,44605.20742835025,44706.297909740606,44997.82965114322,45298.05484524323,46019.33375301586,46389.44297505213,46645.15472133456,46859.24697161052,47137.04778503576,47436.753276307754,47730.1172064637,47968.85475785484,45897.95554424194
IIASA 2023,SSP3,Ethiopia,GDP|PPP per capita,USD_2021/yr,3057.447014959663,3244.8756401659766,3381.7027304432804,3446.2769807311447,3475.460187453565,3475.1784064950616,3457.2105046244096,3413.85825447,3364.990162419265,3308.941425949902,3265.2236971983225,3230.303605205583,3191.8698175705954,3147.768898901197,3097.780773455087,2864.6678098973257
IIASA 2023,SSP3,Finland,GDP|PPP per capita,USD_2021/yr,56630.1702331164,61962.11407005006,66927.11133484782,70049.43850705163,72157.67991123132,73483.0589482544,74788.08972773836,75822.53510141114,76371.31905909357,76423.55455930479,76580.9428597123,77080.08738608529,77759.11058595228,78624.01686904127,79406.50032157835,75908.90486285674
IIASA 2023,SSP3,Fiji,GDP|PPP per capita,USD_2021/yr,14889.376983487948,16686.99484199505,18511.275974106884,20055.578203413435,21355.634464429753,22415.51482282798,23274.048720172952,23888.97617362275,24352.782845309634,24722.90377161467,24988.105004311117,25193.38496789349,25398.982690799814,25632.651047511277,25893.035190159542,24775.795021408652
IIASA 2023,SSP3,France,GDP|PPP per capita,USD_2021/yr,55391.11973100098,60139.91450687324,64278.67968250033,67761.99816695208,71000.56635746156,73982.6933044802,76965.33829437805,79408.98465495207,81473.7744242477,82898.82873072132,84170.39600716613,85393.6847154832,86663.89376184085,87892.96302018057,89013.72441314475,85502.54772541168
IIASA 2023,SSP3,Micronesia,GDP|PPP per capita,USD_2021/yr,570.8053350433358,597.0803284821446,618.318021259755,639.4304528603227,656.2330168452246,670.2026356665837,680.0082021848806,689.0955957065544,696.7485565482286,703.1117206918236,709.3083846390676,717.4104077718658,726.4860554165015,736.7478040014804,746.6346060862778,716.734391166049
IIASA 2023,SSP3,Gabon,GDP|PPP per capita,USD_2021/yr,16045.190321256876,16658.086163661792,17309.724713536765,17912.22725327177,18526.49886534819,19115.375480600473,19671.90225761589,20182.003564188446,20692.30221630517,21211.01651382447,21673.616549527367,22070.156569203773,22455.122920912214,22877.923047135242,23340.396068588358,22445.93771024688
IIASA 2023,SSP3,United Kingdom,GDP|PPP per capita,USD_2021/yr,52918.71420989787,54838.11826416433,56357.28108634853,57873.63654911239,59730.47487730495,60808.36111360017,61813.07675611916,62532.218565683186,63085.281047758945,63234.861133633116,63502.081692579,63900.42376112235,64322.906114210906,64760.42699914614,65080.72994391895,61939.926809576114
IIASA 2023,SSP3,Georgia,GDP|PPP per capita,USD_2021/yr,21693.01096962047,21269.914153473743,20681.999642673218,20168.353048042176,20024.94576407975,20186.722673315788,20340.68962193121,20216.316701158546,20006.67459656466,19893.36880943547,19870.712547385545,19865.969117618497,19849.494820825254,19802.73302242202,19736.253239463673,18756.95221698947
IIASA 2023,SSP3,Ghana,GDP|PPP per capita,USD_2021/yr,6300.25707501013,6344.069431317306,6321.778666458656,6460.680069943339,6675.123306010529,6920.947790607411,7215.0881804499,7530.06368150579,7884.341154128386,8236.560218729644,8599.428360748403,8988.370288433336,9406.96644753742,9851.456171025095,10305.356182212015,10173.401259053364
IIASA 2023,SSP3,Guinea,GDP|PPP per capita,USD_2021/yr,3301.906120101241,4241.187670857807,5290.812236148486,6235.343280628178,7045.245069576996,7685.3576067236045,8167.146272296559,8486.759556356934,8695.567055298325,8809.789066156613,8877.83532295476,8898.293707997138,8917.38247647214,8922.12792509681,8918.526152441182,8357.537751217791
IIASA 2023,SSP3,Gambia,GDP|PPP per capita,USD_2021/yr,2625.518572142239,3081.677652070156,3528.07268939156,3907.36435162375,4251.7314114505225,4561.15300216965,4822.079123887053,5045.472344262013,5236.548556690299,5399.146557590971,5536.982510348989,5677.852204560377,5819.570489475783,5961.388570525579,6096.044414213034,5874.564172399696
IIASA 2023,SSP3,Guinea-Bissau,GDP|PPP per capita,USD_2021/yr,2662.7275012176365,2947.356258009505,3205.6430428369476,3393.470518638729,3528.305258051063,3633.782274613059,3722.9566009329114,3790.9863055225546,3850.972378498103,3902.5880632542335,3958.538346954965,4018.9533220099165,4081.186808172306,4145.725909359742,4208.352620984176,4024.986475990645
IIASA 2023,SSP3,Equatorial Guinea,GDP|PPP per capita,USD_2021/yr,12183.045752566244,11380.979236913538,10389.466338027658,9967.584309318754,9821.631348348892,9850.960805167728,9986.26950084928,10256.758572858927,10566.420037743479,10869.204994221804,11132.247092139534,11419.842052197168,11711.308207577467,12008.403191564023,12305.333511552564,11883.410319925932
IIASA 2023,SSP3,Greece,GDP|PPP per capita,USD_2021/yr,37518.62142135843,42128.09158627681,46282.05486227973,49690.9259257829,52618.53029655243,54985.53160467672,57090.822081004655,58502.89800920899,59528.132033857975,60115.82105816115,60681.200191762575,61389.301530669596,62164.920985182864,62970.76384603359,63692.885107107875,61692.90527904162
IIASA 2023,SSP3,Grenada,GDP|PPP per capita,USD_2021/yr,17540.630675298027,18879.75109292458,20268.023422882718,21838.665953063377,23224.75590342256,24315.718855409523,25143.364282408198,25924.03963517791,26621.964591666947,27133.513938744807,27527.290172003177,27867.133672748634,28191.611871426925,28520.734671424554,28883.507603482616,27804.45134814022
IIASA 2023,SSP3,Guatemala,GDP|PPP per capita,USD_2021/yr,10392.714469867784,10690.89007488108,11038.00046521186,11342.967125369054,11671.655639409028,11993.475557473057,12346.243131992705,12636.352102725443,12878.835077156082,13086.394442229606,13294.909170433106,13516.681389728274,13731.035458956281,13935.69443661575,14114.119978527933,13548.867249204468
IIASA 2023,SSP3,Hong Kong,GDP|PPP per capita,USD_2021/yr,69504.27052236244,74647.28916159086,80969.0644338999,85649.43818094589,92166.63530972038,98763.82950657951,105641.55533283735,112314.49194495662,118342.48450105255,122386.78975724136,125132.93755969887,127422.34385765648,129380.42999968772,131485.36251165808,133687.283722566,130974.64188228188
IIASA 2023,SSP3,Honduras,GDP|PPP per capita,USD_2021/yr,6733.74889742178,7328.013231457408,7907.57725913496,8376.493853091319,8798.674071690964,9167.919971961814,9517.688322402102,9802.628425260516,10039.845017874128,10219.152657998744,10369.573284792512,10498.396634256023,10600.241313090019,10680.677292439963,10739.117081252662,10239.655694861643
IIASA 2023,SSP3,Croatia,GDP|PPP per capita,USD_2021/yr,38670.647128590215,40437.10590824206,42565.40482937308,45278.09416269266,47083.820021748,48393.33942647934,49719.114371067,51182.31521245416,52345.29491273899,53072.18035985239,53657.090783203515,54166.97681700846,54648.77735980572,55114.65374026958,55530.08160711968,53446.39957015421
IIASA 2023,SSP3,Haiti,GDP|PPP per capita,USD_2021/yr,3038.5701123597614,3449.870510178527,3838.770614587418,4177.129347628256,4459.52102784842,4680.914817006235,4869.568947211056,5053.631415948144,5230.027411447895,5384.811639099379,5522.068929002323,5656.772536842574,5794.007709694705,5934.150752019726,6069.871061749177,5858.961057724544
IIASA 2023,SSP3,Hungary,GDP|PPP per capita,USD_2021/yr,42868.41105040438,45705.66055809206,48549.86399790422,51931.96631454344,53244.854563471155,54648.94980611504,55325.00791886481,57666.39958746996,59081.35192922167,59832.82950242047,60314.42748868828,60653.31685297095,60966.829450730926,61301.771908612296,61611.28364587354,59162.29929464051
IIASA 2023,SSP3,Indonesia,GDP|PPP per capita,USD_2021/yr,13551.006910530656,14238.267094974644,14964.857667891352,15693.719980472353,16486.45476695997,17335.73176751903,18158.925997020564,18824.64612071843,19353.156861308198,19722.943423051107,19955.540182177014,20099.959719142615,20217.63589729871,20315.83327896367,20398.642980968754,19456.986332382003
IIASA 2023,SSP3,India,GDP|PPP per capita,USD_2021/yr,9152.05513001361,9988.48255838787,10861.719716010197,11711.597975120023,12525.47941302983,13221.02849953006,13878.855513754117,14483.74951337741,15017.16431678641,15391.720759453585,15620.229667050817,15763.121310165021,15878.28215341164,15964.663136227802,16031.21440205028,15222.045664250927
IIASA 2023,SSP3,Ireland,GDP|PPP per capita,USD_2021/yr,143334.65575090592,150166.1035725144,157302.5478164896,164016.51770061464,170310.65980674408,174754.00557995142,179307.07350249655,184067.79512275333,187416.5416516256,188337.39564965255,188257.1412283312,188077.76854438154,187928.8568934511,187681.3516144821,187037.45840571568,176716.51273295758
IIASA 2023,SSP3,Iran,GDP|PPP per capita,USD_2021/yr,17498.840685537198,18727.634439038997,20003.518986148367,21006.16683230907,22100.87332890833,22996.01792469795,23869.858936314635,24951.290908951483,26070.721255228007,27000.448471842064,27507.010372801447,27832.35524384357,28083.942797307187,28381.521199796334,28662.5179620034,27669.72501492825
IIASA 2023,SSP3,Iraq,GDP|PPP per capita,USD_2021/yr,11315.989903487376,12181.165297702893,12968.782756521097,13605.144500824252,14230.790284092158,14774.329406339019,15282.07851383111,15650.942526991312,15981.808919062198,16237.36832899813,16399.224754677147,16456.637578172624,16502.41153114742,16577.156436501107,16646.018904296518,15794.432254235333
IIASA 2023,SSP3,Iceland,GDP|PPP per capita,USD_2021/yr,66472.03880508618,70065.78490642877,73145.13395461904,75555.23608077414,77070.52713401287,78098.75698605587,79329.21355239332,80215.69777635249,80869.12225253296,81464.15085943691,82086.11093928594,82772.82292996706,83435.56852586889,84145.3907563476,84816.98421552706,81132.82535534145
IIASA 2023,SSP3,Israel,GDP|PPP per capita,USD_2021/yr,54756.080736670505,59233.15183075294,62894.75841282133,65208.68376894794,66757.56860065575,68288.38499078483,69667.67872218839,70742.81600514983,71436.87566681886,72007.05544033495,72519.57265795035,72974.56590861993,73406.95471576558,73925.49859799213,74448.56679040771,70163.91250395129
IIASA 2023,SSP3,Italy,GDP|PPP per capita,USD_2021/yr,50085.96717692705,54052.82673978177,57599.82792953648,60974.59923150139,63853.57056308844,66204.93333853477,68730.6292010557,72526.85375680415,76053.90226863534,78249.93384041339,79681.74994607405,80839.96771139454,81888.19206599962,82997.71142004099,83988.50746728484,81018.44648179515
IIASA 2023,SSP3,Jamaica,GDP|PPP per capita,USD_2021/yr,11574.68063737939,13078.705600453259,14534.914455296877,15848.745076881945,16993.179072071987,18087.51795523049,19056.78854523912,19879.53312137233,20545.897273656825,21081.06785863262,21509.457459337475,21921.80606067599,22302.99557161937,22658.138039154088,22972.0712657451,22225.375042910015
IIASA 2023,SSP3,Jordan,GDP|PPP per capita,USD_2021/yr,10656.130414184066,10879.280476573576,11109.623281536326,11514.582403533077,12021.037139327585,12520.973161262335,13000.56252248669,13446.25388771465,13900.756537933372,14278.133453082524,14550.942066593636,14785.827601777954,14999.522817041092,15185.10611820808,15345.349522188162,14769.340636414965
IIASA 2023,SSP3,Japan,GDP|PPP per capita,USD_2021/yr,48399.49443485458,50645.40003228704,47042.908173412434,57466.50024991277,59059.09047121445,60920.06404966657,57308.93251382532,60778.47870245686,63539.06712185258,65767.08868600808,67658.66971779134,69319.80747856095,70814.50786393638,72126.14684398372,73242.95648874297,71513.86233714772
IIASA 2023,SSP3,Kazakhstan,GDP|PPP per capita,USD_2021/yr,31958.142073239716,31949.21942589307,32064.15792149925,32520.816186620716,32881.542170460874,33274.765087969026,33555.59310791877,33815.05730621429,34199.12276495312,34492.26146234235,34725.03470620605,34931.25706167512,35188.1963757072,35471.70838668207,35779.900888250355,34289.52974980191
IIASA 2023,SSP3,Kenya,GDP|PPP per capita,USD_2021/yr,6024.875242409883,6689.8418159293415,7321.823198789804,7851.00696988082,8269.670272696841,8559.357436879545,8787.023503077062,8937.638324524252,9050.476655853437,9122.558429835422,9181.919625028782,9221.181717389132,9250.269271291409,9281.469638393086,9307.748100945013,8757.506264742573
IIASA 2023,SSP3,Kyrgyzstan,GDP|PPP per capita,USD_2021/yr,6090.507454623779,6369.1506601868305,6567.441034168419,6693.36137355773,6778.137254834505,6857.1922449389285,6895.970701137472,6897.677903201346,6904.74770622097,6918.452931910967,6922.8134660315845,6910.345100445528,6896.340006060584,6894.131649069178,6892.773857396492,6539.726216632465
IIASA 2023,SSP3,Cambodia,GDP|PPP per capita,USD_2021/yr,5766.164624886709,6019.596059790388,6300.073940780044,6556.703431738569,6772.497643160168,6880.520074509269,6980.701539978328,7074.872809540956,7166.141150407844,7215.34472788007,7232.819981961707,7229.212452250329,7209.74839429932,7185.234159329504,7151.551823673395,6715.047447700772
IIASA 2023,SSP3,Kiribati,GDP|PPP per capita,USD_2021/yr,2035.5743886181579,2071.8121882722066,2126.3421758828204,2194.6424966805002,2261.6995039989843,2332.3200683980444,2407.3905164586254,2485.6480876319506,2568.9440407148836,2646.115468699799,2705.8657070385702,2753.9083066331777,2799.027400401694,2851.4316942259998,2912.522813235504,2810.6184780077624
IIASA 2023,SSP3,South Korea,GDP|PPP per capita,USD_2021/yr,53664.21217278956,56934.668160100955,59775.32001548406,68468.45289543564,72366.54947730654,75927.95866426527,71163.78134011476,76059.91104806577,77679.04724242083,77579.59965929098,77193.07214443074,77717.57960364655,78408.20738659735,78847.6369565227,79211.21392275159,76308.17396854857
IIASA 2023,SSP3,Kuwait,GDP|PPP per capita,USD_2021/yr,52388.691737744906,53973.490980727736,55368.717561220685,56167.82258426077,55828.86863169822,55671.99066763172,57329.31475782724,61517.24980032478,64853.388628592285,66712.6114281756,67400.52659180913,67318.25736622854,67046.2465298186,66759.62806862056,66445.76477101853,62811.51431781236
IIASA 2023,SSP3,Laos,GDP|PPP per capita,USD_2021/yr,9263.329291040296,9453.103432356244,9698.135768038059,10008.848488999725,10353.41065255499,10656.237401797945,10960.492434589172,11231.307685738408,11472.468882106174,11639.951913015015,11740.551571422302,11779.966656166418,11784.34801710142,11779.102083450864,11764.039904033725,11045.58358970068
IIASA 2023,SSP3,Lebanon,GDP|PPP per capita,USD_2021/yr,14000.354625782978,15205.162601112199,16361.094219345603,17676.25245743629,18935.03968153082,19941.289084440854,20867.188831066258,21510.908813266426,21986.856821089492,22238.600523272064,22436.516454621797,22585.71221485545,22796.352073020847,23008.634179899447,23212.404994922348,22206.445560241198
IIASA 2023,SSP3,Liberia,GDP|PPP per capita,USD_2021/yr,1728.9157298713262,2006.1536651017905,2258.076779669473,2447.2319822471045,2575.0149332398005,2660.908762405902,2717.1235787087294,2759.386519551996,2779.6542329007875,2787.0323593346848,2790.1296148336596,2797.0763941452747,2803.9835562132535,2808.3292054031817,2809.338651667129,2644.320584043991
IIASA 2023,SSP3,Libya,GDP|PPP per capita,USD_2021/yr,25112.48207738104,27269.090310887994,29411.75316223066,31264.122297710288,33176.979965753315,35293.774419315596,37507.9598457238,39238.821096218795,40535.15171161304,41426.805724604135,42086.54584554169,42657.66203096657,43206.48306576118,43757.48859352131,44232.75744119197,42411.68619018517
IIASA 2023,SSP3,Saint Lucia,GDP|PPP per capita,USD_2021/yr,17621.46066547387,19152.317403194764,20651.918908252825,22330.43254159273,24004.255943071727,25426.774473932666,26406.862527680292,27118.352619720004,27674.601555348123,28092.928817200933,28448.578194309932,28776.05923113402,29041.847922492816,29275.516819621433,29479.986439643384,28326.07228962083
IIASA 2023,SSP3,Sri Lanka,GDP|PPP per capita,USD_2021/yr,13530.646396195678,14682.12573426054,15852.099276877807,16858.85484866862,17755.872620021768,18522.21106837097,19239.563954883793,19706.112831694605,20037.59196074722,20193.26147967616,20267.539227614878,20313.132608839416,20371.420480673252,20426.29003327171,20481.686500666838,19522.68331344044
IIASA 2023,SSP3,Lesotho,GDP|PPP per capita,USD_2021/yr,2784.4567280682013,3406.668148815006,4067.1329626208476,4662.426483347662,5175.82704375816,5587.067721163224,5947.260916571638,6240.487499840098,6502.846676917383,6715.699848084257,6892.363966013675,7039.500511353458,7180.361092897007,7323.750000803805,7460.039453503192,7121.744413726354
IIASA 2023,SSP3,Lithuania,GDP|PPP per capita,USD_2021/yr,47372.17620536411,46918.07746306661,46364.65443527832,45526.67520564936,44897.38815519732,45535.482830403926,46214.91876499852,47487.658225398794,47970.60312565658,48146.92952136686,48469.873739525734,48890.838758023274,49311.179793232805,49690.23880974892,50007.91616246609,47920.021137929245
IIASA 2023,SSP3,Luxembourg,GDP|PPP per capita,USD_2021/yr,135726.7647924218,142754.11337998154,150474.58744456503,160142.90046793726,169472.97989228216,178281.11880452512,186630.0966764095,196876.45272323405,205761.88967122283,211917.44008493877,216406.60413727126,220045.23584301147,223072.32926544637,225978.47444824874,228667.1689505239,220536.79441428036
IIASA 2023,SSP3,Latvia,GDP|PPP per capita,USD_2021/yr,39319.95344861611,40069.71560006414,40813.3412013909,42152.69150927694,42650.47721674627,43072.47349591593,43516.25719069821,44614.15559966078,45342.25626232816,45799.57945484863,46073.9427535564,46354.720373030206,46659.60585377558,47048.42310603175,47429.036864940244,45657.89483401303
IIASA 2023,SSP3,Macao,GDP|PPP per capita,USD_2021/yr,108577.4303105206,115302.24347725809,124842.20539801658,133275.19840480862,143815.87641263902,153747.96625627298,161828.7467469081,169702.82195438017,176695.47995524626,181988.86414597684,185354.76535707328,187903.48586499237,189885.02679523872,192399.8667058027,194591.13585025066,189464.70766326314
IIASA 2023,SSP3,Morocco,GDP|PPP per capita,USD_2021/yr,9607.837897787718,10175.293590218776,10732.568217466487,11345.145469030907,11981.82311017377,12544.105144087256,13169.748170479235,13812.195614289227,14451.453487950364,14909.10149691363,15224.582673606003,15456.77162700953,15658.270030943004,15848.18260314927,16017.956696637846,15323.543173933649
IIASA 2023,SSP3,Moldova,GDP|PPP per capita,USD_2021/yr,13412.875213123418,13507.80570254752,13732.374655168276,13894.87818404447,14017.585716799304,14190.437587554117,14411.11258817655,14674.77612107698,14949.132605576977,15170.06537880002,15294.15718680781,15342.637284104265,15377.55422116416,15458.163636283141,15569.418541191688,14940.007813364124
IIASA 2023,SSP3,Madagascar,GDP|PPP per capita,USD_2021/yr,1789.3489443211704,2065.9472240170708,2343.103641734341,2582.532898376394,2801.0434983301516,2990.6368158241035,3157.043003412659,3298.9976318085446,3422.222719178306,3528.302994161717,3622.752404355166,3709.5272113851465,3784.860911086366,3852.668885737347,3916.6206977342595,3760.670048443521
IIASA 2023,SSP3,Maldives,GDP|PPP per capita,USD_2021/yr,26913.808737141415,29296.88432989879,31617.3727416076,33315.09090888939,34259.933897531104,34881.56725954345,35709.99389638802,36619.34658888995,37466.4410814484,37673.07587009739,37366.95119155936,36748.07076922417,36054.66108696662,35340.50225361935,34636.1712957484,32483.04285657658
IIASA 2023,SSP3,Mexico,GDP|PPP per capita,USD_2021/yr,22252.753361499355,24388.326756849892,26398.832595965534,28161.294525929017,29765.224449382866,31162.940178921286,32494.96969748495,33572.01039700518,34522.947302143344,35200.02466881916,35737.83130668298,36187.60809796754,36625.478476018245,37044.94200028906,37411.16849059601,35908.14668061438
IIASA 2023,SSP3,North Macedonia,GDP|PPP per capita,USD_2021/yr,20194.58333563066,20675.170714356787,21273.062387484664,22281.71946380217,23398.543020739668,24502.191340155576,25501.38103608994,26351.475627201497,27142.16659989862,27792.188989629885,28401.10800854611,28931.276015740514,29408.724531108903,29820.304222075585,30189.438377918603,29137.624926066364
IIASA 2023,SSP3,Mali,GDP|PPP per capita,USD_2021/yr,2514.98144777327,2924.0246103474187,3333.0367340005146,3671.92902533234,3954.3372977305207,4166.179468186215,4312.795685789123,4408.208849742984,4467.021592388084,4490.679550402511,4495.334752869419,4475.239633548513,4454.269025945163,4428.874723984397,4410.0290577747455,4098.480114936457
IIASA 2023,SSP3,Malta,GDP|PPP per capita,USD_2021/yr,60964.86788961123,70595.22011209057,80127.20719823772,86423.54615197812,90457.43651345781,93047.30207900502,95698.79336448923,98308.78753342362,100084.94851055118,100483.05133319848,100876.79654161201,101208.7193637846,101344.15182713841,101565.9133592824,101842.16167743562,97772.8456847003
IIASA 2023,SSP3,Myanmar,GDP|PPP per capita,USD_2021/yr,4776.80885790823,5136.24842692544,5532.813063970759,5952.63074879887,6379.867940977586,6775.9524616950785,7140.8662975255875,7460.111257936742,7707.199933384563,7853.778076865283,7921.317516958965,7937.280775979865,7928.303928417424,7908.191112191525,7882.74334126645,7425.470951889278
IIASA 2023,SSP3,Montenegro,GDP|PPP per capita,USD_2021/yr,25399.277350771,25897.322211994728,26545.319881194366,27456.6098436448,28434.498050388298,29129.5102936495,29871.938764913884,30431.7570014677,31097.637694774865,31504.304154678804,31776.223552255102,31979.539750750133,32163.585303300122,32338.29753107578,32508.28207629378,31164.772991810078
IIASA 2023,SSP3,Mongolia,GDP|PPP per capita,USD_2021/yr,14980.418740616538,15611.158480816568,16244.793414520898,16774.577504872897,17448.588059460955,18115.355668004286,18737.24666884604,19149.8556718279,19500.064004057695,19798.98191146028,20044.987177484432,20276.18630472881,20496.123026995174,20753.244342220423,21018.68428957793,20103.25807140628
IIASA 2023,SSP3,Mozambique,GDP|PPP per capita,USD_2021/yr,1539.0284783329196,1801.794559863768,2058.569848813514,2262.432190843269,2422.482222678309,2545.305632327504,2635.8465930028055,2693.3190161656544,2737.4273970719764,2763.0193511963403,2786.9709870250645,2806.544085153455,2828.518338811397,2847.934350070601,2862.5172849099067,2691.907091757193
IIASA 2023,SSP3,Mauritania,GDP|PPP per capita,USD_2021/yr,6580.7302106789,7357.558054285849,8133.0575089590875,8811.427601666053,9424.596833490645,9960.596456997771,10436.203008663413,10839.076796738776,11182.839425431834,11438.441032900979,11648.274599820748,11861.758034865024,12066.695532027508,12249.600786947673,12406.375708737056,11807.243861114579
IIASA 2023,SSP3,Mauritius,GDP|PPP per capita,USD_2021/yr,27450.20417758138,28306.682730887605,29580.974284295422,31212.32311490682,32966.52836037939,34913.5584388535,37141.86226835845,39114.60014484446,40746.61688560322,41848.94221320562,42774.828753459544,43638.07256293467,44395.67571779372,44998.36882419923,45451.96349841638,43792.13583729063
IIASA 2023,SSP3,Malawi,GDP|PPP per capita,USD_2021/yr,1693.1635521603425,2030.0217659250438,2374.9896475855417,2686.86614938307,2960.075426250499,3196.8117068075926,3402.024395449597,3578.293951368939,3736.496679160985,3865.120410911012,3983.421551185906,4090.8444110106125,4201.242197215402,4305.250479212672,4400.29550651847,4208.822835269566
IIASA 2023,SSP3,Malaysia,GDP|PPP per capita,USD_2021/yr,34951.27833709059,38100.639074587634,41170.52972997826,43739.78300449023,45536.98061002859,46884.965241885744,48010.23893933579,49564.62143067526,50791.75094441765,51564.87706883788,51963.53771582839,52239.36701995484,52442.239987122426,52618.25155284013,52719.110635474186,50329.04232122034
IIASA 2023,SSP3,Namibia,GDP|PPP per capita,USD_2021/yr,10692.700140540093,11003.896946805124,11368.851870462282,11691.076272986513,12077.532242722975,12471.831178626773,12861.34527331162,13227.301172992664,13604.476328621937,13992.242944839636,14368.905886292463,14720.375539701487,15057.04513619628,15407.696450399115,15788.617123884273,15227.12311396361
IIASA 2023,SSP3,Niger,GDP|PPP per capita,USD_2021/yr,1625.598733407647,1925.0878556061155,2226.657160068316,2483.4229305676463,2703.948924288095,2880.4551844894845,3017.5540880338713,3118.5632527627195,3197.977493529431,3263.4076219917542,3312.654801584011,3357.6040865531068,3388.864723593131,3416.201720797266,3431.550348303997,3217.692219065354
IIASA 2023,SSP3,Nigeria,GDP|PPP per capita,USD_2021/yr,5618.45320143197,6234.65057122395,6828.688516372288,7354.696669393338,7862.089795657914,8292.994866635076,8678.046749328427,8988.696769739114,9267.009052867035,9509.347588629378,9727.388350286565,9924.03595170932,10123.82132540422,10319.97167793118,10517.868702668135,10044.529654966149
IIASA 2023,SSP3,Nicaragua,GDP|PPP per capita,USD_2021/yr,6764.252435533793,7821.070327540959,8873.559494254841,9775.827595822937,10586.344879633765,11260.199944236248,11841.683611244249,12342.326913316367,12806.070843993466,13184.545144393607,13470.69539766119,13695.845344766678,13879.505509797393,14049.927799377663,14203.966724533697,13605.931089204529
IIASA 2023,SSP3,Netherlands,GDP|PPP per capita,USD_2021/yr,68150.8988082231,71702.73115567432,75358.17139691835,78665.20049032288,83067.4259174121,87280.1703045932,91768.22519013684,95232.05118623776,98074.44013670139,100322.37659284091,102395.39586368461,104430.07485219528,106386.07002597066,108256.68790411847,109947.38508500435,106253.92088471372
IIASA 2023,SSP3,Norway,GDP|PPP per capita,USD_2021/yr,77850.62965931799,81847.00674641771,85899.12939647997,89781.0497954784,92821.15532070071,95118.38175006509,97867.58332686406,102285.80077001239,105940.76292122983,108184.99060921745,109932.43861683943,111630.03382065715,113179.16703426355,114682.23456274725,115965.91418141128,111073.7709885638
IIASA 2023,SSP3,Nepal,GDP|PPP per capita,USD_2021/yr,5023.891425632419,5334.211934717598,5661.18956205129,5940.6046108583605,6193.24432696683,6382.29729391471,6565.321718647611,6719.859049228368,6864.076085702896,6969.785853465797,7053.439451749438,7113.007409611767,7154.514980211976,7179.439591683763,7198.453088873261,6843.458026686559
IIASA 2023,SSP3,New Zealand,GDP|PPP per capita,USD_2021/yr,50273.51376456241,52427.490863267565,54396.89677558224,56198.76387908215,57978.813997973004,58921.00313947475,59732.97005455178,60420.688589006095,61124.32997255009,61554.10845186017,61972.7421137903,62455.11057871459,62976.83790467998,63506.89315765933,63967.441511502955,61349.16026468191
IIASA 2023,SSP3,Oman,GDP|PPP per capita,USD_2021/yr,39174.73687314876,41082.29488130983,43077.07961546274,44404.35206273334,45387.11914444901,46276.56398505495,47158.921534360736,48436.12593750912,50210.47168175486,51440.23034829275,52117.984127574804,52415.29953638602,52594.60445906185,52746.150755387884,52964.29292484593,50784.73665275457
IIASA 2023,SSP3,Pakistan,GDP|PPP per capita,USD_2021/yr,6148.222021017232,6767.671331240256,7353.694517010035,7886.734591726616,8346.099068958287,8687.645241378312,8990.970523006847,9223.10540575031,9450.109317947401,9616.408827608553,9768.208983051734,9905.191821667593,10044.227776647125,10169.335792485374,10278.49685108528,9779.517651407787
IIASA 2023,SSP3,Panama,GDP|PPP per capita,USD_2021/yr,38326.279772642374,38708.65409482126,39152.83516624398,39903.75119847751,40616.777374758756,41292.16562003417,41899.598751935686,42360.15157816792,42678.84222962086,42750.44562890175,42721.643739305,42514.29889907293,42276.41415898395,41976.10769713241,41699.26069953392,39332.77406150768
IIASA 2023,SSP3,Peru,GDP|PPP per capita,USD_2021/yr,15309.033373700906,16277.403032921722,17212.141552184552,18072.741920984256,18753.043801798274,19331.389636811207,19872.041983438732,20369.68631517805,20792.586976933755,21082.288060772353,21266.22673764096,21373.07286785252,21474.982856216877,21572.612890041855,21668.812068571715,20699.387151101506
IIASA 2023,SSP3,Philippines,GDP|PPP per capita,USD_2021/yr,10836.688308646102,12623.312674541014,14310.985507226069,15638.664728689831,16670.60643905385,17397.180722336318,17898.610239993588,18249.88011172961,18514.70407540034,18669.665386510682,18783.087833372687,18889.87335875082,18997.48733650665,19087.98473278857,19170.22350836011,18210.052034826444
IIASA 2023,SSP3,Papua New Guinea,GDP|PPP per capita,USD_2021/yr,3841.6406409615183,3837.0572471280752,3885.162170556771,3998.459384571186,4145.047621716637,4300.021757204484,4472.882584898813,4641.976481886636,4801.692978008575,4924.0164801353485,5021.025460310759,5099.612507945876,5171.727317492402,5241.936664808204,5305.707269496947,5070.545663699072
IIASA 2023,SSP3,Poland,GDP|PPP per capita,USD_2021/yr,41820.756135013355,42280.34331926291,42380.14798035371,45684.39414894961,47573.84616057204,48964.418157770444,48778.73149802724,49481.901370840096,49988.53284737042,50279.1050275623,50472.96630231962,50773.84163036656,51056.796305877106,51380.191320589285,51648.21036907135,49457.68720675467
IIASA 2023,SSP3,Puerto Rico,GDP|PPP per capita,USD_2021/yr,38255.62631085468,39494.533413901496,40674.06411239893,41221.01412512622,42716.08776320616,44115.09957893147,45181.500848231604,45644.749499843645,45918.83066685822,45848.09960684834,45816.32287419775,45920.5746301598,46109.5424624206,46405.7574220744,46685.16847424446,45106.31113173833
IIASA 2023,SSP3,Portugal,GDP|PPP per capita,USD_2021/yr,42316.79326882676,45652.48551465004,49205.92318396168,52826.99623578768,56550.48197486339,60117.37511124112,63056.06224999304,65214.97957424529,66741.82497751477,67588.81191073108,68223.69646569324,68831.29351981619,69445.4647280332,70080.3799094728,70666.85749118653,67930.64753662268
IIASA 2023,SSP3,Paraguay,GDP|PPP per capita,USD_2021/yr,16107.319780244485,17331.54914248584,18677.94095309744,19963.489066560014,21210.567554271132,22268.559362577333,23268.405953594607,24121.32670485573,24854.010694500932,25416.66705710931,25862.16687859,26257.10208739486,26564.911751877316,26867.742510651922,27127.48730223334,26002.839084866428
IIASA 2023,SSP3,Palestine,GDP|PPP per capita,USD_2021/yr,6433.154969605656,7589.774891530966,8698.269963558363,9531.869939496497,10254.019303215313,10852.081023184426,11313.251810986609,11568.046435253662,11751.90150670142,11885.869516912735,11998.023244071235,12071.9065196301,12163.549564666006,12275.427915247521,12383.421534181369,11818.060071140553
IIASA 2023,SSP3,Qatar,GDP|PPP per capita,USD_2021/yr,102025.37960511295,105982.42259032051,110978.18837940936,115117.79176858798,116447.17225425925,116370.77160717906,116514.64747469475,117809.71658261912,119979.7650069928,121394.81914811059,121512.1186407291,120741.39610496192,119588.04360374427,118425.27859669579,117239.66858875973,111159.02820634503
IIASA 2023,SSP3,Romania,GDP|PPP per capita,USD_2021/yr,39985.46629469901,40871.34936014643,42276.20604944075,44553.96448778045,45089.195848346426,45961.462214739004,46450.32321205225,48859.15522519808,50598.39829165421,51585.42234794773,52176.131229901075,52568.2696986639,52899.527007412275,53259.25252561627,53673.19874260815,51695.01949431231
IIASA 2023,SSP3,Russian Federation,GDP|PPP per capita,USD_2021/yr,31744.262611292103,32960.23026873142,33823.97009749689,35205.946227386536,36392.27584777331,37353.82301557985,37859.798603037176,38495.67995895965,39034.5949350971,39354.797073748334,39603.21593184471,39838.50518135723,40116.410933963794,40455.6654282444,40780.617021046724,38980.743995416095
IIASA 2023,SSP3,Rwanda,GDP|PPP per capita,USD_2021/yr,2985.5092983575482,3312.806951812969,3634.8948342445274,3882.1603315366406,4075.4227088530715,4219.651758240362,4334.850286000433,4414.873371659671,4469.385948477184,4491.221917871613,4497.9786859427695,4498.881114868138,4491.730687974613,4472.681538062917,4445.460726419801,4132.540587714118
IIASA 2023,SSP3,Saudi Arabia,GDP|PPP per capita,USD_2021/yr,56205.343265524956,56892.20963949009,57790.72118224846,58569.66044970035,59202.726771174064,61076.42437457877,63643.944109268356,65946.50217474262,67865.74250256227,69085.06933263979,69860.13997982201,70289.161092244,70621.16188887636,70866.52174035112,71155.39438003545,68097.21667840464
IIASA 2023,SSP3,Sudan,GDP|PPP per capita,USD_2021/yr,4076.771002179414,4397.2808526282215,4739.1772813993,5050.951099886185,5318.805140512422,5554.657194105375,5770.735635534757,5962.751020401384,6133.15996778197,6279.881232153285,6425.909444256154,6556.986155433568,6694.834213258202,6829.407666744614,6966.794572461541,6670.460666410209
IIASA 2023,SSP3,Senegal,GDP|PPP per capita,USD_2021/yr,4626.883208793646,5309.355536943895,6001.953229206125,6596.46086050358,7110.7425685530025,7546.550178479535,7937.0503148150765,8258.082747850787,8519.371304472701,8713.467922190632,8855.972662073133,8975.34209301806,9097.646898908026,9213.656247471281,9310.529116810625,8808.625121539655
IIASA 2023,SSP3,Singapore,GDP|PPP per capita,USD_2021/yr,118428.05044452666,126903.11062827817,139099.76272720165,151619.32593653232,166530.37561168478,178416.11025961026,188238.0498487644,196983.43559485686,205348.36585397882,209347.041582991,212117.02782281564,214307.77703732942,216527.5429402824,218752.84869012964,220872.78790618153,214740.63894339575
IIASA 2023,SSP3,Solomon Islands,GDP|PPP per capita,USD_2021/yr,2191.739413853589,2571.0456723272896,2963.9968418245867,3322.380206014436,3646.945580857097,3933.950374970087,4192.765831306415,4419.57958687273,4607.31193838913,4762.645924886323,4889.41118177285,5007.835872226971,5114.28741175362,5216.664182205797,5312.511436039457,5100.570968750195
IIASA 2023,SSP3,Sierra Leone,GDP|PPP per capita,USD_2021/yr,1921.1989954539713,2203.4036130324657,2518.9979821091833,2812.0266065898995,3117.323872828841,3401.1438734016465,3669.147334561397,3911.66842506558,4134.748632052414,4331.936433901359,4514.633955597519,4681.335655058347,4833.464106500538,4980.793139425835,5130.779412997228,4986.8946618817245
IIASA 2023,SSP3,El Salvador,GDP|PPP per capita,USD_2021/yr,10724.295494535965,11036.46171684465,11366.832934723765,11722.701504766545,12121.027178439026,12524.115642483013,12891.864154411882,13149.936525340778,13372.942383378864,13551.07351316946,13688.78861933781,13788.694389114213,13880.0433318235,13956.84293913836,14021.332061836612,13360.855315145522
IIASA 2023,SSP3,Somalia,GDP|PPP per capita,USD_2021/yr,1114.226113135133,1329.9881380864163,1545.9954023562298,1720.5794230647396,1863.2162812415354,1979.020936196866,2066.636956276786,2129.574812653538,2176.8504254269355,2213.3819710280677,2243.032813911147,2266.389266371051,2285.346590223177,2297.9107058017594,2313.3347441299284,2170.707942106562
IIASA 2023,SSP3,Serbia,GDP|PPP per capita,USD_2021/yr,23574.474589236655,24546.927285224807,25604.45279544618,26865.936348077896,27722.16749931,28365.406015399098,28768.562665876594,29888.24873851428,30793.722442933653,31296.126412911857,31602.588528879423,31799.61771784811,31936.70724148822,32045.17000655876,32136.65845307252,30730.65848144254
IIASA 2023,SSP3,South Sudan,GDP|PPP per capita,USD_2021/yr,672.9331762549865,952.1474346795413,1272.8637159412558,1572.0243416696883,1843.0789452415218,2080.051983390029,2293.942775667551,2449.9246667839516,2564.220485417831,2631.9294460198107,2684.588847221055,2743.7606741431787,2811.7341469670823,2874.116581390314,2919.1586072324503,2765.2643610880045
IIASA 2023,SSP3,Sao Tome and Principe,GDP|PPP per capita,USD_2021/yr,4478.270151228647,4475.738435072109,4520.354788412213,4613.8821415197735,4764.725329895692,4952.961682084481,5201.987792584158,5469.119095068111,5732.6990621449295,5973.6427147493605,6209.124075368566,6442.516441991754,6671.241632206906,6899.155908702662,7131.13400873689,6974.069474669914
IIASA 2023,SSP3,Suriname,GDP|PPP per capita,USD_2021/yr,17265.572776716243,18379.840310089392,19541.97797837686,20510.819804524304,21331.6698356978,21974.806806968867,22678.570015723802,23270.331631528334,23736.27698004243,24053.189152761322,24321.808677096862,24573.181558961714,24795.17081689152,25003.967182721473,25179.595746987052,24014.898104149277
IIASA 2023,SSP3,Slovakia,GDP|PPP per capita,USD_2021/yr,39064.591852078906,41773.880041761666,44352.85974401553,46538.670159190224,48416.88315075312,49863.64216219479,50909.4857474609,51655.949211873114,52244.84592925201,52686.33856377544,53040.64888467873,53316.63707756385,53566.569141394975,53828.73349520846,54095.02132160236,51813.103355545994
IIASA 2023,SSP3,Slovenia,GDP|PPP per capita,USD_2021/yr,49905.63003873636,53361.23118179852,56587.20233842104,60345.636096329596,62933.333004552085,64896.25083332306,65983.91714576387,67634.45753362859,68660.81849845026,69245.89583430302,69662.41675972175,70047.35230540251,70486.28086447134,70960.85666333983,71395.04272036515,68468.0216927714
IIASA 2023,SSP3,Sweden,GDP|PPP per capita,USD_2021/yr,63301.92858806094,67064.37750183805,70338.55770514424,73041.1366027028,74976.65038995897,76128.21569775321,77421.81215177746,80243.36386529285,83169.37075292852,85218.19208581474,86687.32761477347,87911.60526384364,89032.57962714702,90086.2363524089,90919.42356589122,86910.74339447069
IIASA 2023,SSP3,Eswatini,GDP|PPP per capita,USD_2021/yr,10224.020618186349,10345.555977523903,10514.450110561675,10810.714598567847,11112.305777224037,11386.21626128768,11693.240787591927,12079.043973525044,12490.676142460305,12882.024937570295,13266.500062628798,13666.921263752276,14090.73420528603,14523.525377486145,14956.766489420806,14458.445098438393
IIASA 2023,SSP3,Seychelles,GDP|PPP per capita,USD_2021/yr,35246.2233014629,37220.590164029214,39300.41106507145,41401.559528558486,43224.69713807257,44682.62074714128,45709.72352694354,46562.92324739663,47284.780833139615,47785.74592289823,48049.538057526675,48192.03392257418,48257.343315571525,48337.27447733708,48440.26524053059,46057.71735056646
IIASA 2023,SSP3,Syria,GDP|PPP per capita,USD_2021/yr,6752.63805253948,7061.017864576244,7351.774027550082,7900.362572762909,8484.370694200947,9032.280497853448,9463.960565560685,9859.931591340683,10218.90752368995,10491.72802021314,10731.24410607804,10967.920465093895,11220.169435198355,11427.481647397843,11609.012148045978,11169.221564187093
IIASA 2023,SSP3,Chad,GDP|PPP per capita,USD_2021/yr,1601.4572864023771,1794.0124191977018,1982.3639504322618,2139.921742094505,2281.556464831995,2401.7611221776697,2510.5899188633803,2605.015685067787,2689.5385344732313,2766.203975436322,2834.7671357649983,2905.933752374892,2969.814478068075,3034.8888865612985,3103.2451214314037,2978.4262113424707
IIASA 2023,SSP3,Togo,GDP|PPP per capita,USD_2021/yr,2669.9895305061327,3056.9200504316323,3449.857259853961,3801.8130558644857,4135.652718150313,4436.789544366434,4688.940159182662,4904.256280331168,5078.058367897854,5226.9460526005505,5345.158217185532,5455.899062465135,5555.986647895319,5648.199834037031,5734.398821401327,5479.348845919683
IIASA 2023,SSP3,Thailand,GDP|PPP per capita,USD_2021/yr,21311.88812286259,23178.41070635132,25136.7298570348,27713.967494677716,30308.812535922258,32708.15561940803,34703.1801736551,36589.0487609531,38072.01551300016,38947.34323108067,39537.050460110826,39971.05715267329,40394.47568347195,40777.32780878142,41135.80706867346,39579.8979182737
IIASA 2023,SSP3,Tajikistan,GDP|PPP per capita,USD_2021/yr,4937.018149064914,5125.418586097934,5241.563572532417,5520.305892693946,5572.278913230598,5617.942616085467,5607.312960972546,5812.757424783665,6004.548515099718,6158.651507316457,6280.406201296431,6372.5105518783375,6451.859615706487,6537.383349771119,6624.64762667327,6354.245238363988
IIASA 2023,SSP3,Turkmenistan,GDP|PPP per capita,USD_2021/yr,17671.72411680634,17182.426045607448,16897.695676807558,16567.92494124983,16325.162285531109,16330.359448516365,16548.764602684514,16749.979653766757,16944.53454896522,17030.316122039592,17045.47782294817,17017.49082287845,16994.693091036384,17005.31436923606,17017.079361108594,16178.243906776514
IIASA 2023,SSP3,Timor-Leste,GDP|PPP per capita,USD_2021/yr,3287.7087534844095,4073.4218868509297,4926.728732616417,5691.742761154263,6412.590830705727,6992.577161828182,7450.476041467142,7812.566641945189,8135.008063660524,8384.666078959986,8574.34652123056,8735.15494400212,8885.981213883382,9021.943083068212,9140.3025622584,8724.731387899361
IIASA 2023,SSP3,Tonga,GDP|PPP per capita,USD_2021/yr,6088.611789421078,6677.409779321744,7275.5243291168135,7765.433391204367,8217.805164626388,8596.052690552697,8980.524102555995,9285.292589315392,9546.914220306908,9741.508687635705,9900.876963517352,10061.657218612603,10231.845026213687,10416.772613834082,10593.950049164176,10205.373346276243
IIASA 2023,SSP3,Trinidad and Tobago,GDP|PPP per capita,USD_2021/yr,28098.882939198924,30488.20081151359,33541.57299754492,36180.9628065908,37718.79615655529,38548.43740000844,40374.78894189321,43415.03885068771,45666.39795489985,47099.46413118525,48122.88802028504,49029.06449922725,49935.40965168601,50803.600102423065,51661.38572690616,49952.036013504956
IIASA 2023,SSP3,Tunisia,GDP|PPP per capita,USD_2021/yr,12029.731925266427,13918.335040526588,16019.209431493502,17700.560805114328,19265.841049085466,21193.681934031832,24058.84289047412,26227.38007961673,27976.641151130232,29146.04520768847,29974.248107022504,30612.025625708604,31211.741104789824,31837.79801915271,32476.849643878923,31463.603473013885
IIASA 2023,SSP3,Turkey,GDP|PPP per capita,USD_2021/yr,39341.819570294436,42438.79959236063,45907.43842019243,48408.868692909826,50735.4795851582,52852.22401357336,55937.334205557454,58873.55425285898,60856.84586547224,62232.07750124742,62941.85083320761,63447.89095619856,63864.4181282373,64340.71065615185,64727.67453628404,61822.38480634829
IIASA 2023,SSP3,Taiwan,GDP|PPP per capita,USD_2021/yr,68489.89489539391,74337.01445155405,81361.41849607312,86165.64211474998,89786.43688676211,91643.96080322938,95483.78638319681,100334.55098962726,104406.59678993617,106566.3865082792,108583.02556726646,110755.97834535544,112400.65497384341,113929.03581429864,115469.60413403987,111779.84899305207
IIASA 2023,SSP3,Tanzania,GDP|PPP per capita,USD_2021/yr,3289.508886218615,3764.216745711327,4262.081155766558,4716.205411061935,5120.684397186294,5469.148405984743,5809.08380089761,6104.837077634228,6347.447793770138,6548.415935101571,6703.510485352091,6834.055918846222,6958.06785984337,7090.466852527238,7218.434946656382,6862.47497612144
IIASA 2023,SSP3,Uganda,GDP|PPP per capita,USD_2021/yr,2915.777379292252,3460.7268699711194,4042.4536612333045,4576.84991695151,5066.884154406228,5467.242385207944,5816.906380699868,6103.518719871022,6363.89990145102,6565.815697686304,6744.7544952627895,6908.830963085972,7069.615169861559,7233.662078255457,7390.76252853389,7031.550683738962
IIASA 2023,SSP3,Ukraine,GDP|PPP per capita,USD_2021/yr,12114.31186136448,12999.33745420023,13743.426530341307,14191.470520630777,14382.487439841216,14617.141885850395,15061.822772998534,15248.210157309972,15345.211349794527,15244.664945594941,15088.357824051698,14933.10124896569,14765.419179460694,14625.599648078789,14469.256050163194,13586.872897176116
IIASA 2023,SSP3,Uruguay,GDP|PPP per capita,USD_2021/yr,28488.33446185108,29438.402412711148,30361.47028463463,31189.208484307383,32105.77935413215,33111.51469424836,34189.91110917156,35157.46962670808,35960.35679548759,36587.80385545471,37025.610075680284,37450.274301813166,37918.89213586502,38450.55162344397,38902.51976399476,37673.75072706258
IIASA 2023,SSP3,United States,GDP|PPP per capita,USD_2021/yr,73116.4314090299,75428.99489912776,77664.32448057021,79960.86425811345,82652.77096187603,85514.04878394249,88272.12346891536,91032.84479528578,93614.37501103738,95545.15174700666,97192.64529254852,98870.17471995506,100525.29931648268,102150.20985619382,103580.96908324768,99464.40547115507
IIASA 2023,SSP3,Uzbekistan,GDP|PPP per capita,USD_2021/yr,10274.714581780432,10631.85441428883,10940.031226981664,11348.543904087895,11342.21754524564,11289.552288960174,11204.809488557203,11302.049213373644,11373.704462016713,11376.630474186699,11363.413863103036,11322.576268913013,11274.949638911437,11225.984540903812,11171.107700499499,10567.60021722391
IIASA 2023,SSP3,Saint Vincent and the Grenadines,GDP|PPP per capita,USD_2021/yr,18683.380037473813,20361.39563849829,22060.616932686895,23623.691386129103,25120.67153362119,26645.8883970292,28086.914116610234,29252.83781779351,30270.456708865495,31073.496300573708,31643.52508361793,32073.2300293192,32507.84009382108,32935.54381003826,33336.12385238763,32030.56737160966
IIASA 2023,SSP3,Venezuela,GDP|PPP per capita,USD_2021/yr,6709.749103010788,7238.81382464458,7811.607896680693,8387.436975840905,9006.120940903,9525.908748851236,10001.915814043745,10402.21392239446,10722.828270431633,10916.585289250273,11004.452333323656,11069.514993177801,11155.560278329724,11251.129784173412,11325.986138338312,10834.70285998524
IIASA 2023,SSP3,Viet Nam,GDP|PPP per capita,USD_2021/yr,14908.905770112786,16231.618357693083,17649.39040654918,18936.83710741152,20163.943371789203,21561.90541611389,23102.103279041625,24549.128815356074,25756.98678571384,26510.426098795666,26891.10444061942,27058.124771044135,27111.759237760598,27136.403216321574,27133.139917571214,25840.68387577378
IIASA 2023,SSP3,Vanuatu,GDP|PPP per capita,USD_2021/yr,2805.4890654593305,3147.045767588485,3480.239439169822,3778.1094734574335,4042.7488702108935,4268.1015946950365,4477.931284782403,4668.944063274364,4850.192292632393,4999.050887074387,5133.147451612153,5248.549166266647,5353.318589218426,5453.973717201444,5554.8737008181315,5348.767275321101
IIASA 2023,SSP3,Samoa,GDP|PPP per capita,USD_2021/yr,5313.749146183209,6059.591391626533,6789.266912656124,7402.31095434135,7929.158180057072,8537.234600185517,9148.628832006587,9651.42419493819,10018.483900137957,10297.707908746985,10543.407945751598,10765.133138546005,10972.16804352556,11191.455258030745,11413.298069474838,11045.694692499026
IIASA 2023,SSP3,Yemen,GDP|PPP per capita,USD_2021/yr,1902.4985808595718,2037.6223166614616,2226.2050484603365,2508.1814570197344,2758.5224282868357,3031.978604484413,3349.125661507294,3719.798319014815,4076.177261423504,4401.393939299925,4695.369981174966,4960.3219984223715,5199.976124495628,5432.6307369217475,5664.804186520727,5579.085910907243
IIASA 2023,SSP3,South Africa,GDP|PPP per capita,USD_2021/yr,15204.685323268202,16264.306599361646,17327.200942161628,18307.52470875113,19210.03146684217,19880.52149363164,20484.23923573304,21109.435181688586,21767.63879928679,22351.123190877384,22789.020102108672,23171.582668336436,23514.345260216753,23850.4237898986,24175.17216607016,23057.23491209196
IIASA 2023,SSP3,Zambia,GDP|PPP per capita,USD_2021/yr,3823.3180699720842,4174.762262645214,4518.045110823448,4825.493803465291,5097.5192657720245,5334.66608267061,5540.091958119157,5701.349693183744,5841.357824778043,5957.124837116951,6057.424820225767,6151.951909208212,6241.549762268894,6327.486523347115,6412.470203536962,6088.420713742545
IIASA 2023,SSP3,Zimbabwe,GDP|PPP per capita,USD_2021/yr,2360.844271308975,3216.850088762701,4328.811423609163,5650.7337324081545,7002.531121946497,8312.220771643493,9211.005074135881,10009.991446581189,10733.865520987378,11407.113412352943,11814.23223923003,12058.023123650159,12241.424430597208,12426.334232583431,12573.293772143583,11980.467178053248
IIASA 2023,SSP4,Aruba,GDP|PPP per capita,USD_2021/yr,46194.61339872351,50701.659868269984,55220.163487247606,59072.7755834765,62751.48994033636,65856.04365220499,69323.58737023859,72401.47241313534,75058.41482088059,77429.0654459037,80005.306293672,83141.70896560268,86923.02936834111,91118.6518206888,95610.67466775753,96133.25864712692
IIASA 2023,SSP4,Afghanistan,GDP|PPP per capita,USD_2021/yr,964.4984566195474,1132.9035457647428,1318.147171858769,1496.1842529436517,1678.4861700194247,1861.4369622750783,2052.3903866218666,2243.2530103322474,2433.9785701395017,2633.987425032178,2846.3605338095554,3080.239879134181,3340.051938584332,3623.624244188966,3926.153751227137,4008.15268512237
IIASA 2023,SSP4,Angola,GDP|PPP per capita,USD_2021/yr,6672.920399914176,6726.20059529574,6793.9890696591365,6948.228873612125,7179.2015870750365,7462.762697677892,7814.207662885745,8187.290748640855,8572.35034356224,8983.252278943795,9413.66335515288,9875.03767574958,10369.250139582415,10922.456684318267,11495.347819904277,11365.538023676485
IIASA 2023,SSP4,Albania,GDP|PPP per capita,USD_2021/yr,18813.719772346692,20251.582726049386,22037.715499027254,24640.283443483764,26843.705617196138,28885.31876664938,31098.040608744293,33884.23214287849,37220.46906074205,40492.737618616,43763.122238658434,47034.816864940374,50365.65231099005,53752.94746146543,57333.60992521926,59889.42635283204
IIASA 2023,SSP4,United Arab Emirates,GDP|PPP per capita,USD_2021/yr,88394.01602553789,104716.87198429058,122571.67432216459,135947.8877771727,146179.32445175148,153005.01519648655,161181.59927493928,169635.48059697647,178735.6086891883,186065.66648620524,191378.74060683858,195590.44236770069,199349.5564924328,202979.0578228603,206810.57345957702,204330.09396410832
IIASA 2023,SSP4,Argentina,GDP|PPP per capita,USD_2021/yr,25905.957735997275,27520.676870209983,29229.206600444424,31020.4393267598,33066.37565502918,35227.98672186901,37511.64375557014,39826.58961653427,42125.10051924148,44273.11029511611,46260.889583457865,48295.057367972484,50418.3536012249,52615.32876960864,54709.12350273085,54100.75210439594
IIASA 2023,SSP4,Armenia,GDP|PPP per capita,USD_2021/yr,20739.73284266028,21563.53103812786,22732.040214190267,24296.544356565897,26009.143391803413,27780.63524810122,29851.59706357049,32388.376029737945,35105.008253478496,37653.35660572247,40240.56829856089,43030.661807559794,46070.111870338755,49213.03223572604,52311.43132196376,54012.02965818243
IIASA 2023,SSP4,Antigua and Barbuda,GDP|PPP per capita,USD_2021/yr,25373.68747406366,27905.252276951865,30604.200474709764,33960.87419726788,37543.44629943482,40985.20394689816,44035.091479601055,46883.62690639169,49487.07235962372,51900.999890442254,54341.15424236278,56857.530954336515,59342.435967264304,61800.007425490825,64258.84515907339,63866.13825682889
IIASA 2023,SSP4,Australia,GDP|PPP per capita,USD_2021/yr,60711.148061964675,63392.39863613042,66220.96470129502,68606.58171932024,71255.55600487553,74113.36655365159,77403.1874287316,81451.17660425349,85739.01101806514,89723.61313864468,93653.01316358795,97986.75622361457,102660.02518442072,107537.84961598493,112411.03701150653,114709.9552778048
IIASA 2023,SSP4,Austria,GDP|PPP per capita,USD_2021/yr,64790.17409779119,67419.76385924654,70405.30910859001,73666.65559390384,76110.09700692057,78600.02258813076,81214.96845573549,85638.2470739739,90416.29266549519,95224.03394879468,99977.62271951087,104992.50230749033,110205.16268602907,115669.15382741392,121250.49854580089,124506.94674960039
IIASA 2023,SSP4,Azerbaijan,GDP|PPP per capita,USD_2021/yr,17539.130977697965,18191.351942272697,18731.319414221198,19763.062744726056,21321.46572409616,22984.276616374387,24726.96070635345,26751.33495372934,28945.707266167054,31133.518856304418,33304.05827155567,35637.36781455413,38208.59052602642,40876.83306506557,43471.96073655229,45081.83379613248
IIASA 2023,SSP4,Burundi,GDP|PPP per capita,USD_2021/yr,850.7089316079814,1133.5971139784053,1461.3259706650872,1782.1887111268206,2099.356962505032,2398.604765657957,2690.9058717562407,2971.8249277001287,3244.753208676131,3500.7455328178708,3748.9654160686646,4001.7112562823622,4276.631466995301,4566.97338968722,4867.884134473635,4879.022718986391
IIASA 2023,SSP4,Belgium,GDP|PPP per capita,USD_2021/yr,60579.76343266289,64408.9026179663,68065.8047352045,71694.06826850079,74769.4101764896,77434.6161864073,79705.71738134013,83597.88188976192,87903.65178661008,92073.28971689167,96182.96131491852,100816.50381156694,105873.8573183056,111214.1791386718,116578.00712948976,119418.1070423003
IIASA 2023,SSP4,Benin,GDP|PPP per capita,USD_2021/yr,4186.589665202578,4749.107591919232,5357.865604599568,5944.254825478218,6574.694568995908,7208.022411970682,7844.52261705579,8486.058272619375,9114.886867120584,9761.235419358056,10405.842305069667,11095.743305414342,11803.758126207158,12561.890414632071,13350.773738104583,13344.691088308982
IIASA 2023,SSP4,Burkina Faso,GDP|PPP per capita,USD_2021/yr,2644.585662883071,3023.2579450104213,3399.918348012924,3732.905548766773,4034.630730961465,4306.203578881999,4585.865400563305,4867.9594376705445,5153.528210672558,5436.088348635772,5726.772807742406,6036.1285080224,6373.364917265445,6747.523152801343,7143.9550921878335,7104.216753426343
IIASA 2023,SSP4,Bangladesh,GDP|PPP per capita,USD_2021/yr,8647.732160143789,9339.835940427296,10174.05689003584,11140.819103450889,12227.432954724305,13348.673494165374,14580.371185159232,16008.266396917634,17610.63098838697,19348.90086912042,21217.843570855755,23206.278769702512,25297.58863374415,27498.426645911,29861.87170984033,30985.44202686746
IIASA 2023,SSP4,Bulgaria,GDP|PPP per capita,USD_2021/yr,31159.008264724875,32689.730775377488,34523.19579243739,36209.22188196485,37807.14574137628,39475.55181478045,41444.00922851822,43950.75197183604,46568.13742855118,49011.01094914785,51361.11967691126,53887.79877066979,56557.6390863545,59304.81929217308,62067.080741345024,63584.060757812265
IIASA 2023,SSP4,Bahrain,GDP|PPP per capita,USD_2021/yr,56752.75937465076,57367.91271991173,58907.74722371287,61532.689881854865,62095.11625854343,63338.78542451084,64974.097944929155,68490.21913405592,71253.55128649011,73111.66228263377,74421.88091465335,75579.47155530131,76873.8932235242,78317.17841966425,79836.51329819183,78122.05470281564
IIASA 2023,SSP4,Bahamas,GDP|PPP per capita,USD_2021/yr,39171.63083675095,42064.483860652086,44749.8787644833,46925.294999162215,49290.1689921052,51944.70500170196,54439.52993131599,56527.10666950149,58463.42882480092,60350.61599772251,62332.65504161645,64453.404185827356,66548.01400754199,68533.6868210632,70416.90852693933,69468.31606842278
IIASA 2023,SSP4,Bosnia and Herzegovina,GDP|PPP per capita,USD_2021/yr,20467.125500612856,22628.27873316026,25229.21592480588,28045.303896150104,30699.26167350386,33270.515034977754,36082.59311513195,39096.48950625772,42090.14907242057,45019.77049701911,47984.13266973721,51067.27592593977,54254.07674337225,57545.033265949256,60880.57410142714,63083.99678166079
IIASA 2023,SSP4,Belarus,GDP|PPP per capita,USD_2021/yr,21342.62670543879,23368.622436722344,25313.24267724192,26556.959993407356,28072.28598876479,29597.775248217382,31342.91767849766,33267.16190722388,34940.20669790277,36314.16298790937,37786.94857394913,39477.114952887045,41316.05306566166,43142.38087675135,44800.56028606717,45378.33857192837
IIASA 2023,SSP4,Belize,GDP|PPP per capita,USD_2021/yr,10860.226776260339,13753.508440941663,17008.56666002895,20052.692939451914,22834.67126324969,25213.99089476806,27419.090448602736,29526.74742633753,31558.527393898577,33450.307422551814,35294.29218904376,37142.50135993887,38963.33907379201,40771.571124930975,42619.60411607786,42495.7912556143
IIASA 2023,SSP4,Bolivia,GDP|PPP per capita,USD_2021/yr,9260.42495083978,10582.983978552378,11966.431114053641,13386.54486498666,14813.115584526384,16194.90641463244,17617.52874930521,19113.079425621392,20664.237374966993,22176.3816927869,23713.52033295701,25272.53406942628,26862.113220718988,28470.125872384113,30076.233667593922,30125.813002621548
IIASA 2023,SSP4,Brazil,GDP|PPP per capita,USD_2021/yr,17191.26561324865,18308.768789806203,19612.08102272308,21241.804712502155,23111.992955451846,25167.815854771954,27297.84862029962,29603.556943032414,31895.33309793504,34171.217976042666,36398.79851627502,38636.8019386285,40855.51734579826,43080.35689080889,45255.59812892118,45392.00201129932
IIASA 2023,SSP4,Barbados,GDP|PPP per capita,USD_2021/yr,18601.881207076305,20216.00894753674,22132.002906970225,24608.30341888554,27422.540040970005,30170.309323865276,32702.099998698563,35087.86377912184,37307.475411628744,39393.46715799563,41554.33028426002,43770.945573950514,45961.707407566304,48104.60477884719,50248.843723178084,50141.107389195866
IIASA 2023,SSP4,Brunei Darussalam,GDP|PPP per capita,USD_2021/yr,69433.44240877204,71755.60731103101,74283.19892384709,76847.92269677273,79704.52286997283,82784.74979427681,86410.99590616561,90058.20385523526,93552.11995103775,96540.70809752139,99339.66435556965,101883.13776191113,104331.4075308029,106668.78201000016,108860.10458460066,106050.03176595356
IIASA 2023,SSP4,Bhutan,GDP|PPP per capita,USD_2021/yr,13358.360001326873,14441.405090228238,15741.59252482715,17189.209509086195,18856.681632713124,20599.772416275355,22575.941693846526,24647.881684437885,26871.01529633218,29011.272828305162,31006.266601815863,32925.082124465924,34829.19270576622,36703.11793255155,38547.98438957489,38821.050875901565
IIASA 2023,SSP4,Botswana,GDP|PPP per capita,USD_2021/yr,18659.611975445066,20957.701184837973,23234.023418361114,25272.437838162736,27357.973065725113,29849.087469588907,32457.435912858382,34999.72934081313,37490.7254133471,39884.80602047014,42202.180064881344,44491.20041637169,46726.72693104976,49040.250062774234,51335.992822915054,50660.189435281616
IIASA 2023,SSP4,Central African Republic,GDP|PPP per capita,USD_2021/yr,916.5070993373297,1158.7231809185732,1433.090046724992,1708.8796575274098,1995.8283957673714,2281.840181956383,2571.8418384576885,2855.801497468584,3143.006826770946,3434.1735989808735,3743.1878565881043,4072.948196017326,4417.766337920045,4785.271305450824,5178.000022152509,5243.281746218284
IIASA 2023,SSP4,Canada,GDP|PPP per capita,USD_2021/yr,57887.99613020941,60122.61335017121,61644.01996978268,63000.70445298224,64289.725917217416,66402.0483846286,67816.17439541304,69687.56679619572,71826.05017462933,73624.20159978204,75717.93432539752,78446.69436625433,81572.77278137773,84957.30392187274,88420.99250932061,89970.0164673743
IIASA 2023,SSP4,Switzerland,GDP|PPP per capita,USD_2021/yr,81497.80377046642,85877.59928180496,90712.62084296951,95218.18153190924,99985.00138032889,104691.5803126035,110025.02408115509,116391.19153673422,122896.42489806862,128280.09243332274,132849.35037627324,137461.38054830275,142215.18660727676,147087.4033456203,151898.52725882785,153189.14212263213
IIASA 2023,SSP4,Chile,GDP|PPP per capita,USD_2021/yr,28503.16035025858,31696.165349685885,34900.985899853746,37918.58514983045,41182.26228857531,44164.34549914981,46700.63690144413,48788.62795770255,50814.44385010161,52758.99651160587,54582.1054054702,56458.95062950122,58374.392910521856,60235.13953186018,61926.59114145586,61067.27352549592
IIASA 2023,SSP4,China,GDP|PPP per capita,USD_2021/yr,17297.041009972774,18758.068853981844,20503.72650040648,22797.230320241997,26171.159392315814,29370.921510170152,32291.066974676654,36097.55717103094,40044.979280687454,43637.0700012453,46585.64171023375,49484.20709222087,52692.84253263973,56447.48279810543,59647.62129189026,61399.41717038814
IIASA 2023,SSP4,C?te d'Ivoire,GDP|PPP per capita,USD_2021/yr,6996.152518615283,7576.114010898931,8241.090746748854,8946.037571454375,9721.86456052808,10514.452310244493,11326.923304095402,12135.217844852219,12947.747396448614,13747.561155533615,14574.527927255538,15475.916629505253,16449.49737777748,17456.360460088017,18517.96733754606,18515.248804482264
IIASA 2023,SSP4,Cameroon,GDP|PPP per capita,USD_2021/yr,4417.700867123843,5396.247584867589,6492.321904134515,7577.982851525704,8638.832684226165,9647.915534686415,10631.612831892591,11600.45492231586,12550.702006630898,13451.191105867181,14369.322923191457,15307.41010533885,16299.494214116055,17341.52093816352,18421.842599533036,18430.874739494197
IIASA 2023,SSP4,Democratic Republic of the Congo,GDP|PPP per capita,USD_2021/yr,1393.5066950037008,1804.9243661293838,2297.139658616262,2820.859100620945,3376.8156620560653,3956.704373332715,4571.705270192523,5214.273815740807,5902.101060136673,6635.584530140159,7428.826783192023,8281.764966531076,9192.759560880311,10194.1745158357,11294.460820212775,11794.6266039586
IIASA 2023,SSP4,Congo,GDP|PPP per capita,USD_2021/yr,3990.070982591159,4292.816027569964,4608.751682034725,4963.647361581561,5362.468506569945,5789.021743325281,6257.757555802294,6771.699216417968,7324.793794228445,7884.965670687985,8481.210555580099,9137.939766627132,9854.795192331527,10622.154955375836,11448.820946884496,11658.670326999618
IIASA 2023,SSP4,Colombia,GDP|PPP per capita,USD_2021/yr,18257.12377501663,20877.143266509986,23657.716512489293,26315.7560778206,28895.80728635385,31130.922972809654,33380.02067124228,35520.45670859757,37607.56304629788,39494.26507369037,41293.135409859584,43098.31090268343,44877.230257894924,46637.64052754838,48342.43249367673,47792.38227091962
IIASA 2023,SSP4,Comoros,GDP|PPP per capita,USD_2021/yr,3763.739673577372,4773.285202586092,5898.244996747412,6967.422474346528,8010.816557463799,8981.795022990971,9883.59157594978,10742.901686928039,11550.540632288705,12356.510107153372,13159.565997434074,14015.113328802418,14905.31640007633,15856.927825070994,16860.79667750336,16926.561908926564
IIASA 2023,SSP4,Cabo Verde,GDP|PPP per capita,USD_2021/yr,9136.912356202884,10123.138815729366,11219.578911174465,12451.761851899764,13810.075197010103,15262.186717396855,16674.589444325647,18121.604131044827,19649.774734414368,21200.50761719436,22662.918670816674,24098.215250864643,25529.780286821577,26989.12480157361,28507.42939876313,28767.31558293595
IIASA 2023,SSP4,Costa Rica,GDP|PPP per capita,USD_2021/yr,25418.634557741625,27107.919626014405,29020.8756518881,31104.00079009296,33478.45280977742,35769.657313710675,38172.969607349194,40625.818729039114,42983.98746731041,45202.194093574304,47269.47693495198,49409.351379895765,51598.78036842826,53851.22422191699,56044.7842631453,55795.143030489664
IIASA 2023,SSP4,Cyprus,GDP|PPP per capita,USD_2021/yr,37123.48925970204,42528.22727004897,47668.77226368458,51108.60075722763,54051.094239346894,56619.15845976488,59425.771460955366,62478.635472795824,64966.95055663982,66685.22084561762,68434.72519177383,70603.16500667512,72840.6620222497,75045.69881047132,77006.09174113616,77341.43084678527
IIASA 2023,SSP4,Czechia,GDP|PPP per capita,USD_2021/yr,47189.82404362918,48627.92423107062,50502.793316404735,52908.981545209026,54901.776725466894,57076.8606005921,59288.954772284305,62434.21718104118,65409.16542844671,67839.43427168304,69996.58305534393,72190.52417449259,74477.02369588497,76874.1434606613,79350.65782199574,80776.37998165743
IIASA 2023,SSP4,Germany,GDP|PPP per capita,USD_2021/yr,61844.209801872385,63583.822381721315,65707.85334083527,68512.95499524899,70230.7351100421,72269.38934620467,74194.22334931989,77885.31242103167,81925.36764714471,86133.19336601473,90328.54760479125,94695.64728015682,99236.80745187997,104026.93825827524,108978.28848911033,111933.48690914459
IIASA 2023,SSP4,Djibouti,GDP|PPP per capita,USD_2021/yr,6175.802780427485,6969.5160256582485,7750.185926702473,8413.25765548237,9014.90261377869,9610.481588489189,10212.866034007704,10801.689660222859,11359.485518747031,11901.411878032024,12482.392316131045,13126.775236072139,13833.926518042737,14577.918053172685,15346.233654744228,15268.160470853716
IIASA 2023,SSP4,Denmark,GDP|PPP per capita,USD_2021/yr,67838.42455444875,69264.74978751176,71186.01737020467,73332.70635614777,75553.29261745425,78714.49442885975,81902.7325287784,85113.38381871136,88741.21134973103,92195.04704590049,95730.56590705304,99623.68153074059,103730.66133931348,108068.5514493768,112468.52476365498,114084.31004766865
IIASA 2023,SSP4,Dominican Republic,GDP|PPP per capita,USD_2021/yr,23817.817969489126,25949.332122309283,28188.827225099445,30481.727332567436,33088.281445721834,35610.45266575672,38050.236635963214,40303.774251536335,42708.51272102398,44935.884208689,46966.95647118902,48836.60581552126,50670.06228282884,52512.78847690025,54277.07493858751,53390.5330850768
IIASA 2023,SSP4,Algeria,GDP|PPP per capita,USD_2021/yr,12496.370282761738,14730.03556742997,17325.948758462393,20070.678240302957,22880.10718660877,25578.690620089572,28390.005338448987,31282.737715035502,34255.88178486697,36925.87087365608,39305.719292032634,41458.54714408511,43664.09052943735,45935.94753177368,48161.96339808159,47966.04729895501
IIASA 2023,SSP4,Ecuador,GDP|PPP per capita,USD_2021/yr,12713.289249991409,14466.927736883536,16208.638214234597,17891.076450742472,19448.52078585491,20904.063323673716,22407.74840888149,23910.81059266617,25410.361441370977,26769.640990502652,28101.332683198983,29439.365126982637,30812.796616973952,32166.41467909435,33526.62493654014,33287.81429644304
IIASA 2023,SSP4,Egypt,GDP|PPP per capita,USD_2021/yr,15466.391533495382,16780.39102897713,18310.388155083598,20028.15176646147,22069.942811479712,24414.05416659653,26978.347901853944,29463.991608180222,32039.034252887403,34736.83781247435,37500.46407727406,40148.54987331568,42921.88253048293,45827.00712611618,48758.17452061311,49134.73152676132
IIASA 2023,SSP4,Eritrea,GDP|PPP per capita,USD_2021/yr,2005.6652060940942,2327.342942882989,2656.5774931544297,2958.301525819544,3250.0736898337454,3540.2096832185844,3824.2968385258123,4099.31613264807,4362.064195519688,4633.915125220598,4944.874716995954,5294.467297959155,5666.848022934352,6054.161176606675,6464.433588118212,6524.588245696879
IIASA 2023,SSP4,Spain,GDP|PPP per capita,USD_2021/yr,46668.37506115097,49699.45102422876,52807.77439872432,55938.55662959283,58592.864424262414,60626.37500441888,62662.60351405629,65452.2711825472,67650.60101252266,69160.46918591319,70826.98120919886,73293.7655765812,76324.97603164105,79785.9864344219,83299.28529146001,85199.94522854636
IIASA 2023,SSP4,Estonia,GDP|PPP per capita,USD_2021/yr,44283.97638767498,45159.45839001646,45685.433236148994,46938.65850144703,48092.822163426026,49846.31918976148,51936.7143397194,55123.095762847246,57745.270654044274,59943.96510385207,62131.47179501485,64723.53165906001,67508.12914942813,70265.86331313296,72875.38650717672,73729.55418768231
IIASA 2023,SSP4,Ethiopia,GDP|PPP per capita,USD_2021/yr,3054.7681142736046,3348.822201479852,3625.157469520285,3866.333885196744,4102.605915745508,4330.590892566727,4557.630682267788,4767.440211080484,4979.923945301912,5194.380444051519,5445.140692245496,5730.053660060912,6025.002260050736,6324.552178245631,6626.142410608268,6553.088306822778
IIASA 2023,SSP4,Finland,GDP|PPP per capita,USD_2021/yr,56596.643923368036,62247.55885614514,67568.23870135691,70856.13680508366,73313.47070708644,75335.32461430616,77715.96817534628,81046.11814076213,84396.5615251181,87187.42695479447,90030.86745300489,93725.99638603424,98122.92521680627,102808.82027408191,107335.89235531507,109041.75838301456
IIASA 2023,SSP4,Fiji,GDP|PPP per capita,USD_2021/yr,15090.002648417732,17151.65099181155,19375.018472463318,21518.685912947545,23614.78346234817,25587.73414208507,27492.312833126063,29294.37193839548,31032.73282200975,32782.49861516848,34477.84966793427,36216.60120112264,38002.040798020564,39898.17753727386,41887.68487299023,41754.245049328856
IIASA 2023,SSP4,France,GDP|PPP per capita,USD_2021/yr,55474.91693825924,60136.61060811577,64408.943610674396,68109.53847889452,71948.12160674253,75903.53145497521,80187.89193353987,84843.65671069134,89213.52268501802,93122.03361018277,97068.68396678702,101415.82386408214,106012.73871817306,110626.83825273167,115123.17116800616,116837.73181783683
IIASA 2023,SSP4,Micronesia,GDP|PPP per capita,USD_2021/yr,578.3939079897922,611.7385201774265,643.5376489420731,681.3178481106223,719.2281195585592,756.7295878735881,792.1996809978951,831.273500640213,875.2353794560499,925.2856607855266,981.2201066863827,1042.2446815907354,1106.3009852384191,1174.1700125402558,1247.6311174931047,1265.621255322928
IIASA 2023,SSP4,Gabon,GDP|PPP per capita,USD_2021/yr,15974.977044293255,16768.214490030878,17682.252725725204,18633.888140708274,19679.98519154324,20762.257204101745,21861.636642216316,22971.993220326505,24136.04917386066,25389.466287335523,26653.082581787177,27901.09438670466,29191.06362728367,30586.862522075982,32080.464477245005,31783.49263823733
IIASA 2023,SSP4,United Kingdom,GDP|PPP per capita,USD_2021/yr,52868.95090106092,54773.66233552323,56351.97602176068,58002.444616367735,60332.65799234043,62175.51141300409,64108.45557679674,66338.50274113854,68270.73501777413,69606.25991887561,71588.31573092628,74437.253217574,77930.79093187636,81805.03231063114,85733.57710054962,87522.97201934042
IIASA 2023,SSP4,Georgia,GDP|PPP per capita,USD_2021/yr,22228.067392459692,22472.612913410892,22629.413157990708,22841.382370996052,23753.78717281857,25388.94469421282,27292.357424212125,29323.544742121943,31103.690490162473,32889.772502154905,34875.559501109776,37224.114012099504,39808.570530182515,42512.98762288195,45080.01017174821,46623.43229774983
IIASA 2023,SSP4,Ghana,GDP|PPP per capita,USD_2021/yr,6296.2565522955,6576.580138710883,6770.152489390989,7188.452729760753,7761.00485901206,8432.285134579219,9253.329783618272,10200.962207640863,11313.144180204994,12545.504593933816,13938.503360579996,15527.412472350836,17316.844441211815,19291.649927371338,21437.692530019296,22588.521548898738
IIASA 2023,SSP4,Guinea,GDP|PPP per capita,USD_2021/yr,3312.6776124707153,4347.700862740641,5564.513407377625,6765.585419450075,7930.862594151879,9013.794089850842,10015.720413352214,10907.938464139475,11721.259331708432,12472.187055697685,13225.19103492331,13964.534376983205,14738.60704114061,15518.345379883343,16310.568201170496,16108.049916880615
IIASA 2023,SSP4,Gambia,GDP|PPP per capita,USD_2021/yr,2626.515995940401,3169.0856621033263,3751.274426167202,4324.836412659016,4922.675521147907,5540.203054278404,6164.5941320487145,6812.156924561306,7479.107540408893,8165.405585733249,8887.387991304067,9696.130026596702,10586.640952155729,11558.034193633872,12590.038242182773,12975.498055664773
IIASA 2023,SSP4,Guinea-Bissau,GDP|PPP per capita,USD_2021/yr,2667.379180734603,3043.8000276354724,3434.968811114134,3806.234384571633,4167.701680254363,4532.917051989144,4917.076936804123,5307.3025210270525,5718.669080156355,6151.960023942644,6633.6896770771655,7165.942491672955,7742.9691882820725,8369.735083800746,9044.55585569122,9243.970518213275
IIASA 2023,SSP4,Equatorial Guinea,GDP|PPP per capita,USD_2021/yr,12061.262012193283,11523.39466787016,10747.0633795321,10577.053490585353,10721.23182142926,11074.226720083683,11574.419415212458,12267.97226997685,13037.621744613412,13836.399971603729,14629.678825512545,15493.601853709253,16389.697946655124,17305.575396541873,18237.761690272193,18162.679798997193
IIASA 2023,SSP4,Greece,GDP|PPP per capita,USD_2021/yr,37509.28717977191,42191.669946909875,46556.603327642944,50189.61124911731,53546.44726681081,56614.66295184658,59502.0940511029,62203.049366236795,64357.51088975419,66012.79883194223,67705.77017444711,69801.22507349186,71959.54125453692,74714.51964904583,77990.43509893848,80173.3522751853
IIASA 2023,SSP4,Grenada,GDP|PPP per capita,USD_2021/yr,17654.22951551241,19348.482320791343,21243.0813233606,23519.999603939585,25741.326293903752,27824.080860413105,29838.36112216626,32046.962178172165,34241.44230872666,36329.10197184676,38408.81902642067,40581.67114804187,42830.79728448436,45130.86363024908,47502.94189205637,47560.59549209606
IIASA 2023,SSP4,Guatemala,GDP|PPP per capita,USD_2021/yr,10415.421744604888,10920.555745206935,11531.520517828721,12177.856448181697,12945.974195520259,13773.073547011643,14707.70228708916,15642.515360351295,16611.99609732503,17643.225993324846,18808.41918579768,20091.755389070513,21446.215255653395,22847.453991278835,24302.83931492072,24592.79236480088
IIASA 2023,SSP4,Hong Kong,GDP|PPP per capita,USD_2021/yr,69301.47209278143,74290.69706585896,80529.71068750245,84620.60967169293,90736.71266113728,97558.52388552848,105115.3643582727,113461.76278652174,121597.60737398086,127840.91378987253,133158.49200077905,138741.3761618853,144678.09212689823,150922.3143004305,157149.65114927597,160304.4709707038
IIASA 2023,SSP4,Honduras,GDP|PPP per capita,USD_2021/yr,6738.356334518713,7495.534888011034,8303.14446395917,9084.776708887724,9907.534297953973,10740.026563817299,11619.442389840715,12487.839088935143,13365.260225050093,14247.26736672983,15187.595743043032,16173.998091968211,17181.855967367137,18204.8841902018,19257.19359410226,19391.746450877727
IIASA 2023,SSP4,Croatia,GDP|PPP per capita,USD_2021/yr,38959.39103398094,41362.00499808052,44329.249448910006,47930.90652202739,51051.63862863248,54055.812105254416,57395.0387382547,61356.49617785579,65190.55562309262,68626.82387487828,72033.9442394527,75585.57423689522,79227.1353750102,82804.45340850738,86283.16977009877,87894.4095831005
IIASA 2023,SSP4,Haiti,GDP|PPP per capita,USD_2021/yr,3045.2001766031003,3565.6360017164634,4115.923961373182,4685.013692121707,5266.362743764656,5844.27068143148,6450.348450578764,7114.468879359753,7837.555173248641,8610.665373464148,9454.356272099214,10395.231584391733,11438.217322901712,12592.666145607027,13860.58918964488,14500.448851730744
IIASA 2023,SSP4,Hungary,GDP|PPP per capita,USD_2021/yr,42884.984076168694,46070.21543432415,49509.26053908304,53532.606172057436,55879.1583785337,58528.477229020864,60615.268545839055,64651.18791203292,67870.1208017976,70409.27585231439,72710.55817852843,75006.59775423644,77247.79657429295,79546.04577215905,81882.61805073376,82498.98587110706
IIASA 2023,SSP4,Indonesia,GDP|PPP per capita,USD_2021/yr,13555.01126681528,14649.525514914052,15946.377436701088,17498.931480984244,19358.12659483364,21517.32343961923,23904.0344795028,26378.509457810866,28876.709650116394,31363.468430411674,33778.22378582664,36133.871184168056,38474.282058502686,40800.15476362655,43115.395957288005,43288.4083042548
IIASA 2023,SSP4,India,GDP|PPP per capita,USD_2021/yr,9148.493155429109,10257.120614389485,11510.252478309425,12914.300633995761,14476.77147157134,16088.668320255078,17826.938067572777,19744.182655618322,21795.319486489283,23917.64078999717,26069.517865280468,28286.36631278194,30591.351344391638,32994.75751717302,35488.76207166057,36202.164513582364
IIASA 2023,SSP4,Ireland,GDP|PPP per capita,USD_2021/yr,143082.7429961372,149742.59281991818,157077.02330626847,163861.86638141435,170715.3095695293,176679.62908122977,183089.04444690494,190670.81491356296,196632.38532597438,199797.07675135406,202056.71055070343,205045.801904853,208547.1123473352,212010.23509251582,214908.19894455708,212092.2049759947
IIASA 2023,SSP4,Iran,GDP|PPP per capita,USD_2021/yr,17565.16357113668,19206.59911188108,21126.975090976826,23017.33966838947,25288.537083270345,27556.10125392038,30055.031791585898,33353.02155340991,36888.319666032614,40236.22363038964,42997.900795732494,45681.372803850376,48406.50750873846,51390.619097852905,54305.07287748088,56192.74949522126
IIASA 2023,SSP4,Iraq,GDP|PPP per capita,USD_2021/yr,11305.033255148757,12358.244322305003,13389.98650819555,14313.093546858185,15289.822565951852,16237.865413783198,17213.15919103515,18096.67054319178,18982.153095356098,19842.194927085016,20688.713038973725,21496.071338284713,22364.438814715973,23316.183225363202,24306.917854371346,24005.100153059288
IIASA 2023,SSP4,Iceland,GDP|PPP per capita,USD_2021/yr,66694.95495839402,70332.82042466033,73766.63110092113,76587.37894243338,78612.66345688779,80706.02664151527,83570.63405505587,87122.39732413899,90963.27736969429,94700.03492521054,98448.92674915346,102537.85995533495,106937.09914796936,111659.29373517292,116528.5376344355,118636.00332044343
IIASA 2023,SSP4,Israel,GDP|PPP per capita,USD_2021/yr,54975.837225377974,59409.19063143276,63343.33699037441,66036.56874166509,67946.94288520605,70193.87522399351,72549.68479283038,74991.89358597113,76861.43751100873,78383.00763708622,79719.35355023186,81529.23208482764,83797.99825151893,86484.31623735494,89419.6948467427,89613.99351939712
IIASA 2023,SSP4,Italy,GDP|PPP per capita,USD_2021/yr,49970.91975985196,53923.84138264585,57658.881970992574,61362.6755238219,64893.80824500206,68137.40349014215,71762.66363907595,76947.69878522262,82162.15452002105,86455.23231571021,90441.5022235244,94761.0525731549,99273.12059621763,103941.86799784888,108554.97454391369,110876.54299692265
IIASA 2023,SSP4,Jamaica,GDP|PPP per capita,USD_2021/yr,11646.04795610456,13365.91606031641,15176.295550101668,17071.51166664539,19057.127791281433,21157.72231670518,23296.018250197525,25503.3709823474,27814.841045108908,30272.181081535768,32815.28806017783,35517.75152438563,38219.57480620241,40911.98229863072,43577.6741512489,44387.869650898436
IIASA 2023,SSP4,Jordan,GDP|PPP per capita,USD_2021/yr,10619.11166482438,11136.423233028403,11734.447594727973,12602.792118178873,13700.456256583004,14909.041914071324,16224.178924870623,17654.02543878774,19198.89257679891,20814.67616788804,22470.685861370574,24259.521370129238,26155.841727240077,28081.3380457442,30032.546207128857,30658.342709720902
IIASA 2023,SSP4,Japan,GDP|PPP per capita,USD_2021/yr,48388.55999569543,50539.98844773565,48308.4837246788,57145.80508308461,59518.61720738005,62458.021323952395,61644.95864847853,66671.75447478237,71313.77558097475,75501.17461558346,79544.49027879084,83702.6346138472,87813.22829476694,91705.08510641463,95316.15687088683,97264.13335955517
IIASA 2023,SSP4,Kazakhstan,GDP|PPP per capita,USD_2021/yr,32117.480858000927,32535.499464067736,33131.02963657822,34165.49706854885,35249.856092409864,36487.298112403936,37803.844775266254,39267.04877442105,40985.617492984646,42685.5716802902,44419.20718621003,46262.68833817041,48249.54995256604,50296.243253332555,52374.832157762474,51830.51015234848
IIASA 2023,SSP4,Kenya,GDP|PPP per capita,USD_2021/yr,6024.421611845408,6888.189002393299,7813.918824404112,8768.949993387003,9742.797185559974,10680.943711981083,11657.654889119105,12649.928545511615,13694.045805225867,14779.481261126053,15965.048929508412,17232.921260229396,18586.436781665023,20034.895025319813,21571.520509851893,21913.777548522816
IIASA 2023,SSP4,Kyrgyzstan,GDP|PPP per capita,USD_2021/yr,6124.296226567558,6626.141008047804,7112.63793260647,7598.915881634053,8118.02958123637,8692.466469494444,9300.494523197005,9948.19142421248,10680.046975238036,11499.310301602767,12381.428621141627,13306.389163215177,14303.131054093814,15395.007719681686,16556.06383906488,16929.69492607042
IIASA 2023,SSP4,Cambodia,GDP|PPP per capita,USD_2021/yr,5774.014051060651,6176.223288641469,6651.6082514982545,7181.159209377595,7761.640893223303,8298.021447352,8884.230501878816,9542.571195908742,10296.279201567066,11105.995204984365,11994.487357450438,12979.473123183696,14059.792910554512,15246.2918441372,16527.47507880811,17009.58485631499
IIASA 2023,SSP4,Kiribati,GDP|PPP per capita,USD_2021/yr,2046.769155742241,2122.2594205982755,2227.552964036632,2365.8225114996417,2519.1424280696365,2690.850486409868,2884.8057247239917,3104.057782695124,3351.0046260989375,3613.1748131899817,3878.7175499859477,4154.030313477179,4455.558648554069,4794.2783672294245,5171.9006656650745,5289.854926312723
IIASA 2023,SSP4,South Korea,GDP|PPP per capita,USD_2021/yr,53745.79246535821,57793.26051191307,61847.69670378881,70708.46191072665,75117.6566036387,79597.40074900578,79248.06724361706,84798.18116337132,89892.94793854213,92725.49937012444,94651.49221892204,97710.66403162168,101583.264701451,105365.30941030756,109048.84052701983,110650.44794777653
IIASA 2023,SSP4,Kuwait,GDP|PPP per capita,USD_2021/yr,51967.53805042918,53518.580202650664,54944.010378030005,55936.09057914613,56330.53717123671,57342.68999271355,60390.24224544236,65617.33160662415,70040.8776959812,73321.87212221402,75880.19143419249,78071.40501853678,80214.96547911946,82314.65225531251,84314.38016413493,82666.66499599155
IIASA 2023,SSP4,Laos,GDP|PPP per capita,USD_2021/yr,9297.12688777594,9752.006994297488,10335.457010198053,11098.766545806133,12026.545828982764,13043.743871147672,14191.032988557068,15429.732645714652,16760.036079504825,18150.862383793123,19591.133779445256,21062.085571191066,22576.526439135654,24156.58151496579,25775.934304926315,25934.205851584557
IIASA 2023,SSP4,Lebanon,GDP|PPP per capita,USD_2021/yr,13981.64214917906,15389.364472468855,16835.113715248426,18603.3495265593,20475.25029595848,22205.040048411778,23917.169405588087,25414.79181383601,26794.570017250422,28045.716437917068,29352.53645335898,30660.210099242136,32055.937408697475,33425.2984786272,34792.753734593956,34411.41407083283
IIASA 2023,SSP4,Liberia,GDP|PPP per capita,USD_2021/yr,1725.9114532050203,2074.7111145961085,2437.4496588388406,2783.891168566045,3108.401530993909,3422.323764010034,3732.6735197230196,4055.2804306981247,4372.181220422192,4697.048373427778,5044.653346146184,5429.694841314398,5844.284871033761,6286.017497788281,6755.809708336357,6868.649812051297
IIASA 2023,SSP4,Libya,GDP|PPP per capita,USD_2021/yr,25096.116605943032,27839.13248680424,30857.57508812647,34026.72802089545,37673.163644589906,41858.93707787536,46484.93811556895,50843.712090388144,54863.60686285787,58683.65391416929,62494.79221865316,66324.56977181263,70016.04022978943,73545.08682177699,76851.95091729547,76386.2130502598
IIASA 2023,SSP4,Saint Lucia,GDP|PPP per capita,USD_2021/yr,17644.41148041794,19524.053336060133,21526.52858626706,23907.666129784837,26444.833774853774,28838.991231872562,30917.104379054494,32892.45348069647,34844.50238323451,36801.67597890133,38798.7354653593,40828.60783196047,42769.22706250016,44678.2765995709,46577.877783955475,46422.219635993206
IIASA 2023,SSP4,Sri Lanka,GDP|PPP per capita,USD_2021/yr,13573.030731410912,15113.097150455871,16852.66603099083,18679.87977182333,20609.17255086034,22544.816032205956,24619.78933608242,26584.582922260906,28512.333416773246,30364.277969340903,32235.275991891092,34167.1826129775,36129.19189590969,38070.74906289101,39989.18067517301,39997.37816983814
IIASA 2023,SSP4,Lesotho,GDP|PPP per capita,USD_2021/yr,2803.249055788001,3498.6103655942447,4275.5863156753185,5037.531825863928,5774.0852020750035,6456.261239983769,7140.892040418302,7808.898022771428,8496.496647799686,9184.30034722932,9905.814012970375,10662.333273948358,11477.292991055296,12373.031479035852,13330.966878230005,13549.904678440513
IIASA 2023,SSP4,Lithuania,GDP|PPP per capita,USD_2021/yr,48007.80783036568,48174.640048565896,48528.83179666192,48352.447468459315,48785.37685680664,51179.96209865324,53820.62630692394,57631.69295111861,60458.48977311923,62678.41977569291,65130.55844188689,68136.2078247794,71384.33599303843,74702.14087729326,77790.67250532183,79020.27096985516
IIASA 2023,SSP4,Luxembourg,GDP|PPP per capita,USD_2021/yr,134602.24011636377,140714.54238415137,147832.53238486682,156597.7269631457,165243.34473761098,174095.64395506843,183231.47923804302,195173.61925287827,206556.33131343502,215453.2984993442,222897.54105764223,230321.85861332546,237866.42967655897,245492.12002584487,252853.7040480374,254395.8548791609
IIASA 2023,SSP4,Latvia,GDP|PPP per capita,USD_2021/yr,39777.02520999541,41066.517033977965,42522.08764537652,44659.147625315476,46355.77225788952,48331.18722801788,50661.25274738481,54366.16337872054,57775.58490259523,60690.27746011964,63470.168254767304,66538.57879726528,69761.27136908231,73132.29251958667,76362.99881993627,77866.7418685698
IIASA 2023,SSP4,Macao,GDP|PPP per capita,USD_2021/yr,107531.74901914388,113655.08471963882,122764.95844233227,130095.56098675147,139052.76352031837,148488.14192298029,157674.553267293,167994.1033664888,177783.77265050972,185456.54385276814,191538.7161957243,197565.30105130785,203760.02815270185,210276.21804663827,216066.3686044688,217600.01107866436
IIASA 2023,SSP4,Morocco,GDP|PPP per capita,USD_2021/yr,9631.261243782214,10497.802330684306,11476.773999121073,12721.668179662889,14214.90959995451,15807.936579602654,17679.929654590866,19838.836918955243,22294.328016816493,24745.538786998688,27154.51476183679,29565.3568906923,32036.137057387125,34584.45662847612,37138.69069634105,37812.90103517039
IIASA 2023,SSP4,Moldova,GDP|PPP per capita,USD_2021/yr,13623.651576881373,14035.804359884876,14684.815782613232,15396.508306093956,16253.831473016291,17299.26436035956,18520.998975080856,20123.512067680407,21947.55441456492,23850.51423697024,25729.286182299802,27683.976052658196,29807.362639279625,32233.402638651944,34833.024938877265,36761.60929937353
IIASA 2023,SSP4,Madagascar,GDP|PPP per capita,USD_2021/yr,1787.8928352597156,2115.349688331107,2468.7016865351707,2817.5657943097417,3181.5994895078215,3549.8310854955707,3927.7002252968905,4309.330355475495,4698.74449431268,5099.15596051421,5521.150502606036,5969.414659700784,6436.6506090319735,6926.767216232905,7450.700975180596,7602.703744674676
IIASA 2023,SSP4,Maldives,GDP|PPP per capita,USD_2021/yr,26678.53088294403,29331.49268558808,32073.484774498138,34424.707246695645,36282.202514607925,37914.90529542239,39856.10523771157,41999.45359018634,44276.18304855482,46056.143230950984,47472.49297494572,48675.0702054303,49931.206427140205,51144.421772419824,52374.381648460054,51542.78354003758
IIASA 2023,SSP4,Mexico,GDP|PPP per capita,USD_2021/yr,22286.619483551476,24663.684407137935,27033.211200971993,29335.542902895857,31647.011521805918,33900.705154097384,36223.531249000895,38431.80667727725,40628.292289593875,42700.80626563635,44743.86318354299,46754.52994546674,48749.95917571821,50710.280972607296,52614.869386581035,52068.203879482
IIASA 2023,SSP4,North Macedonia,GDP|PPP per capita,USD_2021/yr,20277.705869320147,21044.761387246843,22067.225430290204,23650.02846621552,25533.47387732638,27604.90305906187,29785.679178527447,32244.447329247134,34943.47318405451,37755.244215941326,40749.487279116074,43839.07475152097,47062.77798913134,50369.45843146149,53763.76506001951,56153.89537353746
IIASA 2023,SSP4,Mali,GDP|PPP per capita,USD_2021/yr,2519.4396765196716,3000.027839553771,3514.791894235256,3997.357202007136,4458.666484618282,4878.694346089215,5258.450039705079,5610.334329618385,5940.079357058254,6248.852773672615,6560.258286681766,6865.756907305929,7199.4681814365,7556.536463336403,7951.25958757417,7844.2523565166475
IIASA 2023,SSP4,Malta,GDP|PPP per capita,USD_2021/yr,60817.2915029261,70621.86823141732,80505.97232958657,87049.32650856476,91895.11528793967,95550.7901540523,99334.59329823374,103987.31768481291,108429.26499184112,112592.01757716079,116909.40100298707,121705.72614823822,126863.34646041122,132517.79997051737,138503.8301619829,141885.20351966412
IIASA 2023,SSP4,Myanmar,GDP|PPP per capita,USD_2021/yr,4786.610565173226,5260.358624330791,5809.539683461911,6440.1589969535835,7172.8294441521375,7922.268469615759,8691.580848989948,9477.538305943903,10296.708409492057,11094.014222202068,11887.430218700014,12681.042611336368,13518.14737102504,14403.925138258657,15348.725553298693,15512.15722488976
IIASA 2023,SSP4,Montenegro,GDP|PPP per capita,USD_2021/yr,25556.132571749047,26483.641818752312,27741.889852147655,29439.659202511273,31478.394656076303,33523.79172917892,35858.617944040496,38451.19357950659,41279.61320394151,43888.09314371222,46531.011320370024,49258.939948460655,52056.40739652915,54881.366864517746,57732.11285629646,59318.15171253082
IIASA 2023,SSP4,Mongolia,GDP|PPP per capita,USD_2021/yr,15008.14535281436,16072.840054853463,17282.745265956015,18653.949010406093,20541.71201015335,22716.40625695913,25131.806634280598,27656.462460910447,30459.41225907962,33369.053071066475,36313.191670445674,39388.148646530346,42597.54149113763,45885.87967995423,49132.64732976425,49585.20512730993
IIASA 2023,SSP4,Mozambique,GDP|PPP per capita,USD_2021/yr,1538.893887214082,1858.0180498874163,2203.5297314257405,2539.4170390568424,2876.268533421193,3211.286181448771,3546.611580060931,3875.7403348051416,4220.462362750404,4570.15739869673,4951.67824213964,5359.62788683049,5804.285600707678,6275.579698253898,6770.007330060927,6863.91455986492
IIASA 2023,SSP4,Mauritania,GDP|PPP per capita,USD_2021/yr,6589.236636533814,7527.606196839502,8539.298315582613,9544.995707352737,10581.711479682626,11624.456865304415,12689.086753539283,13753.972948586412,14812.670106910538,15832.841578388288,16869.532842783952,17981.18190408722,19131.177153348748,20289.816212650137,21447.42798250114,21357.59471079751
IIASA 2023,SSP4,Mauritius,GDP|PPP per capita,USD_2021/yr,27515.59703698114,28658.70352771533,30338.613971406867,32576.20231397021,35115.099838766866,37963.88863559628,41265.57953621323,44505.331849928145,47600.35307298437,50364.57844898111,53126.78757774495,55883.19189255036,58458.98984009918,60829.37111230484,63076.41838507623,62589.09329581049
IIASA 2023,SSP4,Malawi,GDP|PPP per capita,USD_2021/yr,1694.415497180726,2093.795258900969,2540.3592632600603,3008.038116053059,3494.076718806705,3996.2311766587322,4520.493520603703,5069.9942178860865,5658.388017166609,6270.976332495292,6943.066804876854,7674.841687101183,8491.98722077904,9378.052116691733,10340.793508558969,10743.022183018242
IIASA 2023,SSP4,Malaysia,GDP|PPP per capita,USD_2021/yr,34776.48464141333,38278.19615415686,41924.04387179158,45533.65791326926,48875.1846715049,52085.11823970022,55248.57651301824,59048.290320375105,62710.05772056421,66231.71705204627,69514.47464854103,72790.75194686522,75901.71271619937,78875.26310459498,81552.5304115771,81365.70674274392
IIASA 2023,SSP4,Namibia,GDP|PPP per capita,USD_2021/yr,10703.292356154185,11232.87187117186,11890.896789028677,12608.751422057514,13494.19491890897,14474.845878997558,15542.830796148253,16693.580618366537,17971.299973193058,19380.733196458987,20901.420837622994,22502.581131158044,24196.868624071725,26023.37528885191,28035.165723074286,28539.855860426927
IIASA 2023,SSP4,Niger,GDP|PPP per capita,USD_2021/yr,1625.2915976381112,1977.237255125143,2353.3949025977645,2703.75659752735,3046.600357175873,3374.47627427969,3701.5923187327917,4015.191177474364,4328.44396164771,4649.663322496927,4983.56955651542,5343.350221639163,5709.463154919083,6094.659018204003,6486.660905134169,6473.963917739505
IIASA 2023,SSP4,Nigeria,GDP|PPP per capita,USD_2021/yr,5613.864622745891,6380.4536418481775,7181.170023845527,7975.583982199459,8824.049121795844,9671.136965702575,10559.903857880714,11458.757514440684,12394.786377816923,13377.205094789022,14442.816696834876,15594.862578932733,16857.58241723598,18202.556900452124,19647.430745094327,19937.521286541356
IIASA 2023,SSP4,Nicaragua,GDP|PPP per capita,USD_2021/yr,6792.616702315557,7996.161392674272,9271.842166884859,10499.338491998955,11757.390008113667,12964.623646949729,14172.953142522125,15387.565903647173,16662.69208325786,17945.004914754096,19237.390376841307,20562.854330294307,21910.93889713755,23327.451663699067,24802.748505996915,25083.11899645793
IIASA 2023,SSP4,Netherlands,GDP|PPP per capita,USD_2021/yr,68212.5312453992,71643.67395411595,75445.92856981471,79008.41537378424,83748.03281980503,88676.01293829565,94279.35663739231,99960.94381941155,105418.72511633641,110420.29403953825,115335.76589132372,120614.59626800267,126136.02099100297,131804.12851227395,137500.78804992803,140283.8514078942
IIASA 2023,SSP4,Norway,GDP|PPP per capita,USD_2021/yr,77645.3013627311,81332.81880248348,85348.3263516287,89275.5139209851,92860.61449808265,96281.7888432025,100442.98712928493,106850.71995551545,112916.26717642434,117477.34397797106,121655.46360872753,126326.6289515855,131173.94049947482,135975.4891519989,140354.34978881248,140905.57421840713
IIASA 2023,SSP4,Nepal,GDP|PPP per capita,USD_2021/yr,5054.511380136184,5555.123557728175,6137.406343046127,6766.887930550148,7473.526056297315,8206.473141313927,9039.653223370802,9957.581539418805,11002.552691002871,12164.4987828099,13472.662681276659,14914.38129437296,16496.240772723126,18228.41891864003,20143.628861724854,21205.062625253682
IIASA 2023,SSP4,New Zealand,GDP|PPP per capita,USD_2021/yr,50293.94816658259,52683.29862195777,55067.43792445309,57253.745573469554,59682.23510853202,61549.108166545804,63393.62780709091,65624.39176188021,67643.05901858787,69294.33989001809,70984.90937867243,73028.12008961913,75113.47927112777,77885.02583470118,81163.18564855211,83041.9388807498
IIASA 2023,SSP4,Oman,GDP|PPP per capita,USD_2021/yr,38986.72265791695,41259.990058244046,43781.16196909323,45745.212362910854,47300.019676290925,48836.51569010849,50556.37184083657,52917.505506403584,55799.195701180026,58044.28943928127,59797.192554895904,61340.03173983061,62931.17464992552,64474.771168083316,66072.46457215135,64689.12605652467
IIASA 2023,SSP4,Pakistan,GDP|PPP per capita,USD_2021/yr,6168.864249011488,6956.790529807074,7783.584465274381,8670.52038195615,9601.558222568141,10521.829985482515,11514.95583936493,12542.70538535757,13676.628170353282,14865.592892698021,16170.366537619811,17598.296023127954,19157.098389596893,20834.826852257363,22583.235861248788,23137.29245218969
IIASA 2023,SSP4,Panama,GDP|PPP per capita,USD_2021/yr,38257.17297917058,39276.68055926682,40514.14311416318,42272.97337076098,44151.35252535176,46084.60814009544,48074.020832552735,50086.743852131505,52036.494795119084,53816.021774019726,55562.261663905985,57128.89077037809,58625.73703222772,60005.17736923173,61409.44848080476,59821.884121422445
IIASA 2023,SSP4,Peru,GDP|PPP per capita,USD_2021/yr,15351.784695866436,16695.362634044417,18116.945326222994,19608.19175538742,21049.8885506482,22493.74948160484,24048.11748451928,25752.41886130161,27494.543322285725,29237.64743338713,30982.20676381464,32792.99324540012,34673.13180657356,36639.79097037774,38663.63038323339,38865.08070486729
IIASA 2023,SSP4,Philippines,GDP|PPP per capita,USD_2021/yr,10848.223986180708,13005.571581459082,15282.245956905657,17476.731623144562,19566.273135706277,21504.986628916686,23361.101064796854,25221.47428338918,27074.2169692556,28881.080554384273,30726.08277831641,32652.893272147456,34595.22537672624,36463.60579758876,38289.08377899672,38061.71152577145
IIASA 2023,SSP4,Papua New Guinea,GDP|PPP per capita,USD_2021/yr,3822.026295795373,3956.131817526652,4173.941321303813,4504.710823193669,4920.577400203662,5392.50023544255,5942.3799107066125,6554.365907937289,7215.838449303728,7894.337993748663,8613.44165794552,9395.966035770933,10249.691582682413,11190.508496085733,12202.549249712072,12655.297948427828
IIASA 2023,SSP4,Poland,GDP|PPP per capita,USD_2021/yr,41951.64386064044,42852.632079756535,43599.456687510545,47560.631341342974,50300.12173952539,52891.873907715264,54023.595336634295,56730.49486309511,59158.862651449206,61185.02502337031,62999.1532932558,65268.562878087796,67622.13128241533,70091.48735965928,72411.3769735417,73083.17632035933
IIASA 2023,SSP4,Puerto Rico,GDP|PPP per capita,USD_2021/yr,38807.6354903412,40497.285225253814,42183.29367025666,43365.96461834573,45620.70524832524,47788.12290198352,49690.54190832198,51137.2825772991,52531.873699375465,53794.74288569958,55373.55554613331,57247.744733866406,59247.640891745556,61287.70239540263,63273.74999821996,62856.896135363306
IIASA 2023,SSP4,Portugal,GDP|PPP per capita,USD_2021/yr,42343.78055288944,45721.45245258546,49526.88844465376,53530.590246517866,57864.799628763525,62212.280780644,66064.5570380081,69612.83745134228,72545.76208264292,74700.89103779032,76744.45802805842,78945.15014006039,81283.18629862453,84287.9927009291,87773.01169791838,89838.45504429057
IIASA 2023,SSP4,Paraguay,GDP|PPP per capita,USD_2021/yr,16157.645539482968,17648.46925227588,19375.02189888133,21193.519628133603,23112.121960203185,24946.649465684564,26849.003635377885,28727.59652128316,30571.42603410005,32328.49726390075,34051.482577133094,35792.16634638361,37447.14241199345,39113.01476030804,40740.251836027826,40355.108540935355
IIASA 2023,SSP4,Palestine,GDP|PPP per capita,USD_2021/yr,6457.832210622961,7811.846994795323,9245.28490976072,10560.47094246534,11916.7160092136,13243.100830961836,14530.115381174703,15686.051322791998,16823.310613277125,17948.246562648164,19095.305343835356,20226.25383272306,21404.004939451766,22623.719251107934,23837.49964788512,23777.353471737697
IIASA 2023,SSP4,Qatar,GDP|PPP per capita,USD_2021/yr,99042.6002644055,101941.2674166502,105924.67662027915,108941.24918594542,109772.65263635483,109744.53652372226,110346.85471567619,112323.49825180134,115042.16202388721,117115.8687144648,118292.45725461618,119008.22110290019,119514.90919458593,119926.16240763915,120190.87469469287,115780.04758641154
IIASA 2023,SSP4,Romania,GDP|PPP per capita,USD_2021/yr,40339.94244658268,41683.1756936505,43765.41986421663,46864.00849085198,48471.487942580156,50713.54796077091,52759.11801392322,57528.09020969332,61677.97504321206,64982.09229506573,67903.44004967662,70869.1250425869,73884.61059592251,77064.98326797762,80424.31795277727,82125.2152433041
IIASA 2023,SSP4,Russian Federation,GDP|PPP per capita,USD_2021/yr,31724.97358801981,33316.42989372215,34714.36655066588,36615.131042042616,38594.53997280787,40604.28278395012,42355.09852919244,44754.37848178612,46947.55280907856,48747.908708277166,50519.61632680077,52515.15202886934,54707.05355511763,56989.46411706035,59129.368153361684,59747.9272400164
IIASA 2023,SSP4,Rwanda,GDP|PPP per capita,USD_2021/yr,2989.293001056075,3382.2201946368928,3794.2756584319077,4166.7749178599115,4532.929626657353,4890.992154028027,5252.539539048994,5601.093491418648,5947.525802214315,6283.801949025944,6640.612932561883,7029.545362873474,7436.318684298887,7854.194758963336,8285.941017039153,8212.257150974365
IIASA 2023,SSP4,Saudi Arabia,GDP|PPP per capita,USD_2021/yr,55941.90045902119,56905.39571293562,58185.37215317717,59472.04705679981,60780.358166070786,63386.75686436271,66754.41212071174,69947.57643805933,72786.86640558945,75028.8323934025,76938.34279547897,78639.5091707599,80647.25574976634,82792.84548176313,85153.7856039214,83857.23514640266
IIASA 2023,SSP4,Sudan,GDP|PPP per capita,USD_2021/yr,4134.611601517273,4563.097018301332,5083.439605012861,5661.656123820883,6272.7221653477145,6940.99882134361,7677.845445904388,8520.220199176432,9423.584871839555,10377.54293030141,11430.016966243984,12579.052883326172,13847.451914421856,15206.832292570887,16706.66148266007,17765.596619911412
IIASA 2023,SSP4,Senegal,GDP|PPP per capita,USD_2021/yr,4634.7685547495485,5453.020293430705,6351.223915373122,7238.798496721234,8136.628073866974,9035.62692055032,9971.467163302992,10909.090761457037,11840.225289950908,12755.173240935545,13671.664128215702,14621.390665432758,15627.607555080536,16667.32596803014,17716.40165116405,17675.33013721865
IIASA 2023,SSP4,Singapore,GDP|PPP per capita,USD_2021/yr,117255.40127756103,125267.61515817721,136842.27548825456,147413.6598219594,159636.95832852038,168998.4612150457,176380.19724352608,183634.8089071191,189678.298649928,192257.81630437847,194628.8712190795,197930.58741391604,201852.49660722585,206042.19003692575,210228.2141871768,210846.23600713498
IIASA 2023,SSP4,Solomon Islands,GDP|PPP per capita,USD_2021/yr,2197.219846289675,2645.3105754132903,3145.9224154891067,3663.9159058543646,4202.40525472855,4752.080408546574,5326.478275842554,5924.742936190696,6528.690136356144,7150.559731701871,7798.783335255783,8511.806718053684,9274.90986924054,10110.071709294516,11004.886421329951,11373.873571097141
IIASA 2023,SSP4,Sierra Leone,GDP|PPP per capita,USD_2021/yr,1923.0433968576547,2242.643684627442,2608.449874769712,2965.2806867350964,3382.0966355253518,3826.019436728355,4311.255954807988,4821.886158831656,5375.752173764574,5979.584861103178,6656.829328795954,7400.5813706622475,8200.874747320102,9065.529288287702,10007.131041127692,10454.33290316857
IIASA 2023,SSP4,El Salvador,GDP|PPP per capita,USD_2021/yr,10861.600301387398,11484.101402242935,12211.528966022173,13097.052115291292,14167.392078358014,15356.754948960874,16621.141505345055,17880.44847685399,19248.217183872242,20758.07615444636,22414.6922030304,24175.595190800814,26052.796085120743,27985.76833991298,29967.34520585786,30525.429367544286
IIASA 2023,SSP4,Somalia,GDP|PPP per capita,USD_2021/yr,1116.9256883713174,1375.9280673734195,1661.3950625174466,1940.1079175334273,2220.06569609481,2502.10838335356,2782.1292450345436,3060.284836931439,3344.710730177621,3638.842186252718,3950.49384928288,4278.4416392574785,4627.070284344581,4990.172458316477,5392.588681275128,5462.591133049634
IIASA 2023,SSP4,Serbia,GDP|PPP per capita,USD_2021/yr,23570.96758267151,25128.220397250738,26997.95416260603,29243.300523921425,31418.41639561801,33770.93100557607,36273.73890488932,39850.10177185742,43396.75154808114,46520.023072545184,49611.68028944565,52733.96770240601,55922.48118882246,59042.32363177642,62096.60824368248,63815.19747584465
IIASA 2023,SSP4,South Sudan,GDP|PPP per capita,USD_2021/yr,685.4905564179483,1000.6833861057696,1387.9933607059806,1788.4177807820577,2199.9889424214243,2616.1325588265395,3050.40904300781,3454.793098097022,3835.144007245584,4181.92452581832,4539.780859820385,4939.59370843429,5387.247349206963,5863.268919531941,6351.0862247125815,6446.212332430884
IIASA 2023,SSP4,Sao Tome and Principe,GDP|PPP per capita,USD_2021/yr,4513.203516762966,4639.415672385839,4839.586748875844,5121.964454962196,5499.044958078736,5954.228520345875,6524.393634526407,7163.248966124752,7841.266388291961,8542.614521107855,9298.666422208751,10112.124998293453,10971.302545474338,11889.020342867412,12884.13785318541,13259.827727172815
IIASA 2023,SSP4,Suriname,GDP|PPP per capita,USD_2021/yr,17277.881025910534,18677.8804170883,20242.54905991066,21791.463212982526,23352.858053607488,24830.593850632333,26488.38310331757,28144.43863725687,29770.970802131338,31359.476200690533,33047.252590418255,34812.95991549052,36589.94650820772,38389.30404720178,40226.11029088361,40165.74940026429
IIASA 2023,SSP4,Slovakia,GDP|PPP per capita,USD_2021/yr,39189.590392132,42209.99082807633,45254.71683375389,47977.57189725058,50683.80051225793,53181.53716688583,55493.03534265989,58167.39154018763,60853.141822390404,63240.21379959317,65551.08122378524,67914.67170345878,70315.25364880054,72769.64798068693,75185.68916936636,75954.4094271163
IIASA 2023,SSP4,Slovenia,GDP|PPP per capita,USD_2021/yr,49916.22640188804,53851.855407937845,57816.747271529406,62243.10079947529,65747.29033642457,68992.98424562084,71777.83466275397,75692.33550591145,78838.12330943065,81258.01273728377,83543.31653628954,86082.05551302213,88800.59617765131,92322.16439232868,96372.96087304469,98758.66781919834
IIASA 2023,SSP4,Sweden,GDP|PPP per capita,USD_2021/yr,63141.27184074568,66890.46652613056,70336.44722469282,73285.75269158217,75853.51583071616,78164.79049957651,81067.33980971415,85978.34895738555,91057.56648078153,95185.279098754,98907.19812178981,102920.8927289947,107209.34081428369,111635.86145161233,115741.08320846558,116675.97728835544
IIASA 2023,SSP4,Eswatini,GDP|PPP per capita,USD_2021/yr,10311.07547489946,10650.761123185277,11096.097187005173,11749.995710349425,12491.40204057788,13282.768836570243,14207.415641091293,15335.346947927726,16598.328235926725,17967.604027402056,19484.259858179103,21176.514925085638,23027.09898402585,25014.769225396994,27124.116239473344,27705.858395439758
IIASA 2023,SSP4,Seychelles,GDP|PPP per capita,USD_2021/yr,35185.64672489824,37541.85762773235,40141.45677368373,42931.722042105815,45658.330333603924,48196.770829154055,50490.55670596007,52741.23148219303,54964.49041844398,57069.75949065198,59064.080016549815,61077.05850379893,63079.17794665919,65134.2742553543,67242.20318329691,66097.74336895026
IIASA 2023,SSP4,Syria,GDP|PPP per capita,USD_2021/yr,6741.399828284421,7234.145092885048,7753.779709766047,8599.53255009875,9569.848552665091,10585.445033527381,11564.469170137489,12585.665400341803,13610.039596458912,14620.723942971288,15726.183111711276,16971.799417639606,18341.741533778946,19692.359860113058,21067.452760125423,21425.64142742195
IIASA 2023,SSP4,Chad,GDP|PPP per capita,USD_2021/yr,1599.060080534648,1842.8736787791568,2105.191337862637,2362.411062363504,2631.3705576173725,2902.653504842165,3189.0137844145224,3484.5798524560455,3792.8814325316694,4115.386972798965,4457.709984990615,4837.599982822463,5240.692070960161,5679.506749015802,6160.536269791914,6299.00678562247
IIASA 2023,SSP4,Togo,GDP|PPP per capita,USD_2021/yr,2668.6971733207024,3116.9229876273075,3599.002386572184,4076.079670127529,4582.794564763796,5098.067763076927,5591.8420558277385,6088.261277584712,6579.559019996689,7096.065155297163,7626.813396200568,8197.606639183754,8799.7157948096,9425.584425999532,10090.10093405417,10208.452254010705
IIASA 2023,SSP4,Thailand,GDP|PPP per capita,USD_2021/yr,21283.40801537707,23608.582342504404,26249.696522831906,29849.314569508413,33797.11434116321,37757.80382379948,41552.13025783524,45551.06335555785,49305.64330148074,52565.75070156753,55622.47506090753,58568.72773962548,61449.053265185736,64159.9922309274,66788.49819655153,66385.96769483834
IIASA 2023,SSP4,Tajikistan,GDP|PPP per capita,USD_2021/yr,4960.018947352055,5394.769602918385,5832.678798325454,6549.8268887453005,7126.345398375596,7784.48741618038,8457.084113809111,9550.445560330321,10756.814169645168,12041.531843069044,13403.701858087043,14834.15344390181,16354.094573306724,18002.13188902077,19766.147372994274,20593.624005757716
IIASA 2023,SSP4,Turkmenistan,GDP|PPP per capita,USD_2021/yr,17698.85283754091,17644.93483663444,17724.85921896735,17845.330649575568,18117.274859790967,18636.00959029594,19398.899718872755,20185.17409045833,21014.171636524654,21780.587912588406,22517.86300125409,23269.73719600712,24068.537585149454,24943.69234655933,25823.825099636757,25416.07292421187
IIASA 2023,SSP4,Timor-Leste,GDP|PPP per capita,USD_2021/yr,3304.323796886617,4253.32695108418,5398.490280798377,6647.439725466553,8040.002429534067,9445.87686827584,10874.229430588743,12356.043937523456,13950.21273989465,15600.825792730791,17310.778190128254,19083.49472141195,20920.2919752952,22779.504825781154,24652.350256429665,25172.250906460788
IIASA 2023,SSP4,Tonga,GDP|PPP per capita,USD_2021/yr,6233.152893460192,6984.84207882768,7817.797135314191,8630.789435444553,9497.00710229044,10339.271770854075,11256.588103840139,12156.330731129747,13073.7294733636,13976.423654964725,14910.01904983279,15925.676927617053,16999.733662674495,18124.641377099408,19259.888555730144,19504.32712376361
IIASA 2023,SSP4,Trinidad and Tobago,GDP|PPP per capita,USD_2021/yr,28197.486970586466,30713.38577692564,34023.13704204351,37189.13230692675,39543.23584485074,41418.870320786446,44497.651593789335,48774.74397506688,52383.32595172121,55314.04499477502,57986.95114262844,60654.27972610858,63331.08626759826,65876.6799055143,68419.08242217018,68636.27446559256
IIASA 2023,SSP4,Tunisia,GDP|PPP per capita,USD_2021/yr,12052.399330042224,14297.388482514465,17014.663420559773,19661.16443767483,22575.781929378598,26170.140528403685,31261.112880636192,35863.72921613787,40078.458762855276,43449.48236938375,46309.81331131662,48947.44761877508,51569.8592046155,54191.23324998786,56705.72090292343,56404.196452270386
IIASA 2023,SSP4,Turkey,GDP|PPP per capita,USD_2021/yr,39558.57102480204,43004.366528675055,47180.39594144867,50649.67346824961,54289.185887868225,57939.3727881507,62814.418463865244,68159.9643985223,72466.06137759147,75955.63346917898,78644.76298425398,81288.36046026605,83886.32863234618,86579.49956191723,89045.60141428678,90421.98197055161
IIASA 2023,SSP4,Taiwan,GDP|PPP per capita,USD_2021/yr,68971.81167132969,75293.22691534205,83139.6823528211,88253.95160551486,92643.31246784684,96534.44459143275,102535.36743211208,110181.38933112836,117814.93361508088,123490.31061084011,129056.84928445841,135397.96933282496,141499.98832085144,147273.21461582734,153173.40492329124,155545.10525250738
IIASA 2023,SSP4,Tanzania,GDP|PPP per capita,USD_2021/yr,3291.0350783904687,3852.2335074624116,4477.118539188341,5111.311268626877,5757.619015933038,6401.951210720548,7097.335969736031,7800.983050812932,8488.185138522571,9180.579016195488,9870.255354604833,10581.729076745274,11339.42044975701,12167.448818795978,13045.990100061064,13120.358612550841
IIASA 2023,SSP4,Uganda,GDP|PPP per capita,USD_2021/yr,2921.28998127384,3541.445894610052,4243.394504995444,4962.344615511994,5717.3716158401485,6458.124999573596,7227.344190209392,8002.14986790897,8816.522865731415,9628.28119067146,10486.924565391002,11396.796444338148,12363.972739564566,13394.665209986604,14469.461638854973,14600.795323205357
IIASA 2023,SSP4,Ukraine,GDP|PPP per capita,USD_2021/yr,12130.422778483342,13312.594185715847,14448.834969159456,15448.14190172,16372.262066271844,17408.419256826437,18743.98084613633,20118.421591889466,21490.147086088367,22651.285985211376,23825.89957333832,25158.116315645537,26586.889941842088,28051.107286554125,29444.20193203479,30040.622183736017
IIASA 2023,SSP4,Uruguay,GDP|PPP per capita,USD_2021/yr,28565.459179279595,29824.61462448775,31156.070239175904,32514.956309852903,34137.08607108895,35966.833542895125,37942.73331773493,39898.77381172029,41805.43215090771,43732.95382695488,45645.639862581695,47683.338026071666,49813.49392484356,52058.11204797819,54178.76414355968,54104.31150505625
IIASA 2023,SSP4,United States,GDP|PPP per capita,USD_2021/yr,72995.46861941832,75053.57422161945,77300.2669617218,79744.71066032056,82672.65042553804,86071.22872714832,89681.51627135705,94149.46402723834,98594.4419516092,102515.30899528554,106299.26566803713,110578.84547371056,115139.30066860195,119858.10902548731,124472.3238102282,126128.90467463355
IIASA 2023,SSP4,Uzbekistan,GDP|PPP per capita,USD_2021/yr,10286.731606713165,10930.443289844836,11602.345138123294,12473.949239374344,13006.161577700559,13543.404071382229,14114.671773312992,14980.634664490293,15897.84455634246,16794.393278009233,17725.389576484526,18672.412225434462,19649.321541058638,20655.926235368406,21680.28828554534,21652.44605794309
IIASA 2023,SSP4,Saint Vincent and the Grenadines,GDP|PPP per capita,USD_2021/yr,18966.79314686269,20890.09700864178,22975.33301199264,25146.38866588014,27497.856097017862,30071.76497702384,32763.6284813635,35372.021103319865,38052.16007319347,40698.10017676616,43339.65649060876,46030.75614520065,48892.783295769535,51829.15111248568,54825.81993763119,55312.1149157034
IIASA 2023,SSP4,Venezuela,GDP|PPP per capita,USD_2021/yr,6708.248649776198,7465.165053753428,8365.088623889147,9440.890600188966,10755.762586413191,12146.929996404731,13665.869595872422,15273.762050582998,16931.078088239312,18573.883905365285,20246.407878410795,22094.05494862707,24132.12888217191,26251.244925577637,28381.742338152748,29229.538926864727
IIASA 2023,SSP4,Viet Nam,GDP|PPP per capita,USD_2021/yr,14903.788375643013,16645.443833921312,18687.90752958936,20931.06577779236,23520.28415752242,26588.444926880875,30185.646687315442,34172.73308586423,38438.115792114215,42589.919874932566,46504.43219131672,50388.668363770164,54291.447204001975,58349.18785761301,62379.35121030974,63679.15975346649
IIASA 2023,SSP4,Vanuatu,GDP|PPP per capita,USD_2021/yr,2811.607641998294,3217.0475533287963,3644.589892349816,4078.191740219125,4519.905260617338,4952.255992471406,5404.067058737436,5874.098423302276,6376.76048587619,6882.397855802523,7419.902945727302,7980.537422446654,8580.585878897406,9226.729890258877,9933.636839634832,10167.90829943022
IIASA 2023,SSP4,Samoa,GDP|PPP per capita,USD_2021/yr,5417.8426349724095,6310.65856885617,7256.402514388773,8176.64191935549,9128.877177181657,10254.253747921575,11492.159070835187,12724.133047263187,13899.679496743873,15067.609746819775,16311.75128087183,17655.79556303811,19095.479544082933,20683.231615667573,22377.595532212683,23085.239734819475
IIASA 2023,SSP4,Yemen,GDP|PPP per capita,USD_2021/yr,1904.708719192457,2059.733407182831,2279.889749953167,2626.655078207128,3017.737050044147,3515.3665182568866,4162.0761034939715,5007.539985146142,6031.1926693990445,7267.149176989231,8737.817076194176,10442.753863472608,12360.427243089604,14506.02766823481,16862.64704251656,18409.797206526055
IIASA 2023,SSP4,South Africa,GDP|PPP per capita,USD_2021/yr,15201.03375602426,16474.913372048548,17864.18675952969,19364.434570253536,20983.382341027915,22512.141329362395,24142.021542548246,26002.19246961742,28095.227548055154,30275.18182237028,32434.075836232754,34675.42424660563,36986.011156752786,39406.746228632706,41913.166474719226,42135.38584232924
IIASA 2023,SSP4,Zambia,GDP|PPP per capita,USD_2021/yr,3818.635014239281,4298.364908326295,4821.113823718415,5374.097466355178,5961.810082605581,6576.210567594502,7224.975095991179,7891.22389815798,8592.749238140392,9327.109620511234,10118.208013531628,10977.015603283418,11897.064121508354,12875.530416141648,13919.058437894517,14155.196544090613
IIASA 2023,SSP4,Zimbabwe,GDP|PPP per capita,USD_2021/yr,2373.2896471758495,2966.9867994186848,3621.490777564739,4243.769612210437,4839.370579368355,5422.656185225304,6025.555409189954,6629.553010586051,7266.590346074405,7955.253192610747,8707.396316970251,9517.965091466873,10397.721121616842,11378.512035374479,12432.52366017139,12825.95287313173
IIASA 2023,SSP5,Aruba,GDP|PPP per capita,USD_2021/yr,45325.356565053014,50498.70421270764,56095.7527302208,61814.3587380616,67167.83593363472,72132.56022161519,77109.59876762067,83136.9649679083,90386.48988217945,98172.06153874325,106642.93543734873,115811.81164542313,125634.96892076764,135950.79078388735,146542.23363840755,154865.82450266607
IIASA 2023,SSP5,Afghanistan,GDP|PPP per capita,USD_2021/yr,977.7914022428048,1293.7468998514153,1747.0865593344022,2384.189657214163,3249.900785284169,4387.913572822692,5732.661031761992,7276.79171088843,8953.468098975352,10757.947350838513,12598.055300439819,14437.634265501063,16263.977023547042,18103.59683548861,19983.379675746568,21418.128511194995
IIASA 2023,SSP5,Angola,GDP|PPP per capita,USD_2021/yr,6782.605992450703,7214.1758422389275,7657.452446195259,8445.940634731558,9564.648566907019,11193.716122904441,13381.68338628654,16218.93402069039,19614.375689796074,23540.610830319525,27832.363447851043,32358.2940788439,36973.17359221488,41663.51803151531,46309.25577396525,49702.79147988888
IIASA 2023,SSP5,Albania,GDP|PPP per capita,USD_2021/yr,19495.702111532533,22218.764455201606,25543.668239607363,30182.385660736814,34492.756043535424,38903.3625090408,43767.90077215053,49894.27175036211,57486.33554757198,65087.33770525243,72246.3874060771,78866.2641694072,85400.71276112246,91997.96829391505,98834.00906405703,106030.6378420112
IIASA 2023,SSP5,United Arab Emirates,GDP|PPP per capita,USD_2021/yr,86976.34093651222,102453.51781889108,118948.52296533294,130624.27166730542,138923.54809978761,144800.70799571846,152368.84516006184,162385.45633536347,174233.42848353685,185422.62611612037,193920.24199447184,200225.7617638515,205216.78888776354,209513.28494675318,212947.43347476627,212169.77304685157
IIASA 2023,SSP5,Argentina,GDP|PPP per capita,USD_2021/yr,26071.692687164694,29005.000755860765,32390.746657608965,36171.28114086783,40356.90765629624,44861.964395991294,49320.165355905185,54336.01671201732,59462.85333747063,64548.920814501376,69083.96652146135,73250.86353201585,77811.54187001711,84266.00298304671,92028.00714557663,99400.43230277601
IIASA 2023,SSP5,Armenia,GDP|PPP per capita,USD_2021/yr,21239.585203272305,23056.829052570287,25348.566390991284,28446.949962250823,31929.879363012038,35786.108046886104,40306.03199587616,45915.82760980207,52170.075910684725,58247.05130453709,64188.87128280038,70181.63135121099,76437.98500899499,82852.78894089637,89221.38196571135,93217.25849678126
IIASA 2023,SSP5,Antigua and Barbuda,GDP|PPP per capita,USD_2021/yr,25183.547437776062,28793.197210023187,33008.56464050301,38396.492587069355,44245.80811119878,50343.844562948034,56125.3088859402,62479.06812348443,68664.95707367598,74523.92486869244,79893.06695714132,84862.46507048623,91324.63850859593,99411.2844600983,108827.80238908857,117443.24283576716
IIASA 2023,SSP5,Australia,GDP|PPP per capita,USD_2021/yr,59598.62438502337,62909.46889652476,66269.99125092295,69415.83100073201,73457.77100964655,78025.18064628141,83039.14846719467,89079.57738743008,95836.69924414543,102751.98669157409,109665.14507427857,116900.86031231958,124557.67138916001,132723.7474976139,141099.47421829408,145916.5195036827
IIASA 2023,SSP5,Austria,GDP|PPP per capita,USD_2021/yr,63883.81387971677,67231.06293169208,70795.81452877467,74982.81581448128,78988.54061402583,83182.94218857767,87476.21693084545,94351.1258223617,102300.11108721611,110786.08703810658,119321.32707554582,127916.26399037628,136794.7483909938,146154.18397333796,155779.2136343292,161963.63769329264
IIASA 2023,SSP5,Azerbaijan,GDP|PPP per capita,USD_2021/yr,17498.22249607817,19034.491921317338,20375.32392332257,22491.80359796902,25414.739933136017,28702.617978494185,32250.73537154375,36381.26476106644,41097.69607348786,46065.968140574834,50963.668831183924,55907.94210548809,61121.65081898455,66462.26359100532,71641.28529721782,75042.28777832852
IIASA 2023,SSP5,Burundi,GDP|PPP per capita,USD_2021/yr,870.3172575503503,1289.3935752236614,1901.7434369942391,2793.635317788238,4074.740011158096,5881.301721246999,8248.361664381913,11124.452899901866,14383.126983507404,17907.659517063566,21550.742106366608,25185.762499741384,28842.724184792805,32535.937158841985,36313.53061466696,39312.34831828089
IIASA 2023,SSP5,Belgium,GDP|PPP per capita,USD_2021/yr,59829.886595429925,64542.213592549655,69112.01724149767,74073.86926881463,78311.05464876445,82632.14880665795,87554.85317124426,94529.88937413938,102424.5853471459,110432.38660815694,118564.89703865747,127133.70029575117,136196.2516288088,145693.1084931171,155134.81746067083,160666.07011218753
IIASA 2023,SSP5,Benin,GDP|PPP per capita,USD_2021/yr,4264.39049116486,5362.111811208241,6862.666517805864,8893.44255904962,11627.586638326247,15192.176233386943,19423.96992827302,24267.561595644824,29496.308310260618,35047.3224773077,40589.53636964786,46045.05832577064,51253.658849643536,56397.53746144149,61533.276343426354,65339.41076367704
IIASA 2023,SSP5,Burkina Faso,GDP|PPP per capita,USD_2021/yr,2712.069220754071,3355.05646556253,4214.322199199257,5430.802317742871,6990.877342450513,9100.067617175026,11738.541815670687,14937.909456061387,18500.508761499244,22377.69732677654,26469.39090003176,30692.403545758418,34957.2385566876,39260.87403888177,43616.00679477372,46986.34775835216
IIASA 2023,SSP5,Bangladesh,GDP|PPP per capita,USD_2021/yr,8755.503851255071,10382.702745522249,12613.550725957362,15754.16222084541,19666.37701781039,24479.223303390285,30147.69562545308,37129.79390232976,45148.620620109934,54066.44693699168,63423.250480402676,72737.91966109963,81494.51764220797,89891.73057437148,98226.89890989647,104974.67883780599
IIASA 2023,SSP5,Bulgaria,GDP|PPP per capita,USD_2021/yr,31188.610871261615,33678.023890913966,36665.9165675797,40094.78794106714,43338.1012695169,47025.48161242679,51228.50509956294,56822.2216791838,62806.3850514546,68364.6122429076,73549.81054509935,78641.63738550004,83790.29451306452,89035.62193183186,94395.22554169306,99970.7758892445
IIASA 2023,SSP5,Bahrain,GDP|PPP per capita,USD_2021/yr,55214.526746108,56583.49353552403,59066.66922885303,62866.269451309374,64852.99044421647,67606.18571906825,70565.81143923101,76630.29565674177,84119.46769479172,92165.89888822057,100096.35466418881,107843.6569553039,115450.1255250643,123055.09220472323,130321.78798583082,135176.503523815
IIASA 2023,SSP5,Bahamas,GDP|PPP per capita,USD_2021/yr,39069.72670076334,42706.76504840501,46361.880989354446,49647.72617793801,53074.29521348209,56769.71243910308,60295.47823704891,63952.814634667484,67588.75161362036,71428.23370645942,76537.23391453088,82749.69904096046,89810.08656047622,97629.31332759374,106137.3035352428,113514.60009572352
IIASA 2023,SSP5,Bosnia and Herzegovina,GDP|PPP per capita,USD_2021/yr,20951.29431634339,23932.563457839537,27534.49381240288,31647.437976678986,35755.71039406169,40117.601603622825,45007.90918433964,50802.67271723,57070.68956024752,63510.7580191029,69648.20513736825,75454.70514518637,81161.55611478645,87022.45693227781,92964.74007548712,99017.61147654783
IIASA 2023,SSP5,Belarus,GDP|PPP per capita,USD_2021/yr,21246.16709113234,23786.237934278222,26243.860802693678,28336.015905906475,30768.171346822735,33325.011568151924,36112.23341187154,39341.25165124884,42506.304926537494,45464.48708223961,48370.50097141713,51319.13086744766,54329.56766028341,57440.71200706706,61634.261221855486,65327.069567842984
IIASA 2023,SSP5,Belize,GDP|PPP per capita,USD_2021/yr,10882.32632002133,15040.563854875314,20525.537200993786,26810.531531612913,33381.83652883141,40001.58649620159,46401.4032509839,53115.177162540786,59766.0718128902,66343.21716968839,72562.42058219913,78235.25134478623,83343.6531730169,88311.70951947209,94055.58711908081,100575.70018444335
IIASA 2023,SSP5,Bolivia,GDP|PPP per capita,USD_2021/yr,9392.702356838568,11512.294868339048,14103.848869989599,17141.47162902461,20447.180793772462,24011.455982547002,27590.10728570637,31466.59411795376,35439.32092520998,39476.799701396645,43451.94990341683,47324.5625700435,51117.01344567018,54890.11604456983,58566.26700386467,61146.710309736256
IIASA 2023,SSP5,Brazil,GDP|PPP per capita,USD_2021/yr,17283.128730948527,19137.353735724642,21457.14170511345,24504.49451331649,27993.58033289983,32157.443458159763,36555.027905154624,41883.9224679879,47350.410818101256,53021.57280825745,58489.979961060664,63580.79562961974,68277.65696394417,72958.80443088665,77753.05105177384,83036.1337281006
IIASA 2023,SSP5,Barbados,GDP|PPP per capita,USD_2021/yr,18707.6822274166,21368.782045097618,24737.09910364479,29196.082311504248,34438.74806506169,40195.989680796294,46013.795998807735,52466.63460858713,58983.36277722898,65343.258889097575,71446.72108420593,77244.91117057635,82721.55258919997,88117.80061632948,93477.68262783639,99585.92915145433
IIASA 2023,SSP5,Brunei Darussalam,GDP|PPP per capita,USD_2021/yr,69661.95726891294,72294.18674436395,75324.15723389131,78685.40669672702,82132.81887508971,86230.80833617732,91122.70363837804,97618.50091370351,104733.30394404764,111922.60594059045,118843.95643725527,125152.32328651885,131143.8112880122,137015.8945140175,142600.92771850218,145172.34502220264
IIASA 2023,SSP5,Bhutan,GDP|PPP per capita,USD_2021/yr,13438.00774718433,15896.460415201444,19076.113964623317,22928.290912748915,27192.121733043627,31734.251274782917,36678.605966181356,42023.85032416427,47916.56987615189,53906.74117687964,59482.25478319378,64199.188876144595,68473.66450922312,72518.09834928483,77447.99460222182,83147.43432436783
IIASA 2023,SSP5,Botswana,GDP|PPP per capita,USD_2021/yr,18629.876252777896,22006.8677791182,25872.553709208172,29913.870282233947,34031.31428135992,38868.260923199414,43777.449760449534,48796.039105883974,53727.34716392711,58508.190812901055,62910.38660616213,67014.33871264961,70785.25565265957,76005.63148251084,82576.28990874364,88767.36372796322
IIASA 2023,SSP5,Central African Republic,GDP|PPP per capita,USD_2021/yr,942.0381681794802,1405.5634870247839,2121.016576107494,3190.269105708533,4645.353694592606,6607.252739049728,9098.442950641329,12037.460847923914,15258.650207666155,18725.56030207966,22470.099462903516,26352.152875823333,30289.159844465845,34265.35326511887,38364.78521862455,41652.12256094109
IIASA 2023,SSP5,Canada,GDP|PPP per capita,USD_2021/yr,56931.124978089916,59960.47976209774,62297.037691485566,64485.16567549412,67030.077210057,70171.955119005,73818.41561822359,78344.34973809485,83688.04139698256,89240.59259381525,95107.13356357941,101656.61089970492,108905.80673248622,116822.71051411344,125214.6202245587,130988.79868050865
IIASA 2023,SSP5,Switzerland,GDP|PPP per capita,USD_2021/yr,80089.43011184389,84941.16089375503,90065.14145206516,95209.83374127117,100818.90801139214,106640.74514688294,112789.20304897435,120068.01220899505,127867.26478853,135332.75588992625,142040.56929921408,148571.49082374075,154997.2829683096,161597.30259059867,167970.13108572917,169448.15168126617
IIASA 2023,SSP5,Chile,GDP|PPP per capita,USD_2021/yr,28556.66107108576,32459.67049708698,36627.361417933935,40764.52063036982,45335.25766922357,49714.23309327069,53653.04951842149,57560.259234578065,61554.011140519004,65362.52516960908,68715.71414341235,73044.34029778877,78533.92496980946,85227.52748070135,92778.22967495052,99813.19443532063
IIASA 2023,SSP5,China,GDP|PPP per capita,USD_2021/yr,17281.797266673548,20020.632461575013,23355.470909770116,27733.906649092998,33494.55015529572,39037.31326862902,43966.53000845286,50523.10433983067,57474.62481576774,63441.255635545764,68277.57351213801,72402.14468524576,76667.86677806673,83969.82840613378,93125.59700876188,101822.19243331504
IIASA 2023,SSP5,C?te d'Ivoire,GDP|PPP per capita,USD_2021/yr,7125.563128090374,8545.563172588305,10531.878912339009,13318.738108072495,16895.550294122153,21515.352035508557,26847.776802560562,32719.4255762212,38765.57367707906,44912.58407617442,50945.362780448406,56766.080298026216,62414.56850232885,67962.02761371306,73614.81385162091,78031.42645147191
IIASA 2023,SSP5,Cameroon,GDP|PPP per capita,USD_2021/yr,4470.127465990853,6000.184442124453,8086.057797479092,10800.475668906225,14045.711292891157,17943.75240492248,22203.353659165954,26838.056902927787,31509.094461952347,36037.84445586732,40403.81888441058,44521.11392183487,48430.31655234375,52278.61465259666,56171.36089166718,58942.18728403245
IIASA 2023,SSP5,Democratic Republic of the Congo,GDP|PPP per capita,USD_2021/yr,1423.8708809587597,2063.9283753032805,3006.0092156298656,4358.923904573187,6224.594769431121,8762.109083949315,12044.654305123906,16121.781391646264,20824.648755926475,26004.530123652225,31502.47671196277,37184.54641054967,42953.72318129263,48849.09724631434,54941.23826516202,59875.360897154904
IIASA 2023,SSP5,Congo,GDP|PPP per capita,USD_2021/yr,4019.238294715205,4918.521327769859,6127.520546908534,7874.6146134076835,10091.938401337085,12822.413157321864,15957.185269327298,19583.8953664857,23440.960675652346,27328.98175938704,31132.024864249342,34863.03378626629,38577.13688469127,42304.20734278209,46132.82766712754,49203.852520866654
IIASA 2023,SSP5,Colombia,GDP|PPP per capita,USD_2021/yr,18413.28346006523,21971.279011553288,26122.33684234029,30486.756798841594,34956.40881170329,39349.77447836387,43634.25269641737,48115.72464058639,52553.58551961958,57171.19448301881,61645.02170381448,65791.69239347434,69505.46456708027,74173.63300277476,80226.75120198393,86170.47928608274
IIASA 2023,SSP5,Comoros,GDP|PPP per capita,USD_2021/yr,3844.057822643317,5352.302634473116,7380.729162587911,9920.74648804376,12932.157688366773,16401.54961506465,20086.83949413101,23966.930019778993,27784.472850372033,31487.325419704124,34973.484876063005,38358.48946311408,41677.367483738395,45012.8537703175,48437.00298012249,50871.842158923464
IIASA 2023,SSP5,Cabo Verde,GDP|PPP per capita,USD_2021/yr,9315.480007470176,11242.924613706296,13744.039212469104,17008.381708487814,20806.8889990658,25291.56943759016,30269.169597976103,35838.167684489716,41890.84440505886,48230.480689902346,54437.7454594412,60122.008535054185,65321.89221956501,70284.71089798225,75227.47260842158,78887.69546577423
IIASA 2023,SSP5,Costa Rica,GDP|PPP per capita,USD_2021/yr,25456.017104778388,28601.242484524613,32454.006986215187,37064.73859764231,42168.90266160762,47567.49667412107,53063.854799714965,59454.61823819591,65736.1672088699,71918.69598371438,77379.53250324194,82346.70342584184,87291.67404167503,94368.14859041949,102905.27890352887,111161.6168524333
IIASA 2023,SSP5,Cyprus,GDP|PPP per capita,USD_2021/yr,36358.94291877976,42559.51088091196,48773.64164869756,53784.79409773854,58270.85737687822,62305.03542801374,66480.66778102328,71266.51700097478,75823.67155996778,79636.02099515466,83987.12266226592,89986.24784346289,97377.51974151909,106211.87904083297,116019.22819039015,124245.7035425212
IIASA 2023,SSP5,Czechia,GDP|PPP per capita,USD_2021/yr,46841.080242107986,49080.48387608158,51711.54829064601,55102.2153463995,58223.301286248716,61702.27439042948,65199.273674154865,69765.05594152951,74303.04617171291,78276.7785381218,82705.36679391659,88035.90312637482,94292.33240522236,101622.27461778474,109925.67627647877,116460.63040574505
IIASA 2023,SSP5,Germany,GDP|PPP per capita,USD_2021/yr,61170.027528108716,63704.03276082223,66566.98393706048,70206.01758424123,72817.16291549172,75800.8298464983,79249.5199593549,85462.19505044265,92411.75646655473,100175.04778562287,108118.17447495111,116128.28068083042,124431.06967403486,133343.75499157942,142798.9875814422,149313.72663011102
IIASA 2023,SSP5,Djibouti,GDP|PPP per capita,USD_2021/yr,6238.726876612435,7719.179431370848,9588.744201529413,11915.757991411592,14608.074214640088,17803.170381635893,21321.773880526125,25307.956912357095,29482.878772030228,33805.73415895759,38110.313730484406,42267.93502419833,46221.00843603212,50071.90915036456,53871.2593082685,56529.96981306257
IIASA 2023,SSP5,Denmark,GDP|PPP per capita,USD_2021/yr,67166.31716698939,69533.02951536332,72344.12289239577,75693.54819175634,79161.2368139732,83264.05759679805,88312.49485460074,94254.7163581443,101158.42042726217,108433.34010551927,115882.5200297269,123594.30585704478,131430.82193334604,139587.6495755876,148169.15008708977,152867.28786678638
IIASA 2023,SSP5,Dominican Republic,GDP|PPP per capita,USD_2021/yr,24211.171961490272,27549.816439338356,31399.30959009739,35779.78552496572,40661.714170090534,45750.062025858155,50721.46669175579,55931.07925494047,61512.70374825781,66815.50046314132,71611.51586038405,75854.24347016234,79809.8396451185,84751.83927565599,91205.21613557033,97457.12921418452
IIASA 2023,SSP5,Algeria,GDP|PPP per capita,USD_2021/yr,12642.678819527064,15513.163308936735,19093.375116494226,23285.880265199736,27628.568920520152,31832.000382861308,36096.669893041384,41029.585428965205,45907.38453590446,50133.97740663869,53621.8285659424,56699.45364519518,60751.57664276428,66480.61353598187,73661.39022976568,80736.77807924469
IIASA 2023,SSP5,Ecuador,GDP|PPP per capita,USD_2021/yr,12862.894439695317,15629.054156287364,18823.703626153354,22378.871075419163,25947.44719310041,29576.151829324815,33232.11460149385,37284.409817871034,41414.77028621923,45510.932655580196,49382.975585165404,52964.54760494904,56358.9943434039,59593.39455416154,63470.5887977664,67788.60789412314
IIASA 2023,SSP5,Egypt,GDP|PPP per capita,USD_2021/yr,15615.965930765464,17852.58738305968,20707.37546223624,24339.599533531175,28714.17694643624,33867.22961086106,39554.2418725343,45715.50006308593,51848.242134840315,57975.21243929169,63935.327179729655,69549.89350289632,75285.03010719684,81144.34848911325,87001.74421060577,92181.3668971444
IIASA 2023,SSP5,Eritrea,GDP|PPP per capita,USD_2021/yr,2084.7090497689674,2775.176047774686,3723.911010172996,5024.446059290863,6666.500920475479,8734.155039068124,11121.19948690523,13870.511410840696,16810.32943163494,20006.528181167218,23416.84101714286,26993.642171540323,30663.12668882008,34413.77199006263,38334.64031546562,41603.245727217094
IIASA 2023,SSP5,Spain,GDP|PPP per capita,USD_2021/yr,45870.12336681669,49780.457729340465,53887.55993429631,58618.90121686118,62513.41937744848,66053.71378602185,69429.13688426306,75532.9808337265,82451.58259271043,89029.4728154032,95511.13293076753,102692.95858888068,110675.80939559225,119270.00725528506,127832.00293041553,133351.57327014898
IIASA 2023,SSP5,Estonia,GDP|PPP per capita,USD_2021/yr,44293.859578695134,46853.75817010148,48628.29817128144,51678.264629786914,54714.964260872526,58481.13633878727,62719.26935155249,68699.81157515144,74339.14935938254,79332.51737986162,84016.74610496963,88883.37747441015,93831.26009301125,100362.31361890196,108832.09387772137,116434.62932625136
IIASA 2023,SSP5,Ethiopia,GDP|PPP per capita,USD_2021/yr,3115.7716557698154,3829.3693924701624,4785.856909770584,6120.481090914718,7862.817213369946,10129.601658370977,12820.430086127246,16021.604471871377,19628.728578994705,23636.361897423503,27891.716259150144,32226.45404208233,36492.29615394701,40747.356582152264,45041.27774074144,48452.83117265417
IIASA 2023,SSP5,Finland,GDP|PPP per capita,USD_2021/yr,56098.10864267897,62610.05671608192,68213.09682238089,71236.83468152604,74923.94144819397,78602.31657940133,83017.33812587039,87740.99856460407,93232.04604134566,98671.29590137907,104138.36941127261,110511.63133403496,117970.00506241221,125844.9448654617,133494.9361984039,137315.85727033022
IIASA 2023,SSP5,Fiji,GDP|PPP per capita,USD_2021/yr,15655.06542655018,18639.049126104983,22155.68521448431,25926.821763000993,29723.79652193387,33561.908438375096,37391.790234605214,41698.35963714746,45956.04351348652,50158.56117209644,54000.29125656957,57701.9924761754,61253.7089697087,64995.70284619404,70346.29250908669,75877.08677016188
IIASA 2023,SSP5,France,GDP|PPP per capita,USD_2021/yr,55116.91533523122,60346.49542905506,65205.304938833346,69721.09138815737,75033.59800540507,80767.664374708,86904.46791000069,93856.54244061673,101017.99345425983,108152.50009748757,115510.92006268511,123130.6165062865,130981.31627445103,138901.8507198115,146629.49776795742,150107.85703721174
IIASA 2023,SSP5,Micronesia,GDP|PPP per capita,USD_2021/yr,601.5418092326129,661.7222152191138,729.2008003574165,819.4694642952159,907.2482395428469,996.642627749878,1076.3596237274037,1173.022950107762,1275.8682566725051,1386.0456486799098,1496.6748131886986,1603.8149731249243,1705.89132616894,1809.772155838248,1916.9096162488963,2015.9382500286413
IIASA 2023,SSP5,Gabon,GDP|PPP per capita,USD_2021/yr,15976.19565353538,17963.768966697204,20520.963734642173,23862.471475707345,27593.46805099861,31862.05696474988,36386.49295411085,41368.62042890653,46363.14371486097,51064.9866636794,55188.77857498686,58764.16501862643,62138.1986774574,65563.58180408184,69665.24023563832,73675.3701684747
IIASA 2023,SSP5,United Kingdom,GDP|PPP per capita,USD_2021/yr,52255.407550295124,54646.92826952436,56682.19835377848,59309.304620067,62657.78094167443,65517.24089575353,68177.26582113783,72082.32916260188,77078.39218116777,82510.17692521057,88424.39083024459,95022.134864952,102221.93487646487,109999.28121361969,118161.02066413555,123488.5572587882
IIASA 2023,SSP5,Georgia,GDP|PPP per capita,USD_2021/yr,23082.483938116704,24553.86479518658,25695.907030848663,27205.587876314738,29749.451415613,33529.915049131974,38138.84697252264,43433.3062373592,48981.60188828106,54723.743927957395,60685.85532791445,67027.0667004456,73834.38624088626,81030.23065513706,88207.41877624944,93588.7798079831
IIASA 2023,SSP5,Ghana,GDP|PPP per capita,USD_2021/yr,6384.506019858179,7440.2222710970445,8503.007922588731,10291.973478763352,12750.747552990031,15990.510118264601,20030.58821504571,25055.787275063853,30917.76900202293,37335.52072625221,44185.84522675923,51339.99626199589,58766.060036963005,66468.0966223025,74326.84983246129,80867.03436216677
IIASA 2023,SSP5,Guinea,GDP|PPP per capita,USD_2021/yr,3399.9699861085487,5029.260341181335,7396.467038021812,10513.517340799319,14350.035707406696,19050.90732674862,24030.139780411468,29154.20359709137,34100.58632616054,38998.43216563741,43608.36390228134,47885.02216707261,52004.726562386946,56070.077618708085,60248.455143442734,63127.96994552779
IIASA 2023,SSP5,Gambia,GDP|PPP per capita,USD_2021/yr,2674.398526001289,3545.9615222356338,4714.62753918914,6295.356966446882,8408.713558571972,11129.726389677196,14327.832683417384,18021.145238788886,22062.851016316035,26372.940321775997,30823.17708773988,35401.76758623794,40072.1050842329,44903.19065493032,49791.87399357084,53694.63265558948
IIASA 2023,SSP5,Guinea-Bissau,GDP|PPP per capita,USD_2021/yr,2699.8211163009255,3257.7194440594326,3945.499301951085,4831.714614026679,5958.270611411075,7448.569718216963,9395.628900479302,11941.249908834518,15129.58899602338,19024.277147676592,23592.792947009028,28795.30666380054,34570.82665467047,40851.890011044314,47534.91523025902,53571.44194201222
IIASA 2023,SSP5,Equatorial Guinea,GDP|PPP per capita,USD_2021/yr,11929.288965513404,12687.231053120404,13231.16774944503,14950.278186819418,17108.674029954076,19998.3834396887,23417.70291246888,27717.011938786673,32241.070758854163,36699.76853888234,40701.30210488845,44435.66203010258,47928.006028686934,51257.971010174304,54506.98490036163,56793.33857498071
IIASA 2023,SSP5,Greece,GDP|PPP per capita,USD_2021/yr,37256.15215845221,42581.99631932546,47723.888776278276,52503.205029182514,56924.08729072126,61168.89842278018,65253.05372619322,69601.07189579033,73548.58400090932,78497.47489044974,84282.49350082416,91046.41724290665,98675.53623151685,107140.13116160443,116161.3381791241,123284.88605639614
IIASA 2023,SSP5,Grenada,GDP|PPP per capita,USD_2021/yr,17999.680074941465,20559.81743920895,23642.433113491596,27606.113718192435,31742.305022627555,36068.94858356545,40477.81997732862,45998.897445456685,51709.48539943409,57187.08305738224,62263.23569036585,67174.70407054038,72074.22657133557,77000.43783010665,83348.85586866505,89838.97569596815
IIASA 2023,SSP5,Guatemala,GDP|PPP per capita,USD_2021/yr,10613.857872279508,12130.979881486644,14213.145927630505,16984.776237861606,20233.476926777188,24214.533235336465,28837.671829466224,34172.793022154394,39819.93827287084,45824.63470429995,52042.02837948932,58094.593893154415,63836.11325759298,69368.81240202216,74765.55229800292,78891.94399308511
IIASA 2023,SSP5,Hong Kong,GDP|PPP per capita,USD_2021/yr,68484.63025048155,73675.42175923099,79797.0584209271,84381.94372518237,90842.37363183743,97982.29170276163,106018.47201303173,115954.26726484817,126964.97174107803,137241.6620536805,146726.26878380965,156064.96652064592,165461.26149268213,175464.67178680975,185619.6214122616,192106.1213244687
IIASA 2023,SSP5,Honduras,GDP|PPP per capita,USD_2021/yr,6834.083655273512,8395.569549828484,10430.551483389321,13011.670612863973,16166.971189189884,19935.359288584827,24206.521102189006,29053.28217725758,34416.72080476951,40164.8156204527,45974.293401994044,51461.18398128922,56430.461018719696,61128.378104336305,65785.21958716302,69391.56480319226
IIASA 2023,SSP5,Croatia,GDP|PPP per capita,USD_2021/yr,39263.971076125665,42662.37672113208,46624.48061624243,51422.011430107756,55978.93881729855,60725.53423541412,65861.1694518009,72159.97280911423,78750.19336287085,85133.14922593201,91051.62115372383,96672.53068841096,102216.69569987453,109934.7872848087,119678.11605729129,128760.8560309669
IIASA 2023,SSP5,Haiti,GDP|PPP per capita,USD_2021/yr,3102.654918238022,3841.5813999742427,4763.435269401845,5983.876637390412,7430.3087106675885,9264.55032511013,11560.709131537009,14691.185092115462,18690.16123309012,23709.606004820696,29738.1527376142,36798.64835086854,44878.148403475505,53992.48748322946,63911.46928801683,73109.89605938621
IIASA 2023,SSP5,Hungary,GDP|PPP per capita,USD_2021/yr,42563.318466246994,46786.92714460112,51395.40279516823,56771.95825132505,60622.5379777259,64868.159293150915,68371.18017162116,74061.21384848341,79241.9865683489,83860.1480132147,88564.46111074295,94557.96031915679,101573.3397824615,109779.59633095734,119199.536810301,127211.75519811251
IIASA 2023,SSP5,Indonesia,GDP|PPP per capita,USD_2021/yr,13641.88053004152,15435.731962581507,17720.37983845687,20707.485723764617,24381.469817521855,28835.557785730653,33874.43736182423,39528.05785752998,45410.19476013154,51351.725698131624,56870.29051658211,61980.859604606165,66840.09064007436,71499.50774336579,76231.19399845481,81505.17583590359
IIASA 2023,SSP5,India,GDP|PPP per capita,USD_2021/yr,9219.816099681746,11310.919386458512,14040.57794920223,17557.50369404557,21724.703523033997,26369.37855269411,31300.661975449522,36936.441704411955,42920.8803729779,49131.35788286866,55211.05792847178,61033.284998214156,66658.92632361711,72289.16371587911,77838.74584621542,82017.93568070354
IIASA 2023,SSP5,Ireland,GDP|PPP per capita,USD_2021/yr,141090.19264814208,148663.24656485955,156916.03620315506,165591.7955075287,175108.58339573388,184080.4234299987,192964.64182715362,203160.0342589531,213094.55541822672,221641.1095102055,229583.66028491958,237750.591863667,246288.60000476654,254997.21812740344,263005.8210964118,263221.26097832626
IIASA 2023,SSP5,Iran,GDP|PPP per capita,USD_2021/yr,17485.92110809779,20144.28149877021,23419.81550966062,27179.17181712001,31592.803221985698,36260.32518503564,41373.49499859539,47916.30763639507,55002.06376552506,61668.95033221872,67406.20261954865,72612.0538020745,77747.86662101728,83282.6392917007,89857.19004717976,96663.3672543336
IIASA 2023,SSP5,Iraq,GDP|PPP per capita,USD_2021/yr,11452.03781110612,13748.098703319472,16549.03630007949,19905.74421329599,23703.38706637717,27871.40364161125,32100.328373557328,36319.77285821325,40355.35441017965,44207.167656755424,47754.217876349045,50844.76948880287,53859.626035131754,56865.7826473856,60108.20437214077,63615.37643674525
IIASA 2023,SSP5,Iceland,GDP|PPP per capita,USD_2021/yr,66319.56950140398,70837.85076827525,75115.0062801632,79007.3637677975,82913.5944575373,87312.28642435303,92722.97242030116,99172.31640921297,106410.02197698687,113711.80960409048,120947.34016936201,128352.8512952178,136074.27956361527,144125.38939111977,152145.50462811431,155605.23686844448
IIASA 2023,SSP5,Israel,GDP|PPP per capita,USD_2021/yr,54430.98196155416,59690.1844949414,64599.32304657412,68623.50078611796,71842.5198180368,75482.17119409054,79006.74429930172,83296.0284280849,88511.79399843123,94316.25977095184,100424.56122474883,106696.48741800922,113204.78011922713,120118.85985605502,127255.43688216191,130231.91060356505
IIASA 2023,SSP5,Italy,GDP|PPP per capita,USD_2021/yr,49442.87872221155,53926.574142756224,58204.23578071286,62687.13358363849,67061.6390302408,71186.89302929488,75942.18075790597,82391.09744062586,89584.6734876777,96689.4506779806,103719.0463360549,110942.18605081206,118236.54491362107,125671.2570542885,133025.70650996407,137017.27785325804
IIASA 2023,SSP5,Jamaica,GDP|PPP per capita,USD_2021/yr,11854.823627491089,14769.602925883466,18180.457848383492,22115.646700925983,26048.141638296012,30141.217533606196,34285.71045849926,39302.35317934307,44594.20996497902,50017.21022606814,55134.566281304986,60074.675960065644,64774.04731256238,69533.60118044047,74358.79387287254,80380.7329320802
IIASA 2023,SSP5,Jordan,GDP|PPP per capita,USD_2021/yr,10637.403703227932,11949.606832038155,13652.486872585037,16091.687630547787,19140.994591160674,22640.233102805585,26393.911688214754,30550.12658366271,35053.39961673816,39710.663594837264,44261.54581829875,48874.8521423376,53545.61287990398,58161.63662835848,62685.78188166236,66213.62361552895
IIASA 2023,SSP5,Japan,GDP|PPP per capita,USD_2021/yr,48110.16290724386,50638.324206049125,49474.43914518136,57425.80084459206,61151.97325445769,65453.78908340479,65639.57880417458,71501.78395166229,77526.01806484425,83836.25949372223,90271.54467536462,96765.86848884853,103180.16109071851,109525.79879002602,115819.26715664583,120124.26193090348
IIASA 2023,SSP5,Kazakhstan,GDP|PPP per capita,USD_2021/yr,32737.248819848173,33840.95228596284,35278.418165088355,37443.768645910175,39893.073967038465,42740.280588892805,45745.00986456648,49391.042147680106,53396.45607432243,57312.65714919779,61049.75574251639,64802.877953891664,68716.06716070716,72797.2448170604,77091.91947745896,80662.74600565941
IIASA 2023,SSP5,Kenya,GDP|PPP per capita,USD_2021/yr,6075.923467357669,7605.234569545464,9599.034724867584,12243.583866829948,15370.818196603797,18974.414915757097,23058.378666440967,27756.547458774505,32783.91331261995,37901.00666910365,43119.96896230046,48423.906405642025,53704.78964084606,58982.43055965415,64293.497583045006,68407.54097129407
IIASA 2023,SSP5,Kyrgyzstan,GDP|PPP per capita,USD_2021/yr,6247.210026263101,7062.423711269343,7934.828372935545,8912.089389215114,10236.783168133843,11727.787886794356,13412.309865741789,15329.47799214639,17643.97799484277,20213.025224093908,22951.898652235854,25836.97622623775,29010.040802892574,32535.8818494059,36379.755680608854,39764.26253582772
IIASA 2023,SSP5,Cambodia,GDP|PPP per capita,USD_2021/yr,5845.679189224217,7165.784876648763,8993.50628290366,11585.011513179033,14744.783506079326,18237.887821023145,22271.349837350706,27343.85754998158,33126.99789817833,39109.395941019306,44993.77593375311,50681.25323184799,56152.32713773256,61638.07663335517,67125.01890683158,71550.96495354992
IIASA 2023,SSP5,Kiribati,GDP|PPP per capita,USD_2021/yr,2098.5744556254876,2244.441222503747,2448.0364089230957,2726.928537592522,3064.899009569772,3486.734828558293,4001.2535626859526,4659.650574504818,5442.689648185399,6333.067461278705,7258.4937972731,8226.131170415167,9277.595892429006,10417.38311550853,11589.844386315115,12461.557452416493
IIASA 2023,SSP5,South Korea,GDP|PPP per capita,USD_2021/yr,53666.725086214225,58356.0574420348,63236.496703341276,72477.79431421075,77922.35287546556,84302.93908616687,86002.6611540038,93654.0963185793,101982.8904694048,109197.14749180646,115722.64530332306,123253.15219556906,131683.9849135218,140442.44378258244,149544.69806715738,156106.09341577685
IIASA 2023,SSP5,Kuwait,GDP|PPP per capita,USD_2021/yr,51448.806832261194,53398.114094679164,55420.32986948835,57451.63153038829,59239.60339176851,62280.14768511854,67275.45033519717,75330.5943028483,83031.21313022751,90498.51983615484,97553.2133009245,103830.76592945977,109540.79534361519,114758.18109642384,119327.51959650069,121396.26953538218
IIASA 2023,SSP5,Laos,GDP|PPP per capita,USD_2021/yr,9481.595556629862,11390.87825524091,14024.389247729501,17608.1604028251,21690.303066690798,26673.646175446625,32146.349426876885,38543.37488395063,45018.545045002764,51642.76575362665,57988.07668629783,63887.98292496982,69394.32575407244,74875.89017430058,80317.32902657783,84103.88827640664
IIASA 2023,SSP5,Lebanon,GDP|PPP per capita,USD_2021/yr,14059.10816720117,16174.908646391668,18590.140496082422,21644.727753672414,24901.18952214943,28043.22847802108,31085.15934249516,34223.190786905594,37012.80360788429,39669.99956056707,42258.388016010686,44683.29734758884,47341.569607027996,51130.31885936033,55856.298417546306,60336.53235524325
IIASA 2023,SSP5,Liberia,GDP|PPP per capita,USD_2021/yr,1736.195369876984,2206.4622388029206,2800.525856527532,3606.6264007694404,4608.954031111167,5933.065506080924,7658.9834520101585,9953.832027262582,12794.023958046992,16221.528433096639,20220.642224438787,24783.851029906396,29809.686018368324,35193.60410793079,40839.33623770074,45947.65127984334
IIASA 2023,SSP5,Libya,GDP|PPP per capita,USD_2021/yr,25297.094301438097,29410.65438290807,34424.38781453312,40346.16559161795,46975.76925773573,54771.16202549776,63092.631905872666,71535.35632475452,79031.92456273889,86022.84903376554,92635.9589711865,99068.16803003818,105371.94405518,114381.45942124807,125458.22627887141,136383.6610701961
IIASA 2023,SSP5,Saint Lucia,GDP|PPP per capita,USD_2021/yr,17797.93424391687,20528.528944939208,23691.04826158821,27583.077026338815,31828.32651762724,36249.113853951974,40409.157060987105,45106.559826678,50115.185138853034,55266.904194296316,60114.89163530982,64601.45126229907,68668.89245714733,73684.83744300845,80293.2901592331,86964.20984522984
IIASA 2023,SSP5,Sri Lanka,GDP|PPP per capita,USD_2021/yr,13724.92586751915,16069.952570860598,18940.41896587469,22173.53359397035,25680.1066622964,29328.790739397733,33219.11017061817,37201.46858588891,41116.1004221371,44915.380160256995,48681.55838889275,52450.01688588981,56204.77441108865,59940.62051245882,64007.76959751852,68892.27175777036
IIASA 2023,SSP5,Lesotho,GDP|PPP per capita,USD_2021/yr,2840.7552051891184,3929.924781101547,5432.467394938456,7417.76752731352,9878.659184239837,12788.702370373103,16076.408717067337,19805.30125408046,23902.654026943423,28178.06575109539,32419.950359850736,36470.488273744035,40389.83527574727,44340.710324615146,48363.121410027445,51483.361637443646
IIASA 2023,SSP5,Lithuania,GDP|PPP per capita,USD_2021/yr,48944.97240798258,50731.66494651013,51775.248001600026,52303.20086693172,55970.45622849304,60571.60851776518,65802.61119083146,71288.47926784816,78189.29389130342,84246.16766380439,89956.3009876935,95996.62919594553,102344.05676257728,108985.47169891954,115717.78248502176,123168.15448055192
IIASA 2023,SSP5,Luxembourg,GDP|PPP per capita,USD_2021/yr,131091.98814787625,137745.3807445303,145331.41257751244,154629.89847635577,164135.66845883903,174083.6013713421,184058.13485516154,197310.529592428,211100.77902664727,223404.9681542472,234153.4000789271,243971.57287123622,253203.70612997745,262252.8817158548,270641.08917063137,272122.41627029603
IIASA 2023,SSP5,Latvia,GDP|PPP per capita,USD_2021/yr,40384.13944451517,43093.84506966788,45754.37655653591,49467.8550215457,53288.342109528625,57570.78912707328,62661.206298941535,69489.89444584321,76383.46371282479,82361.0694462848,87750.13075128458,93167.44495645048,98615.50312355284,105577.21558779367,114655.79294263231,123111.24447280758
IIASA 2023,SSP5,Macao,GDP|PPP per capita,USD_2021/yr,104656.98101678173,110604.01422247691,119091.71295440104,126677.70703710112,135279.09816722365,144483.63770070157,153662.91414039396,165772.61496997043,178595.59437007437,190179.2553108149,200110.5700853759,209254.78989959467,218009.57065422233,227037.53572079184,235209.729936118,238281.5072296443
IIASA 2023,SSP5,Morocco,GDP|PPP per capita,USD_2021/yr,9763.897413091565,11766.494911503818,14380.534320957406,17952.88540125876,22076.797425267883,26886.14957075074,32166.72233986816,38486.188466674255,44999.25311324714,51433.13143462186,57382.23051986182,62873.23976449178,68088.6195310608,73361.26858635004,78552.08435624115,84821.99509206023
IIASA 2023,SSP5,Moldova,GDP|PPP per capita,USD_2021/yr,13906.890158009628,15008.464753748945,16502.498592476924,18438.647877422234,20533.421805525817,23161.24731622494,26325.651361027965,30737.318076369003,35744.76027536098,40943.670516690036,46051.495748358066,51171.5567297647,56528.54072205283,62330.44437466876,68283.99911564362,72727.67779716366
IIASA 2023,SSP5,Madagascar,GDP|PPP per capita,USD_2021/yr,1822.8365669978352,2528.506222477887,3557.3091170748244,5042.050064891078,7088.036627435755,9841.728910171772,13197.502122928077,17140.722510285716,21517.524571688144,26292.52378782064,31252.747955952847,36129.09140266445,40801.70474337168,45425.66493913362,50138.60584880238,54098.384353488545
IIASA 2023,SSP5,Maldives,GDP|PPP per capita,USD_2021/yr,26402.911241829654,30731.94371444293,35839.75892531526,41069.874917104054,45691.929524200845,50354.56170175168,55363.43733535348,61185.80705510175,66934.02492940621,72062.43935293758,76101.11470264442,80687.3575395407,85885.10858039361,91735.65307029223,98077.85392789535,103284.75309162767
IIASA 2023,SSP5,Mexico,GDP|PPP per capita,USD_2021/yr,22549.54052443792,25874.21688546493,29596.493615771364,33675.37382356658,37944.01292070752,42319.78567879787,46652.977949555694,51077.5066823954,55652.9922219281,60073.103286827114,64097.069912434505,67708.85600433784,72468.65608216372,78058.60645291892,84404.24662434348,90167.85646089903
IIASA 2023,SSP5,North Macedonia,GDP|PPP per capita,USD_2021/yr,20250.119117481023,21894.291688741847,23972.169736094234,26990.555033862092,30493.547927148593,34549.55484501727,39037.493257669106,44573.704421877235,50771.622488674715,57225.38693455784,63617.35513247609,69654.86104563237,75494.35991718268,81271.44009378331,87047.90842671819,92341.69234654742
IIASA 2023,SSP5,Mali,GDP|PPP per capita,USD_2021/yr,2588.943280209834,3565.789271384232,4970.991761919941,6923.5285480905795,9453.286593891426,12597.482278314039,16099.59215522069,19888.135478487355,23674.342564060873,27447.626726590184,31087.212134607125,34520.139384882976,37833.897234069475,41121.65086280385,44544.795557670135,46927.88773539475
IIASA 2023,SSP5,Malta,GDP|PPP per capita,USD_2021/yr,60073.101844648234,70814.15068160147,81638.36371900943,89395.86002890649,95653.70462778241,100655.10180882359,105688.35649046053,114126.90806822437,125107.50980797394,136341.47236182037,147665.22590190635,159308.03505688065,171450.01551522876,184635.90839860472,198695.1289323994,209351.82665811034
IIASA 2023,SSP5,Myanmar,GDP|PPP per capita,USD_2021/yr,4850.793138905043,6075.31235241623,7709.458116383363,9895.822788409832,12545.16586802642,15712.861319551841,19312.660481783034,23577.73961612308,28065.092533466475,32463.398251321636,36563.45512782491,40274.45797037404,43767.164101550035,47341.9203601785,51037.73831813988,53808.06368085271
IIASA 2023,SSP5,Montenegro,GDP|PPP per capita,USD_2021/yr,25600.09852872465,27389.123303707343,29633.478963429116,32568.7260547899,36028.75255476285,39743.69640212964,43956.03046826686,48639.192422041,53902.16673464544,59019.031400429616,63998.12850628703,68859.09302256905,73717.58596758347,78647.73489117408,84067.21203315622,89621.176224194
IIASA 2023,SSP5,Mongolia,GDP|PPP per capita,USD_2021/yr,15236.292517559474,17215.81235483891,19692.012356810326,22895.18455887549,26905.579657952436,31535.119704464756,36623.94620581917,42703.159896584475,48879.498351923845,54775.706339168515,60203.64450666913,65682.99265631818,71462.88034113887,77598.770221254,83782.63323244172,88957.21170543716
IIASA 2023,SSP5,Mozambique,GDP|PPP per capita,USD_2021/yr,1564.9423110276364,2109.169363372735,2871.1415141822995,3949.470011370464,5416.355341229919,7434.947439850682,10011.701811661407,13192.110218768608,16874.98864617873,21026.91981777763,25534.024180147364,30208.868321486752,35024.099254217916,39972.66356355655,45086.48075771705,49370.72472330147
IIASA 2023,SSP5,Mauritania,GDP|PPP per capita,USD_2021/yr,6741.526620973441,8496.242696522639,10862.896582408246,14043.134309799208,17917.137562553235,22683.373198829828,28037.58268302483,33792.84557411565,39510.93877459581,45107.82567133941,50527.53937908144,55727.71792199986,60732.591760106516,65595.62264057544,70405.17474267843,73808.46726110703
IIASA 2023,SSP5,Mauritius,GDP|PPP per capita,USD_2021/yr,27733.89236365765,29691.676199747344,32486.677249285098,36199.76681226244,40390.69827930608,45278.008813507324,50739.88185004859,56531.810433175015,62705.63237232891,68864.94418340032,74948.51549490826,80506.47645632063,86468.61467530762,93480.32217269317,101454.32965635472,108751.31135214676
IIASA 2023,SSP5,Malawi,GDP|PPP per capita,USD_2021/yr,1718.0271358996617,2312.2546365673206,3123.6774332237997,4257.574587549085,5757.05392933467,7759.482988904636,10355.168516989062,13732.51482144047,17863.940868872014,22731.450241254675,28264.69168600786,34361.64377205346,40914.59681999798,47724.05268754532,54773.225126431564,60845.32687071518
IIASA 2023,SSP5,Malaysia,GDP|PPP per capita,USD_2021/yr,34632.672437405214,39333.47596312667,44542.96392211775,49842.302402698726,54790.20912455022,59355.92088193349,63583.43904237455,68887.00090988787,73997.79906741086,78950.5659004412,84523.07722292667,91554.64412365171,99723.66289581181,109214.37313879032,119709.4169238714,128838.0644558347
IIASA 2023,SSP5,Namibia,GDP|PPP per capita,USD_2021/yr,10792.10512310132,12107.414642653797,13841.549434646828,16186.640564552554,19167.11890649922,22729.226701197542,26784.18105557055,31402.690338991924,36560.932067698464,41949.313291124825,47253.83410174046,52316.38886492517,57250.09637463598,62219.081653759895,67362.28063064806,71162.26445324838
IIASA 2023,SSP5,Niger,GDP|PPP per capita,USD_2021/yr,1672.1299452752992,2310.6583615580835,3241.2187061727677,4583.836587039261,6452.284939059196,9029.130157111369,12248.097425187732,15993.40274522996,20093.461644867624,24478.178587741873,28988.143538387696,33500.476924711365,37935.85812307954,42379.28024314219,46935.29249851998,50355.43653415513
IIASA 2023,SSP5,Nigeria,GDP|PPP per capita,USD_2021/yr,5711.792660409729,6990.45419235211,8616.892216031156,10704.091205531833,13302.827333394564,16440.75388269718,20066.08370940239,24131.708226216935,28406.347710222864,32764.97836673551,37238.41455037938,41864.29904859416,46580.44023897478,51325.358947927125,56119.55046139916,59453.85600583542
IIASA 2023,SSP5,Nicaragua,GDP|PPP per capita,USD_2021/yr,6950.1828745975945,9076.705180906936,11805.152307029528,15130.237479490688,18882.820029577968,23140.85534884672,27644.45603876227,32757.731667511285,38135.41065360871,43762.28367816698,49195.87760202502,54286.197448204875,59043.15956074676,63840.82348389071,68740.08761150751,72575.00321875821
IIASA 2023,SSP5,Netherlands,GDP|PPP per capita,USD_2021/yr,67713.73310592995,71802.69493364912,76018.4369678667,80336.44262833166,86844.33533723128,93329.8775334551,100590.67048006257,107466.0915592921,115553.34406411576,123698.85077999378,131886.86366466634,140328.28960558592,148874.57940200114,157573.76825468507,166113.65215982837,170106.6975260197
IIASA 2023,SSP5,Norway,GDP|PPP per capita,USD_2021/yr,76510.45760785411,81004.5015603433,85784.77960608382,90893.35437443075,96067.2764346491,101191.48093664035,106514.40235822099,114070.02941523561,122018.51904925257,129141.59838335721,135718.79103495603,142548.86064628075,149685.6116075409,156973.31085632878,163820.64341268796,165601.29951411384
IIASA 2023,SSP5,Nepal,GDP|PPP per capita,USD_2021/yr,5172.840751919438,6096.454455502024,7317.004427663117,8910.469633641236,10968.19053889693,13561.997234908222,16724.060678868616,20506.461633217383,25037.153470063447,30467.50866160395,36697.58220671218,43435.83274373449,50468.06446420812,57683.43340599188,65186.67136967853,71652.21518912347
IIASA 2023,SSP5,New Zealand,GDP|PPP per capita,USD_2021/yr,49787.229713742025,53206.89496520388,56688.701746561674,60328.39226828628,64040.70273870947,67167.51327744685,70015.09258523784,73557.39489367102,77655.29409238868,82908.17878544099,89102.19231384718,96164.06588356431,104074.13399268841,112739.1524495391,121942.63088470763,128737.81004916833
IIASA 2023,SSP5,Oman,GDP|PPP per capita,USD_2021/yr,39014.4488177431,42036.76668677785,45481.743156148375,48673.930162720186,51498.20959723217,54622.06682874121,58081.35032847131,63036.99987669663,69216.1745995948,74195.04333080369,79521.44924498822,85181.84087203436,91451.5626416029,98453.1737203143,106109.7223552411,112308.35106238403
IIASA 2023,SSP5,Pakistan,GDP|PPP per capita,USD_2021/yr,6288.439373960702,7904.41234293063,10049.986011997617,12955.189231711529,16345.013404742695,20261.362514444078,24602.2529612536,29526.78220521987,34641.35097183193,39890.17752602202,45262.14605535263,50599.93618623198,55922.807341484884,61185.92892972004,66386.94117144027,70323.8699087686
IIASA 2023,SSP5,Panama,GDP|PPP per capita,USD_2021/yr,38534.365932691224,40930.817662906906,43961.90837654375,47946.60559980596,52166.56338737091,56840.35883757686,61468.0787452834,66719.01335021795,71760.98664559223,76552.97394886147,80956.08934854761,85155.98886795613,90653.1253932161,97023.5445844325,104281.27668214969,110618.50978373521
IIASA 2023,SSP5,Peru,GDP|PPP per capita,USD_2021/yr,15585.449455029242,17801.389611461473,20450.263847163267,23574.8691795163,26903.656073008748,30572.821086755168,34539.475317976394,39195.90989541635,44064.866560835384,48912.31913423952,53585.797913512084,58208.79956842981,62830.79806778456,67471.42466809478,72222.80712088339,75811.62732255441
IIASA 2023,SSP5,Philippines,GDP|PPP per capita,USD_2021/yr,10985.9692988345,13901.79152347185,17381.91776920894,21266.521735632698,25283.297110377043,29445.58771239314,33601.06836391629,38165.490729996585,42670.1069937052,47028.99785750775,51241.46280879435,55480.55370494198,59628.52154009874,63680.07239457458,67825.23491930105,72572.31664807674
IIASA 2023,SSP5,Papua New Guinea,GDP|PPP per capita,USD_2021/yr,3838.1278111955357,4482.947153521992,5414.129523660907,6832.745030864085,8777.189986798076,11358.809898556598,14527.750587347402,18389.565114191908,22840.455215082686,27738.41152934776,32839.25262788566,37923.38965427211,42969.868479707606,48091.663575289145,53283.39257459321,57611.8819857056
IIASA 2023,SSP5,Poland,GDP|PPP per capita,USD_2021/yr,41870.852063393715,43775.61299569147,45594.21508677501,50846.32074075504,55117.643325154466,59450.57963370347,62440.88463589812,67205.88092986032,71848.74972222134,75911.92034687888,79533.44651085074,83660.8331576598,89545.24535721973,96977.10372196007,105441.4426383343,112277.03406718715
IIASA 2023,SSP5,Puerto Rico,GDP|PPP per capita,USD_2021/yr,39993.98764792534,42089.86332422653,44213.91104491634,46158.75740550116,49284.96724572999,52823.89452951491,56338.901735057596,60319.24372961843,64601.56261854098,68779.61637697738,72774.55281023758,76772.99520395012,82289.5337593103,89132.29179971913,96976.7414197088,104066.30665123143
IIASA 2023,SSP5,Portugal,GDP|PPP per capita,USD_2021/yr,42108.16260509855,46409.53609286909,51291.59532958059,56704.728643267386,62469.53318041455,68473.87083919573,73797.20815468981,79239.83904750888,84694.91290842068,91306.5729603646,98709.06579952862,106737.22687036752,115235.67886790936,124405.64255990901,133978.21423473203,140692.82346654762
IIASA 2023,SSP5,Paraguay,GDP|PPP per capita,USD_2021/yr,16435.276085405523,19164.005969807087,22617.51264463478,26735.468346138176,31169.104626919212,35976.89772185321,40832.290704805746,46185.46728062363,51486.14036531513,56836.36117785874,61816.618045917676,66405.21338781012,70459.24487919711,74473.24251169214,79841.7446379234,85496.52881685122
IIASA 2023,SSP5,Palestine,GDP|PPP per capita,USD_2021/yr,6595.006459256818,8394.93465917341,10542.588111901741,12852.364428999772,15433.178132339326,18182.33759189261,20912.273054509704,23657.23002069915,26376.927407091283,29030.719719440916,31634.249450409297,34181.489515327856,36734.368029914905,39365.36403019814,42019.92165497927,43797.10749206383
IIASA 2023,SSP5,Qatar,GDP|PPP per capita,USD_2021/yr,94114.39519660965,97348.41165203486,102006.7638292905,106456.74238080512,108946.79899716274,111357.21923710476,114723.63789643993,121661.75090961593,130807.09451109536,140299.16755247972,148121.0764620526,154512.65067262104,160003.6419112306,165018.16540133097,169153.25199974066,169775.29451008883
IIASA 2023,SSP5,Romania,GDP|PPP per capita,USD_2021/yr,40696.639357575405,43266.28106000576,46774.61387677225,51752.349301305454,55327.67393395337,60059.174518923224,64675.957079200205,72852.09727194408,80448.78239357322,87092.16925306512,92887.39602900231,98313.95092626155,103624.98145392456,111170.62414637492,121000.7367860897,130057.45927450177
IIASA 2023,SSP5,Russian Federation,GDP|PPP per capita,USD_2021/yr,31414.699781046376,33725.01130278183,35944.063853663516,39054.843239229376,42180.4811010917,45568.787029238934,48699.60132130531,52958.04753346865,57011.26955996089,60534.34332199277,63844.01439783855,67203.26672525806,71253.815615306,76920.25202187816,83677.6670539422,89240.5950550982
IIASA 2023,SSP5,Rwanda,GDP|PPP per capita,USD_2021/yr,3024.9966758002647,4005.2660477559325,5424.768730933921,7378.391074779998,9902.369274857709,13063.747102087887,16840.439152284504,21279.40982886851,26128.274933699206,31335.22487268328,36709.52470789761,42020.38314544434,47114.86496098063,52103.63418386316,57177.92555792406,61221.55815402107
IIASA 2023,SSP5,Saudi Arabia,GDP|PPP per capita,USD_2021/yr,55958.21475018925,57612.52778655806,59833.77883828032,62345.38283953965,64800.8238223983,68832.55150685561,73639.93997673283,78805.2034007652,85394.79398982791,92919.06427436574,100835.83354141534,108815.72541153507,116765.6437607742,124707.92758822336,132698.90500198439,138635.0480378978
IIASA 2023,SSP5,Sudan,GDP|PPP per capita,USD_2021/yr,4143.999321544423,5151.464142451597,6527.94909956489,8429.15271460445,10793.936081336644,13708.183665726212,17137.631092735897,21138.059324601738,25407.171725154,29747.23226195333,34137.23767446824,38507.17163524068,42932.92440939134,47429.02568755707,52147.4160827536,55399.69651870849
IIASA 2023,SSP5,Senegal,GDP|PPP per capita,USD_2021/yr,4745.925388003777,6230.04504771927,8276.272808834954,11034.208589562419,14445.812062259312,18771.49543910309,23842.900108744998,29449.271791687916,35123.22383736018,40737.15411908205,46273.730380934845,51614.62617519006,56792.950449506316,61915.49560840361,67024.27337503823,70618.48004971635
IIASA 2023,SSP5,Singapore,GDP|PPP per capita,USD_2021/yr,114207.50008019179,122303.33887192058,133706.29543609137,144413.19493493164,156962.6158005445,167356.98004610388,176080.27678481865,186010.6806797717,197126.46765470578,207169.80741751197,216981.28859713947,226801.8305901226,236470.07206713475,246566.41751426118,256906.28873746932,263398.69134720636
IIASA 2023,SSP5,Solomon Islands,GDP|PPP per capita,USD_2021/yr,2249.215620127944,3015.5662872989483,4056.3666384877665,5455.949199029439,7271.381370066896,9600.37905053417,12374.568972879231,15622.185563512992,19178.41668854871,22993.655888657235,26878.90611938688,30750.756567896686,34557.95569614505,38423.4363449141,42360.86460740818,45663.54350803388
IIASA 2023,SSP5,Sierra Leone,GDP|PPP per capita,USD_2021/yr,1960.4181968254773,2562.886597676628,3434.7368110826233,4658.487753205892,6327.292336824069,8581.745298570611,11436.161860739074,14893.042749799997,18785.605342574097,23044.848725955657,27543.739405029173,32154.854538066626,36816.21951289386,41555.023364350694,46486.89211498796,50631.30482506391
IIASA 2023,SSP5,El Salvador,GDP|PPP per capita,USD_2021/yr,11246.15442643309,13074.024054883814,15366.925349578762,18372.650420151807,21892.745006742756,26055.83913295994,30520.507463312722,35604.05254981615,41237.74704760165,47604.784903168664,54095.99657372448,60271.91355193779,66368.76802020591,72458.31713713915,78627.9150346763,83434.52589143306
IIASA 2023,SSP5,Somalia,GDP|PPP per capita,USD_2021/yr,1151.4115705097483,1681.0232653744877,2475.86981380834,3629.5200218904956,5183.511820078313,7271.624717767221,9854.014455231658,12933.673047871085,16293.449097225712,19900.344167767915,23620.56362170691,27367.770612411972,31130.608939322476,34956.85519446159,38962.890992878456,42049.59762102033
IIASA 2023,SSP5,Serbia,GDP|PPP per capita,USD_2021/yr,23393.09640098972,25900.832856876645,28906.723804595604,32649.725120440526,36652.53234058404,41159.2500176321,45934.523654224526,52248.791406995624,59016.26030050657,65511.97862145053,71723.43214587674,77571.73938477058,83302.44279456338,89065.32179044667,94863.8630664471,100226.78370226854
IIASA 2023,SSP5,South Sudan,GDP|PPP per capita,USD_2021/yr,726.2044022452435,1169.1822753897052,1838.3631069037613,2805.652214782897,4160.273124148153,5991.525310776769,8301.217831165659,11051.500354279722,14156.668174319826,17560.497391875168,21295.114680595772,25290.960221718993,29626.298658367537,34202.06585537889,38901.566910504174,42838.88114754842
IIASA 2023,SSP5,Sao Tome and Principe,GDP|PPP per capita,USD_2021/yr,4663.313999482428,5128.274921003563,5836.267670854633,6956.3162206224915,8590.837683163367,10956.666732299049,14218.256872275677,18423.02598249484,23453.52246219156,29235.62698784964,35615.814357499126,42280.831150903534,48991.33476461801,55725.29578392229,62551.9590379361,68265.43178822602
IIASA 2023,SSP5,Suriname,GDP|PPP per capita,USD_2021/yr,17543.35003261429,20187.433639174436,23458.234635872068,27252.911006728587,31288.404356358176,35550.96004314599,40161.65629319267,45374.58485283315,50618.37357157464,55766.9110525872,60711.148810959654,65297.537665982636,69535.21415131717,73638.18273679861,78291.1964193026,82981.62418010275
IIASA 2023,SSP5,Slovakia,GDP|PPP per capita,USD_2021/yr,39058.80330812414,42804.07435121859,46568.079530233685,50345.41884157773,54181.89922577765,57996.47833848365,61725.06023949216,66081.64541047269,70657.50519616978,74951.53357148294,78886.71895009834,83284.8570937012,88962.25484635246,95901.1339565612,103919.05224024091,110497.59291295311
IIASA 2023,SSP5,Slovenia,GDP|PPP per capita,USD_2021/yr,49527.833195035986,54282.66404903515,59086.21076995393,64496.43616850021,69159.87972743229,73731.31930080453,77769.30380258769,83121.34307975211,87923.14453446657,93062.18294981794,99117.12652548184,106175.00148778672,114320.66721302412,123481.41652527143,133275.0298969018,140624.4348549595
IIASA 2023,SSP5,Sweden,GDP|PPP per capita,USD_2021/yr,62179.68819693448,66630.13836492402,70674.15961845018,74970.4809070756,79292.30823139426,83408.3464641426,87807.75770308629,94245.74754731866,101463.32913750334,108329.043040289,114887.75546668441,121563.01975655809,128410.37198378048,135524.8940064328,142442.81987982654,144978.29312570702
IIASA 2023,SSP5,Eswatini,GDP|PPP per capita,USD_2021/yr,10514.913403983615,11734.828508908817,13401.697599459243,15979.137326093025,18861.340752134354,22280.041288020184,26356.79297872978,31601.431499958624,37418.48591210647,43462.89879717169,49644.326602019224,56035.84446107479,62628.88421094565,69394.3258879244,76222.75549096566,81560.79428323176
IIASA 2023,SSP5,Seychelles,GDP|PPP per capita,USD_2021/yr,35306.684936488135,38693.661662353144,42712.8049676328,47350.359253059614,52138.49740675002,57260.67247890422,62148.320619344275,67666.27432784348,73254.1935933711,78455.58609536791,83018.45193484142,88540.62870807498,95263.42824609774,103052.61411431676,111710.57090289393,119179.79758350545
IIASA 2023,SSP5,Syria,GDP|PPP per capita,USD_2021/yr,6798.35844988266,8166.568647957541,10001.807668297712,12921.353493116594,16437.89513528662,20553.58527319173,24877.894602410957,29634.81336076075,34360.73046986483,39172.41813117153,44112.779819432755,49269.07813029024,54588.66721720292,59348.547671651366,63965.84455986821,67741.42670328877
IIASA 2023,SSP5,Chad,GDP|PPP per capita,USD_2021/yr,1636.2777051166424,2108.488604101034,2769.2545436745327,3741.074745359144,5115.095571701936,7037.219462344346,9504.964204279784,12506.084387916022,15932.65049814697,19718.996476769524,23705.71604303476,27791.450931025825,31884.022353491113,36028.40619944305,40308.02190929421,43767.96850776248
IIASA 2023,SSP5,Togo,GDP|PPP per capita,USD_2021/yr,2714.3455956219996,3642.2123898592163,4948.613548840687,6788.522147444719,9283.571931122411,12508.001644395894,16289.17318600553,20598.34584619525,25235.770513426156,30165.41622485082,35119.42379041886,39970.92688567869,44657.688166621374,49310.392085689666,54066.57366148488,57875.436947755356
IIASA 2023,SSP5,Thailand,GDP|PPP per capita,USD_2021/yr,21278.345341523902,24344.66632540045,28023.958196997966,32984.527436825134,38529.93332602023,44425.93207195465,49873.57593929386,55930.28537289056,61551.037768581715,67108.14340580533,72187.59620462057,76778.14661286576,83241.14204168085,91225.088243369,100603.95187761285,109404.65074723428
IIASA 2023,SSP5,Tajikistan,GDP|PPP per capita,USD_2021/yr,5059.596652131466,5902.1864812453905,6908.0661878372075,8444.223677254282,10032.844192319295,11922.955343193036,13925.221822771115,16982.133953575143,20502.350610335245,24396.0988089552,28601.17273427022,33101.43293220174,38045.10451777296,43531.53326601041,49599.10662234348,55295.8720786309
IIASA 2023,SSP5,Turkmenistan,GDP|PPP per capita,USD_2021/yr,17934.314088082654,18225.97126817361,18742.70938275235,19432.570208221634,20315.652619255572,21527.047138090224,23038.21897827491,24884.497684256614,26976.17096959343,29098.79751318121,31201.999087011056,33296.69634558672,35511.61471085947,37950.04271337336,40533.0458827186,42389.56466901167
IIASA 2023,SSP5,Timor-Leste,GDP|PPP per capita,USD_2021/yr,3375.3430472887926,4699.9140609268525,6538.6168615518145,8933.360172167982,11894.683201531801,15252.945757562491,18871.589930977705,22850.868805310536,27086.64965966302,31440.456511574455,35962.183910427186,40613.90349504503,45257.5455074504,49934.45981805411,54573.60184369601,58054.39844971577
IIASA 2023,SSP5,Tonga,GDP|PPP per capita,USD_2021/yr,6625.321664190096,7951.473862043386,9578.643666198814,11411.474637944226,13407.44902292423,15489.45966432989,17686.70269468163,19993.621103807483,22245.56641971748,24371.384898744906,26446.116565147266,28514.680879241918,30576.619526444083,32650.81522158621,35298.84500543972,37994.12282230695
IIASA 2023,SSP5,Trinidad and Tobago,GDP|PPP per capita,USD_2021/yr,28539.194274841288,32042.30239619966,36631.4723180287,41123.94698978055,44578.729511339814,47403.2537449408,51341.32870407772,57335.399695194355,62427.244868178954,66865.50039718281,71862.76107392114,78228.88619828889,85785.03272145378,94545.6583124224,104283.24322712858,113284.40044934576
IIASA 2023,SSP5,Tunisia,GDP|PPP per capita,USD_2021/yr,12173.423066068088,14880.687451492124,18317.26662285667,21979.589265000774,26159.397088908252,31278.80237683657,38196.59032624951,44528.564411599786,50436.91920123835,55350.490646318874,59480.9347881952,63262.73328069367,67332.14399220643,73606.56098239194,81623.8284407779,89636.12991117676
IIASA 2023,SSP5,Turkey,GDP|PPP per capita,USD_2021/yr,39581.1066614914,44267.04725910365,49982.95776451994,55335.71152927368,60874.47520141776,66251.02154309629,72878.58021618534,80728.48725790018,87510.7994271779,93562.13020368709,100705.28437209286,108797.61826771453,117763.8279757636,127854.32070962353,138484.65332899312,146464.97075756022
IIASA 2023,SSP5,Taiwan,GDP|PPP per capita,USD_2021/yr,69525.72815617142,76429.28347325427,84690.91671345511,90335.6718035129,95256.45097654645,100857.19597817544,107952.48771787135,117300.05965555154,127946.51946845037,138210.6544012797,148759.05598318513,159862.6403705596,170682.05315452768,181651.1861133159,193305.2755660088,200988.8049171596
IIASA 2023,SSP5,Tanzania,GDP|PPP per capita,USD_2021/yr,3345.757042593523,4608.008297383566,6486.899113335533,9168.045703170354,12698.859167872053,17278.527121157822,22694.041650512245,28749.397853659644,34953.218275944004,41266.586477156554,47483.9557819461,53385.991093241166,58929.16821796875,64483.90472337495,70164.68090747317,74473.8338501647
IIASA 2023,SSP5,Uganda,GDP|PPP per capita,USD_2021/yr,2968.8821924644203,4244.63513699674,6134.197926315816,8778.289921586187,12142.900653388264,16277.489522644248,21002.103593307856,26152.641004783218,31515.21358306656,36962.06744299837,42506.104952377966,47954.13156775633,53278.85796176923,58552.09653953343,63905.87102330051,68001.4007835198
IIASA 2023,SSP5,Ukraine,GDP|PPP per capita,USD_2021/yr,12077.419691441832,13669.075729857572,15321.432440109727,17121.42136275155,18984.467814172054,21113.679127386345,23653.37537654738,26536.282903775984,29649.951567854678,32636.92313295715,35570.91648966005,38569.74265183847,41622.42001075741,44723.758659429295,47788.25167573224,49672.19556947287
IIASA 2023,SSP5,Uruguay,GDP|PPP per capita,USD_2021/yr,28829.88009080194,31224.590174977602,34055.67754117535,37596.93376322882,41564.10101118525,46332.04248583432,51373.59284190221,57295.12527476444,63499.46984555784,69742.57119897765,75369.3949150101,80391.70529108155,85139.36895801236,90570.90020717756,97165.23994355582,103488.22380573799
IIASA 2023,SSP5,United States,GDP|PPP per capita,USD_2021/yr,72050.83507962129,74927.77331932685,78020.67038857492,81649.69088303349,85882.8338687489,90904.44826493307,96177.70521041604,102444.8019665598,108934.8270109523,115211.13531200823,121488.54904397647,128239.36644532246,135207.394856828,142147.74573180042,148674.94281757524,151003.35616341388
IIASA 2023,SSP5,Uzbekistan,GDP|PPP per capita,USD_2021/yr,10411.866387796063,11507.561827050211,12763.34363246683,14343.956749878776,15779.116996385048,17339.439870183316,18994.833663038036,21182.786624588312,23620.140135670525,26108.606709375614,28619.18577784504,31133.819961608962,33694.342280472294,36375.63356654565,39238.921984122164,41494.30950985238
IIASA 2023,SSP5,Saint Vincent and the Grenadines,GDP|PPP per capita,USD_2021/yr,19750.69789116694,23372.253155944607,27701.98833397384,32766.768730233216,38283.44857957453,44480.34249082576,51319.16959630771,58871.84379478164,66858.67190773168,74750.64824369452,82012.52162888327,88670.4129058194,95239.1704746745,101680.72787607704,110698.84628188737,119887.02484040195
IIASA 2023,SSP5,Venezuela,GDP|PPP per capita,USD_2021/yr,6778.010632782958,8440.868030268619,10646.038552546153,13471.169320926407,16894.10004969284,20704.238726105017,24921.423329064986,29745.55385308365,34740.96782246429,39839.11063889921,45077.78524391991,50621.51384040746,56479.436728968445,62639.906351375656,68866.24674597746,74375.25920613443
IIASA 2023,SSP5,Viet Nam,GDP|PPP per capita,USD_2021/yr,15003.180977871341,18044.79498022443,21976.78399057541,26867.652517467064,32991.39060942457,40501.55479841958,48965.60707879498,58296.86456807004,68577.0722265738,78859.47670186152,88147.86429663544,96402.24674223755,103908.35414534515,111614.97445176395,119241.72386602634,125737.95383220189
IIASA 2023,SSP5,Vanuatu,GDP|PPP per capita,USD_2021/yr,2869.6524393167974,3582.342084732646,4494.756920345928,5700.587719230236,7184.968531380302,8974.315841243975,11037.915574173227,13477.116240186657,16211.002247507522,19082.439012021645,21952.99976442421,24733.284207116987,27476.27531664117,30224.790080009905,33014.71456774148,35229.0495143774
IIASA 2023,SSP5,Samoa,GDP|PPP per capita,USD_2021/yr,5731.579886775621,7229.252063901191,9055.431331953068,11178.423210846888,13672.706334964474,16759.674035773685,20166.985555872256,23788.446567203027,27399.071741915955,30938.654022410166,34440.16858318112,37926.36312400142,41465.4857798872,45160.77524216004,48979.57664365802,51918.35467985798
IIASA 2023,SSP5,Yemen,GDP|PPP per capita,USD_2021/yr,1937.9002509211184,2323.313855730852,2998.0001227302782,3842.3007415735046,4880.254807338407,6597.068833052149,8965.669760200448,12099.49165063834,16088.807106694047,21173.188532700835,27489.29546389295,34619.69660120522,42552.78759528787,51194.820871033786,60445.78984521524,68951.2455871184
IIASA 2023,SSP5,South Africa,GDP|PPP per capita,USD_2021/yr,15180.425026458614,16999.229584429693,19188.680051597188,21989.061888182736,25165.761407770857,28418.74710830547,31994.10732716859,36437.43790453222,41758.50361364183,47293.22834042992,52513.62329051313,57600.10791450264,62539.15338904963,67375.73380176512,72030.60365145418,76155.10459412703
IIASA 2023,SSP5,Zambia,GDP|PPP per capita,USD_2021/yr,3860.0001981071864,4930.706601026637,6388.482640801226,8417.87163832997,11042.334188130075,14352.754319652839,18229.286113168142,22684.63997024778,27488.610901448817,32490.644558461932,37533.56388623918,42565.39756884555,47588.34823186453,52691.67604043068,57941.87728538576,62133.71888504991
IIASA 2023,SSP5,Zimbabwe,GDP|PPP per capita,USD_2021/yr,2422.7545370519415,3218.5076457007885,4233.321464425294,5451.969027230974,6857.985589194985,8513.598286385952,10477.2074508707,12782.769744076051,15328.35040812869,18082.69838476041,21066.956721800147,24200.343568692067,27539.067271324257,31111.338886168098,34816.813921191875,37833.16107244897
