"Model","Scenario","Region","Variable","Unit","2020","2025","2030","2035","2040","2045","2050","2055","2060","2065","2070","2075","2080","2085","2090","2095","2100"
"IIASA-WiC POP 2023","SSP1","Aruba","Population","million",0.10666400000000001,0.10866400000000001,0.11072000000000001,0.11252899999999999,0.114088,0.11548699999999901,0.116601,0.11747300000000001,0.11816399999999999,0.118437,0.118465,0.118211,0.11752000000000001,0.11627599999999999,0.11440299999999999,0.11183699999999999,0.108496
"IIASA-WiC POP 2023","SSP1","Afghanistan","Population","million",38.326031,43.793695,49.23856,54.439767,59.275958,63.892211,68.11567500000001,71.776,74.77905100000001,77.2072450000001,79.017442,80.21610000000001,80.726987,80.546983,79.80978999999999,78.60711499999991,76.984947
"IIASA-WiC POP 2023","SSP1","Angola","Population","million",32.899002,37.90199,42.685853,47.354971,51.825379000000005,56.146416,60.172180000000104,63.756125000000004,66.86027000000011,69.467627,71.5305,73.055205,73.977367,74.26133800000001,73.87757300000011,72.94830800000001,71.521112
"IIASA-WiC POP 2023","SSP1","Albania","Population","million",2.8721300000000003,2.792432,2.7145770000000002,2.615949999999999,2.505335,2.390556,2.274377,2.157842,2.041092,1.933387999999999,1.835433,1.746858,1.6649280000000002,1.585972,1.507258,1.4283460000000001,1.351713999999999
"IIASA-WiC POP 2023","SSP1","United Arab Emirates","Population","million",9.247554000000001,9.769444,10.232632,10.615065000000001,10.93263,11.223633,11.489947,11.696575000000001,11.808352999999999,11.778198,11.597871,11.27414,10.827221,10.292183000000001,9.719191,9.162433000000002,8.658027
"IIASA-WiC POP 2023","SSP1","Argentina","Population","million",44.908440999999996,45.898345,46.799912,47.530373,48.060967,48.4434809999999,48.632883,48.60973200000001,48.329408,47.839657,47.167588,46.330638,45.336616,44.19872,42.918195,41.481235,39.871432999999996
"IIASA-WiC POP 2023","SSP1","Armenia","Population","million",2.812494,2.762665,2.720682,2.6686769999999997,2.6148819999999997,2.563396,2.510375,2.453386,2.391641,2.333004,2.278013,2.224726,2.170389,2.113985,2.057776,2.006171,1.9619
"IIASA-WiC POP 2023","SSP1","Antigua and Barbuda","Population","million",0.092375,0.095305,0.097642,0.099427,0.100578,0.101203,0.101325,0.10091800000000001,0.100081999999999,0.098771,0.09706100000000001,0.094981,0.09246399999999999,0.08950300000000001,0.086107,0.082328,0.078225
"IIASA-WiC POP 2023","SSP1","Australia","Population","million",25.544183,26.566755,27.552044000000002,28.468774000000003,29.326610000000002,30.175044000000003,31.024163,31.789861000000002,32.459956,33.00287,33.432817,33.739290000000004,33.894564,33.791432,33.344692,32.587951000000004,31.663501
"IIASA-WiC POP 2023","SSP1","Austria","Population","million",8.901099999999989,9.051197,9.123096,9.18258000000001,9.23396900000001,9.29232600000001,9.348031,9.37575,9.365927,9.32130100000001,9.26301999999999,9.197004000000002,9.108754000000001,8.933748,8.675261,8.344018,7.983852
"IIASA-WiC POP 2023","SSP1","Azerbaijan","Population","million",10.273527,10.487827,10.717747,10.922182000000001,11.069437,11.135987,11.124802,11.058857,10.956788000000001,10.825171000000001,10.659708,10.456246,10.21797,9.95813300000001,9.693,9.436565,9.185424000000001
"IIASA-WiC POP 2023","SSP1","Burundi","Population","million",12.053895,13.526911,14.89391,16.212526,17.456809,18.636942,19.687779,20.546378,21.195318,21.685688,22.028181,22.23497,22.293262,22.193378000000003,21.948248,21.561076,21.043241000000002
"IIASA-WiC POP 2023","SSP1","Belgium","Population","million",11.54127,11.699086,11.826698,11.96094,12.099271000000002,12.239867,12.372183000000001,12.459907,12.507838,12.524700000000001,12.526981,12.517168,12.477884,12.364666,12.142974,11.844059,11.477641
"IIASA-WiC POP 2023","SSP1","Benin","Population","million",12.466822,14.132361999999999,15.721397000000001,17.226934,18.635723000000002,19.991063999999998,21.241118999999998,22.32225,23.198535,23.92971,24.502029999999998,24.927635,25.169643,25.236804,25.124841,24.865505000000002,24.478222000000002
"IIASA-WiC POP 2023","SSP1","Burkina Faso","Population","million",21.23189,23.825142,26.271117999999998,28.662135,30.958081,33.18576,35.209002999999996,36.89353,38.240397,39.340674,40.216309,40.865218999999996,41.245665,41.323049,41.106448,40.649777,40.008612
"IIASA-WiC POP 2023","SSP1","Bangladesh","Population","million",166.42699100000002,174.89434,181.60323400000001,186.293089,189.136811,190.64831,190.874384,189.89598600000002,187.700819,184.555269,180.550085,175.75322,170.282878,164.263045,157.793158,150.952818,143.87122300000001
"IIASA-WiC POP 2023","SSP1","Bulgaria","Population","million",7.02023900000001,6.68646,6.446077000000001,6.219932,6.00677500000001,5.809888,5.629558,5.456254,5.281294,5.103555,4.925013,4.75047,4.5859840000000105,4.434116,4.29464,4.1638410000000015,4.029824
"IIASA-WiC POP 2023","SSP1","Bahrain","Population","million",1.494035,1.6196510000000002,1.731858,1.833156,1.926117,2.012017,2.087571,2.147612,2.189711,2.207114,2.200072999999999,2.169342,2.115932,2.043851,1.960715,1.875532,1.791704999999999
"IIASA-WiC POP 2023","SSP1","Bahamas","Population","million",0.405769,0.41481399999999996,0.42322000000000004,0.429782999999999,0.43380199999999997,0.43594600000000006,0.43605200000000005,0.43410099999999996,0.43021299999999996,0.42461099999999996,0.417678,0.40957899999999803,0.400252,0.38958099999999996,0.377369,0.363442,0.34782199999999996
"IIASA-WiC POP 2023","SSP1","Bosnia and Herzegovina","Population","million",3.340977,3.183021,3.071101999999999,2.95169,2.827325,2.703369,2.5818049999999992,2.46333,2.346922,2.236962,2.133749,2.037075,1.9461279999999999,1.859837,1.7775940000000001,1.69888,1.622426
"IIASA-WiC POP 2023","SSP1","Belarus","Population","million",9.661039,9.40588,9.247082,9.098792,8.96547500000001,8.850961,8.737986999999999,8.607963,8.459214,8.296410999999999,8.124806,7.944717,7.754328000000001,7.553928,7.349242,7.147261,6.94482999999999
"IIASA-WiC POP 2023","SSP1","Belize","Population","million",0.392424,0.421717,0.448621,0.471155,0.48932499999999995,0.5048119999999999,0.517707,0.527771,0.5348729999999999,0.5388590000000001,0.539895999999999,0.538030999999999,0.5335030000000001,0.5262669999999999,0.516197,0.503181,0.48705299999999996
"IIASA-WiC POP 2023","SSP1","Bolivia","Population","million",11.862352000000001,12.554825000000001,13.248955,13.839262000000002,14.303482,14.682179,14.949619,15.096366,15.130428,15.083429,14.954664000000001,14.753427,14.478994,14.142399,13.756288000000001,13.332785,12.878381
"IIASA-WiC POP 2023","SSP1","Brazil","Population","million",212.564938,217.00416800000002,220.66621,222.82693400000002,223.453514,222.956295,221.235261,218.38580100000001,214.408676,209.456828,203.632518,197.11297700000003,190.087151,182.71764199999998,175.13649600000002,167.257922,158.863183
"IIASA-WiC POP 2023","SSP1","Barbados","Population","million",0.280426,0.28206400000000004,0.28257699999999997,0.281829999999999,0.27971599999999996,0.276885,0.273277,0.268972,0.26418,0.25909499999999996,0.253886,0.24859699999999998,0.24309799999999998,0.237058,0.23032699999999998,0.222636,0.21327500000000002
"IIASA-WiC POP 2023","SSP1","Brunei Darussalam","Population","million",0.439894,0.45987000000000006,0.47612400000000005,0.48909500000000006,0.499102,0.507195,0.512842999999999,0.515308,0.514728,0.511331,0.50582,0.49868700000000005,0.49005299999999996,0.47977699999999995,0.467584,0.45195199999999996,0.43250500000000003
"IIASA-WiC POP 2023","SSP1","Bhutan","Population","million",0.769996999999999,0.795072,0.8149230000000001,0.8291709999999991,0.8374720000000011,0.841175,0.8398490000000001,0.8335610000000001,0.822429,0.8063980000000001,0.78515,0.758756,0.728001,0.694083000000001,0.658462,0.6223650000000001,0.58628
"IIASA-WiC POP 2023","SSP1","Botswana","Population","million",2.523551,2.728839,2.921393,3.09069,3.235089,3.361056999999999,3.466776,3.53688,3.574957,3.584515,3.56722,3.526396,3.463087,3.381819,3.282768,3.168115,3.037785
"IIASA-WiC POP 2023","SSP1","Central African Republic","Population","million",5.272024,6.007006,6.7668490000000014,7.543109,8.303788,9.068489999999992,9.79684100000001,10.44465,11.009551,11.517347000000001,11.964463,12.342727000000002,12.643438,12.862784,12.992703,13.042783,13.034254
"IIASA-WiC POP 2023","SSP1","Canada","Population","million",37.758236,38.65693,39.483135000000004,40.264983,40.9806939999999,41.670639,42.362036,42.910563,43.350025,43.693804,43.984628,44.192317,44.2365310000001,44.015696000000005,43.374843,42.318186000000004,40.94019600000001
"IIASA-WiC POP 2023","SSP1","Switzerland","Population","million",8.606425999999999,8.85337900000001,9.030524999999999,9.194436,9.35377,9.525589,9.71353000000001,9.877136000000009,10.001612,10.077487999999999,10.11938,10.134036,10.079559999999999,9.941249000000001,9.719361000000001,9.45188,9.169830000000012
"IIASA-WiC POP 2023","SSP1","Chile","Population","million",19.206692,19.550567,19.861461,20.059831,20.132679,20.114683000000003,20.017714,19.827569,19.534399,19.149682000000002,18.691582,18.168602,17.581474,16.922818,16.182589,15.361988,14.487941999999999
"IIASA-WiC POP 2023","SSP1","China","Population","million",1423.9980170000001,1426.4135600000002,1416.905233,1401.086231,1380.363315,1353.8931420000001,1319.430836,1276.179536,1226.38227,1172.845902,1118.2541170000002,1064.5294900000001,1011.626705,958.044798,904.7708220000001,854.614287,808.2906459999999
"IIASA-WiC POP 2023","SSP1","C?te d'Ivoire","Population","million",26.477572000000002,29.461557000000003,32.185031,34.69297,36.946354,39.02796,40.91858800000001,42.4693899999999,43.637252000000004,44.510293,45.108796000000005,45.436989000000004,45.49953,45.352356,45.012727,44.483454,43.758199000000005
"IIASA-WiC POP 2023","SSP1","Cameroon","Population","million",26.137122,29.417339000000002,32.591680000000004,35.6100109999999,38.424018,41.138071000000004,43.718432,45.989237,47.85699700000001,49.374837,50.558334,51.337934000000004,51.773816,51.857365,51.628365,51.112597,50.317326
"IIASA-WiC POP 2023","SSP1","Democratic Republic of the Congo","Population","million",91.33195500000011,106.128885,120.84178,135.38867100000002,149.525181,163.621723,177.04000399999998,189.23471400000003,199.94610699999998,209.25241300000002,217.13050099999998,223.502614,228.184693,231.113355,232.03921100000002,231.04722,228.24507
"IIASA-WiC POP 2023","SSP1","Congo","Population","million",5.635288,6.299866,6.9419530000000105,7.55741100000001,8.12633699999999,8.658409,9.153761000000001,9.569169,9.896155,10.153540999999999,10.338189,10.447337,10.488828999999999,10.47396,10.403793,10.27486,10.082782
"IIASA-WiC POP 2023","SSP1","Colombia","Population","million",50.617025999999996,52.254432,53.731331,54.76224,55.351789,55.598330000000004,55.51264,55.115279,54.415737,53.481648,52.335194,51.007475,49.488183,47.791377999999995,45.939528,43.953015,41.864942000000006
"IIASA-WiC POP 2023","SSP1","Comoros","Population","million",0.798327,0.874155,0.943155,1.004507,1.058256,1.107148,1.148974999999999,1.181252999999999,1.202501,1.2159900000000001,1.220798,1.2182870000000001,1.207923,1.191294,1.169207,1.14201,1.11002
"IIASA-WiC POP 2023","SSP1","Cabo Verde","Population","million",0.579929,0.6054210000000001,0.626505,0.641396,0.651087,0.6567379999999999,0.6581440000000001,0.655003999999999,0.6477310000000001,0.637660999999999,0.6250019999999991,0.609862999999999,0.5924750000000001,0.572913,0.5516869999999999,0.529270999999999,0.5062730000000001
"IIASA-WiC POP 2023","SSP1","Costa Rica","Population","million",5.105361,5.244154000000001,5.372717000000009,5.47068200000001,5.535824,5.574707999999999,5.581988000000001,5.558868,5.50621800000001,5.4279530000000005,5.328399999999999,5.207688,5.063308,4.892905,4.6970659999999995,4.479343,4.244951
"IIASA-WiC POP 2023","SSP1","Cuba","Population","million",11.309226,11.201332,11.115738,10.980549000000002,10.797539,10.576110000000002,10.315156000000002,10.004719999999999,9.651236,9.274127000000009,8.902419999999989,8.550875,8.224261,7.900716,7.561242,7.198828000000001,6.8263110000000005
"IIASA-WiC POP 2023","SSP1","Cura?ao","Population","million",0.188601,0.19469000000000003,0.20050800000000002,0.20560299999999998,0.20990399999999998,0.213765999999999,0.21714000000000003,0.22009,0.222629,0.22402799999999998,0.22421700000000003,0.223102,0.22056599999999998,0.21642899999999998,0.21073499999999998,0.20362200000000003,0.195384
"IIASA-WiC POP 2023","SSP1","Cyprus","Population","million",1.233777,1.285154,1.317261,1.345559999999999,1.372765,1.400869999999999,1.4290340000000001,1.451551,1.466787,1.472626,1.470262999999999,1.459838,1.439856,1.4085830000000001,1.3667280000000002,1.318609999999999,1.268821
"IIASA-WiC POP 2023","SSP1","Czechia","Population","million",10.537908,10.858204,10.734965,10.599186,10.479507,10.393348,10.329671000000001,10.261845,10.166683,10.024977999999999,9.84157900000001,9.631876,9.416621,9.207519,8.997387000000002,8.767466,8.511978
"IIASA-WiC POP 2023","SSP1","Germany","Population","million",83.267652,83.67015300000001,83.24960300000001,82.81596,82.42672400000001,82.148696,81.8761000000001,81.433404,80.739017,79.836564,78.93078200000001,78.0944190000001,77.184072,75.960414,74.15058900000001,71.71835899999999,68.905023
"IIASA-WiC POP 2023","SSP1","Djibouti","Population","million",1.082341,1.145615,1.198276,1.240829,1.27258,1.296317,1.3096109999999999,1.3130600000000001,1.305774,1.290897999999999,1.269702,1.242527,1.209272,1.170277,1.125751,1.076776,1.025081
"IIASA-WiC POP 2023","SSP1","Denmark","Population","million",5.810771,5.907447,5.975479,6.03549,6.084258,6.132168,6.188542000000001,6.237931,6.277437,6.305039,6.326722,6.346957000000001,6.363778000000001,6.36646,6.33662,6.243068,6.09836999999999
"IIASA-WiC POP 2023","SSP1","Dominican Republic","Population","million",10.939341,11.483447,11.917178,12.246332,12.463707000000001,12.591019000000001,12.643558,12.624767,12.538966,12.402486000000001,12.221129000000001,12.001832,11.747066,11.462369,11.149334999999999,10.809712,10.441973
"IIASA-WiC POP 2023","SSP1","Algeria","Population","million",43.0909919999999,46.489671,49.1854889999999,51.363636,53.239932,54.998863,56.524866,57.566367,58.053923000000005,58.05242500000001,57.70432,57.133663,56.4124679999999,55.567665999999996,54.615303000000004,53.577029,52.441982
"IIASA-WiC POP 2023","SSP1","Ecuador","Population","million",17.487158,18.33416,19.086577000000002,19.670662,20.080258,20.379222000000002,20.561118999999998,20.62127,20.558975999999998,20.396766,20.144967,19.80884,19.394344,18.906417,18.34826,17.713675,16.993165
"IIASA-WiC POP 2023","SSP1","Egypt","Population","million",106.538717,115.44283300000001,123.87952000000001,131.831456,139.245789,146.122766,151.99535,156.699872,160.225685,162.614032,163.990047,164.551937,164.406404,163.59549900000002,162.269721,160.36160800000002,157.840698
"IIASA-WiC POP 2023","SSP1","Eritrea","Population","million",3.5236520000000002,3.808395,4.066072,4.292725000000001,4.475246,4.61981100000001,4.721656,4.77896,4.794442,4.787308,4.7555,4.6996220000000015,4.624082,4.529122,4.415986,4.285615,4.143312
"IIASA-WiC POP 2023","SSP1","Western Sahara","Population","million",0.551241,0.594124999999999,0.6295050000000011,0.659432999999998,0.685035,0.707711,0.727108,0.742308,0.752510999999999,0.7556820000000001,0.7523780000000001,0.743351,0.730059999999999,0.713334000000001,0.6931860000000001,0.669082,0.640512
"IIASA-WiC POP 2023","SSP1","Spain","Population","million",47.329955000000005,47.633753,47.915805999999996,48.2772989999999,48.733951000000005,49.281425000000006,49.894903,50.266722,50.351312,50.128274,49.687205000000006,49.06805000000001,48.27228,47.167332,45.9034199999999,44.475806,42.824446
"IIASA-WiC POP 2023","SSP1","Estonia","Population","million",1.329091,1.349108,1.315588,1.285628,1.260861,1.241575,1.22493,1.207296,1.187262,1.1653,1.1419030000000001,1.117728,1.093053,1.067711,1.041785,1.016029,0.9904519999999991
"IIASA-WiC POP 2023","SSP1","Ethiopia","Population","million",115.638354,129.120171,141.42536900000002,152.826425,163.164973,172.847415,181.569646,188.977457,194.90644500000002,199.240849,202.091216,203.319101,202.967923,201.23300700000001,198.241175,194.086022,188.916517
"IIASA-WiC POP 2023","SSP1","Finland","Population","million",5.525213,5.5420359999999995,5.5287700000000015,5.518629,5.50964,5.5043050000000004,5.510260000000001,5.503463,5.491714,5.48258500000001,5.479914,5.476432,5.45642,5.385196,5.270581,5.123092,4.96007
"IIASA-WiC POP 2023","SSP1","Fiji","Population","million",0.9180899999999991,0.938174,0.948882999999999,0.9511719999999999,0.946228,0.935684,0.919389,0.8986119999999991,0.8740140000000001,0.8493249999999991,0.824097,0.7988179999999999,0.774401,0.750984999999999,0.729035,0.708083999999999,0.6878780000000001
"IIASA-WiC POP 2023","SSP1","France","Population","million",64.45775499999999,65.135121,65.83069800000001,66.59905400000011,67.371394,68.06711,68.62154799999999,68.9569200000001,69.158215,69.28904399999999,69.389054,69.436174,69.36565,69.074885,68.369217,67.35293399999999,66.06505800000001
"IIASA-WiC POP 2023","SSP1","Micronesia","Population","million",0.6408830000000001,0.6647959999999999,0.683327999999999,0.695187,0.7000309999999991,0.7008829999999999,0.697020999999999,0.6881659999999999,0.675,0.6608029999999999,0.646011,0.6310689999999991,0.615709,0.5997300000000001,0.582727,0.564901,0.546519
"IIASA-WiC POP 2023","SSP1","Gabon","Population","million",2.267994,2.500404,2.715635,2.910361,3.085376,3.247478,3.396814,3.518941,3.607806,3.664391,3.690845,3.6951169999999998,3.680973,3.650036,3.6035880000000002,3.540367,3.460314
"IIASA-WiC POP 2023","SSP1","United Kingdom","Population","million",66.95117200000001,67.868784,68.800663,69.730396,70.693217,71.75876,72.882422,73.738125,74.321572,74.698877,75.00664,75.279883,75.420274,75.24138,74.61598699999999,73.4099369999999,71.767991
"IIASA-WiC POP 2023","SSP1","Georgia","Population","million",3.769183,3.623341,3.471832,3.322535,3.184301,3.054199,2.924606,2.790431,2.653031,2.527469,2.416158,2.317577,2.2290200000000002,2.149005,2.077909999999999,2.017167,1.966273
"IIASA-WiC POP 2023","SSP1","Ghana","Population","million",31.849247,35.002096,37.886342,40.551488,42.998720999999996,45.3265959999999,47.435442,49.15671,50.475432999999995,51.403861,52.012243000000005,52.314413,52.312375,52.042497000000004,51.521539,50.756399,49.76921
"IIASA-WiC POP 2023","SSP1","Guinea","Population","million",13.041590000000001,14.449873,15.728022000000001,16.885557000000002,17.901919000000003,18.825551,19.613611000000002,20.243031,20.703471,21.027943,21.218219,21.261989000000003,21.175705999999998,20.953847000000003,20.633376000000002,20.225236000000002,19.741048
"IIASA-WiC POP 2023","SSP1","Guadeloupe","Population","million",0.39509299999999997,0.397515,0.40033599999999997,0.40109500000000003,0.39980299999999996,0.396495,0.39175699999999997,0.38632299999999903,0.380339,0.37450700000000003,0.369154,0.364655,0.36136,0.359155,0.357379,0.35495600000000005,0.350906
"IIASA-WiC POP 2023","SSP1","Gambia","Population","million",2.541048,2.8178479999999997,3.08165,3.330102,3.5498279999999998,3.751343,3.9242939999999997,4.06257,4.161062,4.229509,4.268534,4.277865,4.25838900000001,4.21529000000001,4.149048,4.061114,3.95302
"IIASA-WiC POP 2023","SSP1","Guinea-Bissau","Population","million",1.993302,2.200689,2.394527,2.569125,2.723466,2.863623999999999,2.989365,3.087908,3.158452,3.203694,3.224625,3.222942,3.202123,3.164189,3.108248,3.034599,2.943889
"IIASA-WiC POP 2023","SSP1","Equatorial Guinea","Population","million",1.578364,1.780913,1.978942,2.169243,2.347684,2.518605,2.6811529999999992,2.821204,2.9356,3.023596,3.083323,3.115525,3.12058,3.104842,3.069479,3.013358,2.934257
"IIASA-WiC POP 2023","SSP1","Greece","Population","million",10.543345,10.376237999999999,10.237885,10.123949000000001,10.032242,9.95710100000001,9.888462,9.793718,9.66527000000001,9.503937000000011,9.320931999999999,9.124572,8.918109000000001,8.700191,8.470447,8.225888000000001,7.950738
"IIASA-WiC POP 2023","SSP1","Grenada","Population","million",0.12316099999999999,0.125864,0.12717499999999998,0.12751300000000002,0.127383,0.127097,0.12637299999999999,0.125054,0.12309300000000001,0.12091299999999901,0.118597,0.116079,0.113255,0.110054,0.106597,0.103093999999999,0.09966200000000001
"IIASA-WiC POP 2023","SSP1","Guatemala","Population","million",17.231175,18.454454000000002,19.593863000000002,20.542852,21.312009999999997,21.936232,22.375356,22.629849999999998,22.727339,22.707331,22.571768000000002,22.317588,21.941689,21.459068,20.881658,20.22014,19.489790000000003
"IIASA-WiC POP 2023","SSP1","French Guiana","Population","million",0.287814,0.318976999999999,0.34708300000000003,0.372731,0.39577,0.417126,0.436251,0.45231999999999906,0.46503500000000003,0.474294,0.48055000000000003,0.484894999999999,0.48779100000000003,0.48906000000000005,0.488317,0.484651,0.477452999999999
"IIASA-WiC POP 2023","SSP1","Guam","Population","million",0.168571,0.172511,0.175647,0.17777400000000002,0.178568,0.17843799999999901,0.17721099999999998,0.17494,0.172044,0.169216,0.166543,0.164054,0.161572,0.159023,0.156226,0.15312499999999998,0.149629999999999
"IIASA-WiC POP 2023","SSP1","Guyana","Population","million",0.7918449999999999,0.8043119999999999,0.809075999999999,0.805578,0.7945259999999991,0.778243,0.757184,0.732857,0.705878,0.679709,0.654449,0.6299469999999999,0.6060749999999999,0.582718,0.559827,0.537639,0.516539
"IIASA-WiC POP 2023","SSP1","Hong Kong","Population","million",7.501908,7.542726,7.567619,7.56993000000001,7.56005800000001,7.548724,7.547765,7.519369,7.447547,7.328067,7.178815,7.007804,6.813786,6.590531,6.334688,6.053646,5.7611740000000005
"IIASA-WiC POP 2023","SSP1","Honduras","Population","million",10.041782999999999,10.758549,11.389745999999999,11.915029,12.322689,12.642492,12.878124,13.030775,13.096862,13.087442,12.999687999999999,12.842452,12.625145,12.356744,12.038863,11.671224,11.251709000000002
"IIASA-WiC POP 2023","SSP1","Croatia","Population","million",4.114644,3.986789,3.862793,3.746386,3.635156,3.531209,3.43361,3.33961,3.247516,3.1576750000000002,3.070099,2.984032,2.898029,2.810969,2.722364,2.6310219999999997,2.5353120000000002
"IIASA-WiC POP 2023","SSP1","Haiti","Population","million",11.234504999999999,11.927053,12.506153000000001,12.967118000000001,13.305087,13.562736000000001,13.717257,13.754626,13.671842999999999,13.511502,13.283465,12.998558000000001,12.662311,12.279749,11.85646,11.402215,10.928139
"IIASA-WiC POP 2023","SSP1","Hungary","Population","million",9.77012300000001,9.602753000000002,9.44229200000001,9.266091000000001,9.083686,8.909112000000011,8.74709200000001,8.58886700000001,8.419652000000001,8.223961,7.998895000000001,7.759546,7.523994,7.298395000000011,7.072654000000001,6.838178,6.593908000000001
"IIASA-WiC POP 2023","SSP1","Indonesia","Population","million",270.825846,279.835215,288.180539,294.15258500000004,297.594932,299.186477,298.844602,296.86019400000004,293.12367800000004,287.84999200000004,281.36329700000005,273.96757900000006,265.91136700000004,257.336131,248.27173800000003,238.70007900000002,228.615199
"IIASA-WiC POP 2023","SSP1","India","Population","million",1389.966394,1440.101083,1485.835119,1518.47722,1537.916771,1547.096195,1545.574885,1535.154094,1516.115873,1489.185445,1455.424408,1414.873293,1367.9297,1315.517186,1258.9527269999999,1199.281994,1137.7512620000002
"IIASA-WiC POP 2023","SSP1","Ireland","Population","million",4.925076,5.124496000000001,5.268847,5.419479000000001,5.578805,5.745716000000001,5.911399999999999,6.049296,6.156416,6.234965,6.2929960000000005,6.332629,6.352278,6.33389,6.279954,6.2071439999999996,6.09319200000001
"IIASA-WiC POP 2023","SSP1","Iran","Population","million",86.990161,90.565796,93.76470400000011,96.31075500000011,98.3864639999999,100.164458,101.542815,102.42707000000001,102.63186,102.161732,101.12333100000001,99.573727,97.555352,95.124887,92.428678,89.66783000000001,86.9794459999999
"IIASA-WiC POP 2023","SSP1","Iraq","Population","million",42.042956,46.643886,50.927226000000005,54.933769,58.637607,62.038931,64.972816,67.405398,69.28845100000011,70.665852,71.6039500000001,72.204412,72.48757099999989,72.4419759999999,72.0424,71.261466,69.880418
"IIASA-WiC POP 2023","SSP1","Iceland","Population","million",0.36433000000000004,0.376536,0.38701599999999997,0.396534,0.40488299999999905,0.41253199999999995,0.41973699999999997,0.42565800000000004,0.43046399999999996,0.434351,0.437257,0.43896799999999997,0.438977,0.43505000000000005,0.42633800000000005,0.414601999999999,0.40246899999999997
"IIASA-WiC POP 2023","SSP1","Israel","Population","million",8.685595,9.358264,10.006966,10.640517000000001,11.280434999999999,11.9383,12.590547,13.210142,13.777984,14.298676,14.783279,15.240373,15.669295,16.061709999999998,16.409614,16.709874,16.962579
"IIASA-WiC POP 2023","SSP1","Italy","Population","million",59.639898,58.994817999999896,58.385998,57.869008,57.430045,57.052433,56.692641,56.132304,55.336733,54.31826,53.183824,52.001389,50.785672,49.36679,47.739837,45.866626,43.790974000000006
"IIASA-WiC POP 2023","SSP1","Jamaica","Population","million",2.814476,2.8294360000000003,2.838272,2.829674,2.803344,2.763556,2.711243,2.646166,2.569842,2.489216,2.404206,2.315284,2.222263,2.125706,2.026847,1.9270930000000002,1.821815
"IIASA-WiC POP 2023","SSP1","Jordan","Population","million",10.817082000000001,11.83881,12.806540000000002,13.693453,14.472276,15.162998,15.7162,16.132086,16.407632000000003,16.578166000000003,16.658284,16.658625,16.569211,16.392986,16.131308999999998,15.793120000000002,15.383930000000001
"IIASA-WiC POP 2023","SSP1","Japan","Population","million",125.542768,122.666144,119.848495,116.91472,113.880401,110.825023,107.861371,105.019382,102.18469400000001,99.17218700000001,95.8411249999999,92.145835,88.2118899999999,84.237347,80.339448,76.4460889999999,72.261192
"IIASA-WiC POP 2023","SSP1","Kazakhstan","Population","million",18.861057000000002,19.714857000000002,20.42809,20.98294,21.427310000000002,21.809985,22.08512,22.204438,22.142176,21.979649000000002,21.763080000000002,21.515456999999998,21.244867,20.95112,20.640938,20.318891,19.972811000000004
"IIASA-WiC POP 2023","SSP1","Kenya","Population","million",51.460216,56.535373,61.574145,66.30564999999991,70.553117,74.445929,78.016,80.879947,83.077088,84.600802,85.489219,85.82358900000001,85.664722,85.038413,83.949312,82.37480599999999,80.3515950000001
"IIASA-WiC POP 2023","SSP1","Kyrgyzstan","Population","million",6.372332999999999,6.86403900000001,7.278079,7.631034,7.938207,8.213718,8.42393999999999,8.558852000000002,8.618168,8.627937000000012,8.604279,8.551314,8.46746100000001,8.357286,8.224988,8.08196799999999,7.929847
"IIASA-WiC POP 2023","SSP1","Cambodia","Population","million",16.296273,17.198845000000002,17.90469,18.439518,18.795026000000004,18.984544000000003,19.019396,18.923752,18.722221,18.441109,18.069324,17.597309000000003,17.036048,16.4183,15.769733,15.087772000000001,14.358086
"IIASA-WiC POP 2023","SSP1","Kiribati","Population","million",0.12525799999999998,0.135272,0.14331200000000002,0.149362,0.15396600000000002,0.158198,0.16148500000000002,0.163272,0.163170999999999,0.161765,0.159552,0.156834,0.153725,0.15017000000000003,0.145983,0.14119299999999999,0.135936
"IIASA-WiC POP 2023","SSP1","South Korea","Population","million",51.858125,51.545979,51.113908,50.51364100000001,49.660188000000005,48.594758999999996,47.410029,45.860154,43.938435,41.845167000000004,39.727470000000004,37.634713000000005,35.610867999999996,33.648959000000005,31.687913,29.68334,27.660117
"IIASA-WiC POP 2023","SSP1","Kuwait","Population","million",4.468361,4.7224840000000015,4.9295279999999995,5.102863,5.249776,5.371810000000001,5.453073000000001,5.482246,5.457776,5.375326,5.245572,5.087782000000001,4.921811,4.761916,4.61402100000001,4.471388,4.314092
"IIASA-WiC POP 2023","SSP1","Laos","Population","million",7.265649000000001,7.714072000000001,8.06235600000001,8.325835999999999,8.509295999999999,8.626327,8.664784000000012,8.635947,8.548375,8.415252,8.24209300000001,8.029527,7.781326,7.505229000000001,7.212560000000001,6.910506000000001,6.603357
"IIASA-WiC POP 2023","SSP1","Lebanon","Population","million",5.694528,5.918074,6.173795,6.390747,6.56371300000001,6.704747,6.799304,6.843304,6.846754,6.818925,6.767152,6.692059,6.594622,6.470328999999999,6.317172999999999,6.131921999999999,5.911832
"IIASA-WiC POP 2023","SSP1","Liberia","Population","million",5.034186,5.61709,6.192076,6.73815099999999,7.238695,7.70545500000001,8.135284,8.501419,8.793523000000011,9.027117,9.193566,9.298121,9.342909,9.33636,9.277941,9.16716600000001,9.005075999999999
"IIASA-WiC POP 2023","SSP1","Libya","Population","million",6.61202,7.011573,7.369099999999991,7.6846890000000005,7.963955,8.206833000000001,8.388067,8.498242000000001,8.546267000000011,8.549089,8.517644,8.464414000000001,8.391904,8.300398,8.187669,8.04611,7.840821
"IIASA-WiC POP 2023","SSP1","Saint Lucia","Population","million",0.17891800000000002,0.180361,0.181711999999999,0.181932999999999,0.18099099999999999,0.179258,0.17679599999999998,0.173595,0.16971899999999998,0.165303,0.16046100000000002,0.155307,0.14986000000000002,0.144042,0.137851,0.131332,0.12457499999999999
"IIASA-WiC POP 2023","SSP1","Sri Lanka","Population","million",21.683158,22.178511,22.491830000000004,22.664775000000002,22.702265,22.630692,22.439969,22.138226,21.739213,21.28267,20.784436000000003,20.244992999999997,19.672132,19.073279,18.448213,17.788763,17.077432
"IIASA-WiC POP 2023","SSP1","Lesotho","Population","million",2.239604,2.346968,2.441213,2.516361,2.570369,2.6093900000000003,2.6393690000000003,2.646192,2.6288910000000003,2.593895,2.546334,2.4892279999999998,2.4244630000000003,2.3535589999999997,2.277983,2.198594999999999,2.11613
"IIASA-WiC POP 2023","SSP1","Lithuania","Population","million",2.835902,2.728898,2.59293,2.467359,2.351795,2.249615,2.156076,2.063493,1.9708610000000002,1.885256,1.8084559999999992,1.7408350000000001,1.681147,1.626528,1.574571,1.525127,1.479317
"IIASA-WiC POP 2023","SSP1","Luxembourg","Population","million",0.626072,0.655563999999999,0.6776329999999999,0.698523,0.71872,0.739360000000001,0.760813,0.7792800000000001,0.7936199999999991,0.8023759999999991,0.806582999999999,0.807160999999999,0.8044409999999991,0.797763,0.786353,0.770134,0.7498739999999999
"IIASA-WiC POP 2023","SSP1","Latvia","Population","million",1.907241,1.8392979999999999,1.7423700000000002,1.655948,1.5826419999999999,1.52153,1.468127,1.416695,1.366234999999999,1.318225,1.273692,1.232726,1.194568,1.1579030000000001,1.122142,1.087427,1.053335
"IIASA-WiC POP 2023","SSP1","Macao","Population","million",0.6700170000000001,0.698996,0.7241549999999991,0.7456939999999991,0.765031,0.783304,0.8005180000000001,0.812565999999999,0.818813999999999,0.818056999999999,0.812367,0.802419,0.787319999999999,0.765574,0.7363700000000001,0.7011149999999999,0.6631349999999999
"IIASA-WiC POP 2023","SSP1","Morocco","Population","million",36.488841,38.242349000000004,39.574725,40.555855,41.181302,41.548567000000006,41.662368,41.546826,41.196055,40.669337,39.963325,39.104682000000004,38.122657,37.062365,35.938790000000004,34.756594,33.506154
"IIASA-WiC POP 2023","SSP1","Moldova","Population","million",3.095022,3.054987,2.930903,2.806804999999999,2.695192,2.597439,2.506688999999999,2.414777,2.319852,2.226743,2.136337,2.049527,1.966975,1.889624,1.8188469999999999,1.755358,1.697484
"IIASA-WiC POP 2023","SSP1","Madagascar","Population","million",27.879129000000002,30.972335,33.814690000000006,36.417713000000006,38.749195,40.927698,42.856146,44.447428,45.708256999999996,46.661828,47.31936,47.67845,47.7594029999999,47.585558,47.167080000000006,46.524104,45.659839999999996
"IIASA-WiC POP 2023","SSP1","Maldives","Population","million",0.510881,0.5463129999999999,0.575569,0.600352999999999,0.623047,0.645081,0.664895999999999,0.6805249999999999,0.6911329999999991,0.695823,0.6953269999999999,0.689327,0.6766230000000001,0.655601,0.625672,0.589067,0.550963
"IIASA-WiC POP 2023","SSP1","Mexico","Population","million",125.61046400000001,129.914073,134.159843,137.497658,139.859824,141.481031,142.271093,142.286774,141.517707,140.171775,138.35748999999998,136.145881,133.58829,130.69368300000002,127.41683,123.67436900000001,119.20933000000001
"IIASA-WiC POP 2023","SSP1","North Macedonia","Population","million",2.114026,2.09658,2.104813,2.10326,2.091255,2.073055,2.051061,2.026007,1.996705,1.962101,1.921816,1.8764280000000002,1.827054,1.7749290000000002,1.7209459999999992,1.665337,1.6072229999999998
"IIASA-WiC POP 2023","SSP1","Mali","Population","million",20.886783,24.0226,27.152883000000003,30.242021,33.166342,35.982685,38.560811,40.838687,42.753493999999996,44.411363,45.803836000000004,46.900180999999996,47.716352,48.160703999999996,48.239937,47.947159,47.352913
"IIASA-WiC POP 2023","SSP1","Malta","Population","million",0.509586,0.517807,0.522265,0.523338,0.521999,0.520402,0.520135999999999,0.5193490000000001,0.5170170000000001,0.511923,0.503998,0.493137999999999,0.47928799999999905,0.462329,0.44231000000000004,0.42001600000000006,0.39722
"IIASA-WiC POP 2023","SSP1","Myanmar","Population","million",53.227974,54.692843,55.545026,55.774534,55.46526600000001,54.871141,54.0193619999999,52.899184999999996,51.5152009999999,49.945664,48.20939,46.348622000000006,44.416769,42.42975,40.415049,38.380004,36.350256
"IIASA-WiC POP 2023","SSP1","Montenegro","Population","million",0.629888,0.6489510000000001,0.642207,0.635433,0.6293919999999991,0.624109,0.618933,0.612870999999999,0.6054319999999991,0.596866999999999,0.5874119999999999,0.5772189999999999,0.566290999999999,0.554584,0.542055,0.528524,0.5136689999999999
"IIASA-WiC POP 2023","SSP1","Mongolia","Population","million",3.26646,3.489631,3.672135,3.83569999999999,3.98362,4.125733,4.25361,4.350093,4.403839,4.4278140000000015,4.427314,4.408153,4.375832000000001,4.333838,4.283204,4.2248660000000005,4.15433
"IIASA-WiC POP 2023","SSP1","Mozambique","Population","million",30.720751,34.623201,38.306134,41.802237999999996,45.0477539999999,48.136365,51.032201,53.537935,55.5957109999999,57.229642,58.46898,59.262008,59.627026,59.537961,59.060191,58.228303999999994,57.067382
"IIASA-WiC POP 2023","SSP1","Mauritania","Population","million",4.440927999999999,4.94814,5.430528000000001,5.882255,6.292560000000001,6.677778,7.01997800000001,7.3096200000000096,7.539396,7.718432,7.847323000000011,7.921838,7.941188,7.915541,7.848287,7.741105,7.595884
"IIASA-WiC POP 2023","SSP1","Martinique","Population","million",0.37095000000000006,0.366388,0.363318,0.36029000000000005,0.35586599999999996,0.349464999999999,0.341159,0.33185699999999996,0.322370999999999,0.314050999999999,0.30717,0.301707,0.297593,0.29443199999999997,0.291661,0.288566,0.28450400000000003
"IIASA-WiC POP 2023","SSP1","Mauritius","Population","million",1.296971,1.296867,1.293531,1.28275,1.263145999999999,1.237145,1.205799,1.170736,1.133321,1.094924,1.055622,1.015188,0.973746,0.9316089999999999,0.888578,0.8441130000000001,0.798132
"IIASA-WiC POP 2023","SSP1","Malawi","Population","million",19.120889,21.560463,24.033505,26.477566,28.765282,30.945422999999998,32.986778,34.776199,36.285519,37.51766000000001,38.474613,39.131589999999996,39.502572,39.588496,39.433215,39.053502,38.459271
"IIASA-WiC POP 2023","SSP1","Malaysia","Population","million",33.003633,34.63479,36.057746,37.253025999999906,38.20735500000001,39.010717,39.6494269999999,40.099542,40.327771,40.308131,40.054413000000004,39.576917,38.881730000000005,37.976364000000004,36.883324,35.639154000000005,34.269428
"IIASA-WiC POP 2023","SSP1","Mayotte","Population","million",0.300354,0.353311,0.409359,0.46827399999999997,0.530245,0.597967,0.669584,0.7434079999999991,0.8180700000000001,0.8957240000000001,0.9769760000000001,1.062253,1.151445,1.244005,1.3394300000000001,1.437778,1.539126
"IIASA-WiC POP 2023","SSP1","Namibia","Population","million",2.467078,2.6687719999999997,2.866474,3.039741,3.19361,3.3349729999999997,3.465659999999999,3.5673529999999998,3.634104,3.674842,3.6908250000000002,3.6874830000000003,3.666664,3.629201,3.575793,3.507149,3.4262040000000002
"IIASA-WiC POP 2023","SSP1","New Caledonia","Population","million",0.285619,0.298937,0.310256,0.319996,0.328621,0.336283,0.342568,0.34723200000000004,0.350105,0.351255999999999,0.350991,0.349649,0.347377,0.344132999999999,0.339899,0.33469499999999996,0.32854099999999997
"IIASA-WiC POP 2023","SSP1","Niger","Population","million",23.88169,28.190963,32.628959,37.259930999999995,41.98260500000001,46.86098799999991,51.737853,56.428045,60.798747000000006,64.843676,68.511571,71.763571,74.49280799999991,76.70782799999999,78.3303199999999,79.325878,79.65152400000001
"IIASA-WiC POP 2023","SSP1","Nigeria","Population","million",205.78060000000002,229.852373,253.94968400000002,278.447702,302.922708,327.985524,352.490682,375.145812,395.42821999999995,413.69399400000003,429.857721,443.82546699999904,455.27543199999997,463.719429,469.144718,471.258104,470.322197
"IIASA-WiC POP 2023","SSP1","Nicaragua","Population","million",6.709703999999999,7.113985,7.434656,7.684798,7.8606760000000016,7.9785410000000105,8.040868,8.050132,8.003833,7.9200760000000106,7.798595000000001,7.646392,7.467135000000001,7.2671459999999986,7.048897,6.815802,6.57038
"IIASA-WiC POP 2023","SSP1","Netherlands","Population","million",17.402279,17.593344000000002,17.740095,17.853214,17.912811,17.939353,17.956688999999997,17.9332,17.875711,17.79984,17.726112,17.661194,17.488516,17.203237,16.757510999999997,16.1969,15.587331
"IIASA-WiC POP 2023","SSP1","Norway","Population","million",5.367948,5.5090319999999995,5.630858,5.752307,5.8707910000000005,5.990145000000001,6.114796,6.217322,6.3002,6.363842,6.414296,6.453523000000001,6.466100000000001,6.421398,6.3133610000000004,6.155666,5.97663300000001
"IIASA-WiC POP 2023","SSP1","Nepal","Population","million",28.999223,30.449720000000003,31.536240000000003,32.25275,32.663357,32.891189,32.933508,32.7926649999999,32.460787,32.020444,31.480218,30.849424,30.134672,29.332636,28.445675,27.480617,26.460725999999998
"IIASA-WiC POP 2023","SSP1","New Zealand","Population","million",5.026485,5.179719,5.320312,5.44632300000001,5.558697,5.6636440000000015,5.75846500000001,5.830785,5.881366,5.912314,5.928573,5.93086000000001,5.916339,5.8791329999999995,5.812703000000001,5.71507,5.591247
"IIASA-WiC POP 2023","SSP1","Oman","Population","million",4.589135000000001,4.970959,5.30328,5.575344,5.80453,6.022205,6.219227,6.370798,6.457618000000001,6.474302,6.42345599999999,6.310675000000001,6.14769000000001,5.946664,5.7303190000000015,5.5239709999999995,5.343091999999999
"IIASA-WiC POP 2023","SSP1","Pakistan","Population","million",225.11285900000001,247.104441,268.49856800000003,288.411711,306.178175,322.58478499999995,337.34152600000004,349.658201,359.420456,366.77864600000004,371.86490100000003,374.702953,375.332789,374.045992,371.111065,366.707083,361.065196
"IIASA-WiC POP 2023","SSP1","Panama","Population","million",4.265542000000001,4.519875,4.742109,4.9293900000000015,5.074619,5.190215,5.267190999999999,5.31076200000001,5.324327,5.311833,5.276041,5.217270000000001,5.139003,5.04136,4.926317,4.792559000000001,4.6380859999999995
"IIASA-WiC POP 2023","SSP1","Peru","Population","million",33.090275000000005,34.42158800000001,35.63315600000001,36.535477,37.106465,37.463895,37.597374,37.517521,37.212572,36.725877000000004,36.076966,35.294635,34.40861,33.437716,32.392201,31.278278999999998,30.097351
"IIASA-WiC POP 2023","SSP1","Philippines","Population","million",111.287624,119.12782399999999,126.242915,132.344421,137.275001,141.372144,144.50322,146.54403299999998,147.410718,147.459239,146.823212,145.528039,143.657168,141.150142,138.052825,134.45694,130.455992
"IIASA-WiC POP 2023","SSP1","Papua New Guinea","Population","million",9.648816,10.575531999999999,11.391503,12.10868,12.726481,13.26584,13.711477,14.042273,14.258690000000001,14.350047,14.339257,14.236323,14.04718,13.767357,13.403731,12.961382,12.451878
"IIASA-WiC POP 2023","SSP1","Poland","Population","million",38.477961,39.036739000000004,38.288269,37.531,36.800216,36.111613,35.47124900000001,34.77287200000001,34.022349999999996,33.219701,32.354907,31.421466000000002,30.434776000000003,29.427019,28.438651999999998,27.504335,26.638594
"IIASA-WiC POP 2023","SSP1","Puerto Rico","Population","million",3.2802189999999998,3.109398,2.949227,2.793815,2.643256,2.500388,2.368431,2.242492,2.124443,2.017965,1.9221240000000002,1.8347479999999998,1.753002,1.674254,1.596471,1.517687,1.43622
"IIASA-WiC POP 2023","SSP1","North Korea","Population","million",25.813238000000002,26.389567,26.520393000000002,26.375192,26.096804000000002,25.736812000000004,25.325888,24.83289,24.175212,23.399777,22.596639,21.822191,21.075253,20.317565,19.515130000000003,18.674331,17.831874
"IIASA-WiC POP 2023","SSP1","Portugal","Population","million",10.298401,10.204767,10.091938,9.999283,9.912706,9.829836,9.745159,9.643614,9.520724,9.374863,9.21451000000001,9.043231,8.86314,8.667707,8.427129,8.158792,7.844634
"IIASA-WiC POP 2023","SSP1","Paraguay","Population","million",6.573036,6.966914,7.319945,7.59448,7.803572,7.95629700000001,8.053818,8.088517,8.068371,8.012961,7.92500300000001,7.8060420000000015,7.654783,7.476108000000011,7.273258,7.052985000000009,6.817639000000002
"IIASA-WiC POP 2023","SSP1","Palestine","Population","million",4.961984,5.525055999999999,6.046585,6.513914,6.920234000000001,7.284020000000001,7.5978259999999995,7.8395410000000005,8.008361,8.12361700000001,8.193863000000011,8.232766,8.24552100000001,8.23000300000001,8.191376,8.126758,8.04106000000001
"IIASA-WiC POP 2023","SSP1","French Polynesia","Population","million",1.009624,1.047824,1.079251,1.102781,1.118633,1.128269,1.130787,1.124315,1.110004,1.093041999999999,1.074742,1.055893,1.036697,1.017016,0.9970029999999991,0.9773970000000001,0.958294
"IIASA-WiC POP 2023","SSP1","Qatar","Population","million",2.828629,3.114137,3.377005999999999,3.6271880000000003,3.8716,4.111611,4.33381300000001,4.528696,4.687507,4.78417,4.817093,4.78351400000001,4.682315,4.517071,4.302414,4.063908,3.8268839999999997
"IIASA-WiC POP 2023","SSP1","R?union","Population","million",0.95352,0.9995580000000001,1.036106,1.066037,1.092226,1.114215,1.130804,1.142054,1.147999,1.150398,1.151003,1.151095,1.1506750000000001,1.149271,1.145732,1.139053,1.1280109999999999
"IIASA-WiC POP 2023","SSP1","Romania","Population","million",19.489725,18.903018,18.353227999999998,17.776024000000003,17.208465,16.651182000000002,16.096826,15.537032,14.947066999999999,14.334249,13.718200999999999,13.135047,12.603287,12.120130999999999,11.677595,11.272234000000001,10.884117
"IIASA-WiC POP 2023","SSP1","Russian Federation","Population","million",145.761661,145.478734,143.719747,142.125179,140.916139,140.180117,139.63154699999998,138.77307199999998,137.527192,135.896105,133.980856,131.850918,129.537593,127.06640300000001,124.52403500000001,121.99511,119.40095
"IIASA-WiC POP 2023","SSP1","Rwanda","Population","million",12.987328999999999,14.477236000000001,15.899695,17.212013,18.402129000000002,19.521794999999997,20.577416000000003,21.471165000000003,22.182599,22.706899000000003,23.054165,23.222338,23.228829,23.108973000000002,22.876698,22.526948,22.062502000000002
"IIASA-WiC POP 2023","SSP1","Saudi Arabia","Population","million",36.229969,39.066014,41.474542,43.50830200000001,45.176588,46.546378,47.562841999999996,48.195796,48.416014000000004,48.199927,47.597211,46.699207,45.632547,44.493323,43.299769999999995,42.011545,40.612745000000004
"IIASA-WiC POP 2023","SSP1","Sudan","Population","million",43.82806,49.4242749999999,54.714978,59.681742999999905,64.29018,68.75693,72.96831,76.73372800000011,79.943565,82.59955599999999,84.68623500000011,86.163831,87.15323500000001,87.605615,87.6229469999999,87.21755999999989,86.41919800000011
"IIASA-WiC POP 2023","SSP1","Senegal","Population","million",16.215468,18.159217,19.985609,21.734012,23.369212,24.955187000000002,26.401089,27.628488,28.622830000000004,29.425465,30.047648000000002,30.497452000000003,30.759827,30.821858000000002,30.708019,30.434998,30.007752
"IIASA-WiC POP 2023","SSP1","Singapore","Population","million",5.893521,6.111457000000001,6.30717399999999,6.46550299999999,6.5844059999999995,6.672664,6.73810600000001,6.7691620000000015,6.765771,6.71554900000001,6.628426000000011,6.50937900000001,6.358952,6.173777,5.9496839999999995,5.685509,5.385256999999999
"IIASA-WiC POP 2023","SSP1","Solomon Islands","Population","million",0.6828970000000001,0.7604139999999999,0.8308920000000001,0.895408,0.9536600000000001,1.006558,1.05164,1.087871,1.114277,1.133131,1.143649,1.147011,1.14294,1.132787,1.116843,1.095138,1.067335
"IIASA-WiC POP 2023","SSP1","Sierra Leone","Population","million",8.140207,8.987843000000021,9.744185,10.412266,10.982867,11.473449,11.866386,12.145413000000001,12.304114,12.360598,12.319911000000001,12.183687,11.968509000000001,11.684528,11.336608,10.935468,10.491324
"IIASA-WiC POP 2023","SSP1","El Salvador","Population","million",6.280916,6.346643,6.374959,6.350055999999999,6.27831300000001,6.178698000000001,6.04910300000001,5.8909009999999995,5.7057590000000005,5.516140999999999,5.323843,5.130419,4.9350249999999996,4.73758,4.536631000000001,4.332645,4.12985
"IIASA-WiC POP 2023","SSP1","Somalia","Population","million",16.272863,18.719237,21.156023,23.599987000000002,26.013768,28.474858,30.839298,32.964416,34.780030000000004,36.388680999999906,37.80636499999991,39.021859,40.001534,40.705372000000004,41.130485999999905,41.263093000000005,41.156059
"IIASA-WiC POP 2023","SSP1","Serbia","Population","million",7.384063,7.163313,7.066351,6.969339,6.8671310000000005,6.77256999999999,6.687035,6.6052990000000005,6.517595999999999,6.411455,6.287449000000009,6.150721,6.007270000000001,5.860513,5.70961,5.551774000000001,5.382987
"IIASA-WiC POP 2023","SSP1","South Sudan","Population","million",10.545439,10.957703,11.340931000000001,11.70593,11.983407999999999,12.126825,12.085787,11.906955,11.652642,11.412474,11.179416999999999,10.93099,10.654026,10.355587,10.046699,9.73505700000001,9.433555
"IIASA-WiC POP 2023","SSP1","Sao Tome and Principe","Population","million",0.21622000000000002,0.23537899999999998,0.252567,0.267690999999999,0.280127,0.29062200000000005,0.298500999999999,0.30335300000000004,0.30540300000000004,0.30544400000000005,0.303576,0.30020199999999997,0.295815,0.29052,0.284145,0.276563,0.26784600000000003
"IIASA-WiC POP 2023","SSP1","Suriname","Population","million",0.603807,0.630332,0.6537319999999991,0.672103999999999,0.6851539999999999,0.694467,0.6998570000000011,0.701102999999999,0.6982829999999991,0.692488999999999,0.684416999999999,0.674466999999998,0.6626770000000001,0.6492060000000011,0.633753,0.616530999999999,0.597402999999999
"IIASA-WiC POP 2023","SSP1","Slovakia","Population","million",5.457542,5.503828,5.471634,5.419272,5.35358400000001,5.286736,5.219755,5.14710600000001,5.062112,4.961305999999999,4.845412,4.718564000000001,4.587777,4.458691,4.332711000000001,4.2101939999999995,4.091438
"IIASA-WiC POP 2023","SSP1","Slovenia","Population","million",2.116256,2.116476,2.108536999999999,2.098262,2.087504,2.077277,2.064583,2.046567,2.022865,1.993386,1.960349,1.9248340000000002,1.886362,1.8443800000000001,1.799059999999999,1.7513260000000002,1.7014079999999998
"IIASA-WiC POP 2023","SSP1","Sweden","Population","million",10.321414,10.576524,10.788196000000001,10.989644,11.199385000000001,11.439699000000001,11.710792,11.958148,12.168593999999999,12.337106,12.478963,12.600196,12.682869,12.645715000000001,12.462916,12.178139999999999,11.878889
"IIASA-WiC POP 2023","SSP1","Eswatini","Population","million",1.17422,1.227938,1.278133,1.317175,1.344165,1.362519,1.372635,1.36856,1.351014,1.3271410000000001,1.2977400000000001,1.263283,1.224289,1.181767,1.136907,1.090333,1.042637
"IIASA-WiC POP 2023","SSP1","Seychelles","Population","million",0.105011,0.10875000000000001,0.11189600000000001,0.114219,0.11564400000000001,0.11634000000000001,0.11629300000000001,0.11553400000000001,0.114142,0.112235,0.10988800000000001,0.107192,0.10418600000000001,0.10093099999999901,0.09745899999999999,0.09378399999999999,0.08988399999999999
"IIASA-WiC POP 2023","SSP1","Syria","Population","million",20.486035,21.963562000000003,23.438043,24.910554,26.193322000000002,27.250217000000003,28.035011,28.617949,29.045485000000003,29.38041,29.623012,29.768027,29.808999,29.740971000000002,29.565549999999998,29.225509,28.431777
"IIASA-WiC POP 2023","SSP1","Chad","Population","million",16.37919,18.890702,21.306238,23.716396,26.069481,28.395386,30.617681,32.66429,34.476451999999995,36.079769,37.44501,38.577729,39.429019999999994,40.022574999999996,40.302986,40.257808,39.910165
"IIASA-WiC POP 2023","SSP1","Togo","Population","million",8.34223400000001,9.263771000000009,10.107595,10.876246,11.558313,12.180389,12.711988999999999,13.138710999999999,13.447539,13.669153,13.788984000000001,13.818829,13.756017,13.61598,13.405967,13.130317999999999,12.794167999999999
"IIASA-WiC POP 2023","SSP1","Thailand","Population","million",71.389373,71.957839,71.9723389999999,71.434518,70.3344510000001,68.8179110000001,66.88635000000001,64.596446,62.054949,59.367981,56.612684,53.821870000000004,51.0161,48.189925,45.350905,42.531081,39.76188
"IIASA-WiC POP 2023","SSP1","Tajikistan","Population","million",9.44281400000001,10.358902,11.156065,11.879801,12.532634999999999,13.11133,13.547574000000001,13.843591,14.010833000000002,14.094747,14.102365,14.033286,13.889216000000001,13.686881,13.437453,13.153526,12.833936
"IIASA-WiC POP 2023","SSP1","Turkmenistan","Population","million",6.20436199999999,6.684292999999999,7.058319000000001,7.359778,7.614166,7.84402000000001,8.029726,8.142828,8.183178,8.166727999999999,8.111975000000001,8.028917999999999,7.919447,7.784235,7.62656,7.451296999999999,7.258125
"IIASA-WiC POP 2023","SSP1","Timor-Leste","Population","million",1.289747,1.385974,1.4757989999999999,1.554116,1.6168969999999998,1.6668509999999999,1.703295,1.724482,1.7296070000000001,1.722633,1.7055660000000001,1.678723999999999,1.642407,1.595567,1.5393759999999999,1.476629,1.410752
"IIASA-WiC POP 2023","SSP1","Tonga","Population","million",0.10487600000000001,0.10744100000000001,0.108977999999999,0.109624,0.10950900000000001,0.10875000000000001,0.10727400000000001,0.104916,0.10175000000000001,0.09863300000000001,0.09579000000000001,0.09330200000000001,0.091086,0.089117,0.087264,0.085522,0.08385200000000001
"IIASA-WiC POP 2023","SSP1","Trinidad and Tobago","Population","million",1.5139010000000002,1.525123,1.5249519999999999,1.515174,1.496883,1.473407,1.4434339999999999,1.407726,1.36683,1.3230870000000001,1.276849,1.228364,1.1779760000000001,1.127666,1.079386999999999,1.033645,0.9898309999999999
"IIASA-WiC POP 2023","SSP1","Tunisia","Population","million",12.106245000000001,12.582908,12.945655,13.170159,13.300148,13.386837,13.418521,13.371860999999999,13.237003000000001,13.028712,12.764690000000002,12.462235000000002,12.133675,11.787031,11.42957,11.068582000000001,10.703766
"IIASA-WiC POP 2023","SSP1","Turkey","Population","million",83.811677,86.994139,89.68733300000011,91.805109,93.4594690000001,94.7264,95.4475570000001,95.602022,95.1381840000001,94.199632,92.8917189999999,91.260743,89.362711,87.24419800000001,84.95062299999991,82.530317,80.0227759999999
"IIASA-WiC POP 2023","SSP1","Taiwan","Population","million",23.800895,23.49916,23.119519,22.631945,21.99661,21.253434000000002,20.451087,19.556708,18.615772,17.680839,16.746596,15.805379,14.888698,14.02499,13.233685,12.517541,11.868116
"IIASA-WiC POP 2023","SSP1","Tanzania","Population","million",60.771967,69.624166,78.321695,86.8190360000001,94.99971099999999,103.113219,110.99163,118.012106,124.121045,129.401588,133.826841,137.510874,140.278679,142.054033,142.8726,142.844777,142.035538
"IIASA-WiC POP 2023","SSP1","Uganda","Population","million",43.685862,50.387623,57.158693999999905,63.794383,70.1088029999999,76.31830599999999,82.340147,87.67842999999999,92.32968699999991,96.365894,99.8616470000001,102.64765700000001,104.67884600000001,105.931465,106.452909,106.368314,105.743529
"IIASA-WiC POP 2023","SSP1","Ukraine","Population","million",44.090697999999996,36.441953000000005,37.078571000000004,37.173939,36.8287779999999,36.198788,35.443579,34.607941,33.734907,32.817082000000006,31.862742,30.882749,29.885273,28.881743,27.895119,26.943414,26.010035000000002
"IIASA-WiC POP 2023","SSP1","Uruguay","Population","million",3.428267,3.404360999999999,3.3813359999999992,3.350739,3.3092040000000003,3.259353,3.198036,3.124045,3.038503,2.946859,2.851063,2.7514339999999997,2.647859,2.5398229999999993,2.425992,2.304138,2.172128
"IIASA-WiC POP 2023","SSP1","United States","Population","million",335.388236,342.06196700000004,349.790925,357.289528,364.160468,370.461952,376.146515,380.486425,383.958568,386.82395299999996,389.355282,391.39441800000003,392.501973,392.18633,390.155587,386.290251,379.99306
"IIASA-WiC POP 2023","SSP1","Uzbekistan","Population","million",33.243472000000004,35.887748,38.051671000000006,39.8509239999999,41.413228000000004,42.8393359999999,43.998470000000005,44.744542,45.069996,45.090556,44.898623,44.519044,43.954775000000005,43.229188,42.396432999999995,41.508936999999996,40.559546000000005
"IIASA-WiC POP 2023","SSP1","Saint Vincent and the Grenadines","Population","million",0.104708,0.10174200000000001,0.09991599999999999,0.09764199999999901,0.095014,0.09222899999999999,0.089088,0.085666,0.082066,0.078629,0.075408,0.072368,0.06950200000000001,0.06676,0.06414,0.0616,0.059121999999999994
"IIASA-WiC POP 2023","SSP1","Venezuela","Population","million",28.628829000000003,29.676842,30.708936,31.56181,32.157703000000005,32.552676,32.7457,32.771634,32.651206,32.411702000000005,32.080905,31.674214,31.198826,30.660411,30.048469,29.333923,28.379591
"IIASA-WiC POP 2023","SSP1","United States Virgin Islands","Population","million",0.100544,0.098106,0.09582500000000001,0.09359300000000001,0.09141600000000001,0.08955,0.08791399999999999,0.086385999999999,0.08487,0.083414,0.08204,0.08078,0.079529,0.07820600000000001,0.076704,0.074767,0.07230800000000001
"IIASA-WiC POP 2023","SSP1","Viet Nam","Population","million",96.203591,99.528542,101.921791,103.35915700000001,104.050865,104.264622,104.02358000000001,103.269286,101.903186,100.000229,97.663654,95.0057429999999,92.115153,89.03434299999999,85.77721400000001,82.373354,78.87173699999991
"IIASA-WiC POP 2023","SSP1","Vanuatu","Population","million",0.30798000000000003,0.340536,0.36968700000000004,0.39657000000000003,0.42099000000000003,0.443885,0.46382899999999905,0.47984000000000004,0.49206500000000003,0.5010789999999999,0.5070950000000001,0.510164,0.5109319999999999,0.509672,0.506475,0.501388,0.494104
"IIASA-WiC POP 2023","SSP1","Samoa","Population","million",0.21306200000000003,0.22531500000000002,0.234619,0.24134000000000003,0.24569100000000002,0.248651999999999,0.24975399999999998,0.24847699999999998,0.244939,0.24099500000000001,0.236893,0.23291,0.22932000000000002,0.226079,0.223,0.220086,0.21722200000000003
"IIASA-WiC POP 2023","SSP1","Yemen","Population","million",31.927134,35.484692,38.856445,41.866366,44.496403,46.892453,48.954724999999996,50.601577,51.818037,52.621568,52.985122000000004,52.943189,52.584133,51.986067999999904,51.174073,50.146369,48.885445000000004
"IIASA-WiC POP 2023","SSP1","South Africa","Population","million",58.466146,60.8474630000001,63.369771,65.3282640000001,66.734077,67.75891800000001,68.479779,68.67589100000001,68.361416,67.62625,66.4908189999999,64.99326400000001,63.13889100000001,61.005762999999895,58.673651,56.218309999999995,53.66643800000001
"IIASA-WiC POP 2023","SSP1","Zambia","Population","million",18.654917,21.124714,23.523813999999998,25.833801,27.994078000000002,30.049499,31.969323,33.62281900000001,34.990825,36.067992,36.85960300000001,37.360839,37.564473,37.516176,37.228193,36.694839,35.935687
"IIASA-WiC POP 2023","SSP1","Zimbabwe","Population","million",15.505219,16.906624,18.221,19.398377,20.405206,21.305494,22.076741000000002,22.631342,22.948610000000002,23.096791000000003,23.095202,22.999812000000002,22.827051,22.576613000000002,22.229534,21.793275,21.274708999999998
"IIASA-WiC POP 2023","SSP2","Aruba","Population","million",0.10666400000000001,0.108773,0.11108000000000001,0.113276,0.115413,0.117422,0.11927399999999999,0.12113000000000002,0.12320600000000001,0.125164,0.126975,0.128472,0.129443,0.12985300000000002,0.12968100000000002,0.128913,0.127495
"IIASA-WiC POP 2023","SSP2","Afghanistan","Population","million",38.326031,44.165117,50.402282,56.790519,63.199314,69.513279,75.6200940000001,81.388008,86.71659600000001,91.547885,95.72759200000012,99.21278699999989,101.86582399999999,103.700568,104.968886,105.77567200000001,106.116831
"IIASA-WiC POP 2023","SSP2","Angola","Population","million",32.899002,38.359026,44.109038999999996,50.164672,56.447914,62.758739999999996,68.99630400000001,75.0302940000001,80.844842,86.25498900000001,91.113125,95.404473,98.970686,101.727378,103.61931200000001,104.90878599999999,105.655693
"IIASA-WiC POP 2023","SSP2","Albania","Population","million",2.8721300000000003,2.7928919999999993,2.71529,2.615463,2.502981,2.385456999999999,2.267882,2.152949,2.042264,1.943096,1.854005,1.7723389999999992,1.695654,1.6226559999999992,1.5528620000000002,1.489053,1.434299
"IIASA-WiC POP 2023","SSP2","United Arab Emirates","Population","million",9.247554000000001,9.792072000000001,10.293678,10.718208,11.07734,11.401145000000001,11.694125,11.916954,12.033813,11.994423000000001,11.802186,11.482985000000001,11.086581,10.672362999999999,10.285696,9.951524999999991,9.647250000000009
"IIASA-WiC POP 2023","SSP2","Argentina","Population","million",44.908440999999996,46.046193,47.225774,48.320108999999995,49.298657,50.120031000000004,50.764316,51.224476,51.456343000000004,51.493465,51.364513,51.0831,50.655860000000004,50.092879,49.413354,48.6379,47.798229
"IIASA-WiC POP 2023","SSP2","Armenia","Population","million",2.812494,2.761986,2.718854,2.66552,2.611725,2.561087,2.511292,2.461032,2.4103,2.364189,2.321901,2.281937,2.243057,2.206341,2.175424,2.152321,2.135211
"IIASA-WiC POP 2023","SSP2","Antigua and Barbuda","Population","million",0.092375,0.09545200000000001,0.09811299999999999,0.10031100000000001,0.101983999999999,0.103085,0.103738,0.10400899999999999,0.10405700000000001,0.10379200000000001,0.103223,0.10234900000000001,0.10111,0.09947600000000001,0.09745799999999999,0.095124,0.09246800000000001
"IIASA-WiC POP 2023","SSP2","Australia","Population","million",25.544183,26.566333,27.552490000000002,28.470408,29.338964,30.196575000000003,31.068778,31.882165,32.636666000000005,33.290315,33.854980000000005,34.329252999999994,34.697285,34.930597999999996,35.026830000000004,35.013541,34.921482000000005
"IIASA-WiC POP 2023","SSP2","Austria","Population","million",8.901099999999989,9.044760000000009,9.105749,9.151673,9.18961,9.230024,9.265948999999999,9.28067800000001,9.277235000000001,9.256742000000001,9.233559999999999,9.203610000000001,9.15243400000001,9.072690000000001,8.969118,8.850121999999999,8.721110000000001
"IIASA-WiC POP 2023","SSP2","Azerbaijan","Population","million",10.273527,10.492207,10.72857,10.942531,11.101501,11.172021,11.165344,11.110897000000001,11.032795,10.931864,10.801252,10.639155,10.450946,10.254524,10.059084,9.868492,9.67347400000001
"IIASA-WiC POP 2023","SSP2","Burundi","Population","million",12.053895,13.674714999999999,15.345504000000002,17.092855,18.884931,20.644617,22.312141,23.830484000000002,25.184777999999998,26.400351,27.462038,28.367764,29.082452,29.58976,29.935215,30.146453,30.243984
"IIASA-WiC POP 2023","SSP2","Belgium","Population","million",11.54127,11.693097999999999,11.812401,11.938724,12.073326,12.209279,12.342674,12.444478,12.529361000000002,12.600789,12.667786,12.727955,12.7667,12.771939,12.742308999999999,12.686045,12.607799000000002
"IIASA-WiC POP 2023","SSP2","Benin","Population","million",12.466822,14.282402000000001,16.188294,18.149674,20.150897,22.150927,24.124734,26.018254000000002,27.777822,29.437378000000002,30.944002,32.301941,33.436750999999994,34.368729,35.0773519999999,35.614166,36.006835
"IIASA-WiC POP 2023","SSP2","Burkina Faso","Population","million",21.23189,24.190355,27.353587,30.679949,34.126978,37.596482,40.991427,44.182561,47.1678519999999,49.968755,52.568110000000004,54.936993,56.997398000000004,58.6857,60.014636,61.079608,61.969979
"IIASA-WiC POP 2023","SSP2","Bangladesh","Population","million",166.42699100000002,175.528001,183.373437,189.54784400000003,194.161517,197.348858,199.283419,200.108812,199.771685,198.396591,196.09223300000002,193.032804,189.393574,185.262633,180.753927,176.005054,171.297294
"IIASA-WiC POP 2023","SSP2","Bulgaria","Population","million",7.02023900000001,6.678009,6.423876,6.18287100000001,5.957062,5.747942,5.558138,5.380608,5.209718,5.042848,4.881818,4.729388,4.592736,4.473836,4.373131000000001,4.28454300000001,4.196335
"IIASA-WiC POP 2023","SSP2","Bahrain","Population","million",1.494035,1.62411,1.744216,1.856027,1.9622169999999999,2.061001,2.148983,2.220679999999999,2.274202,2.302458,2.306893,2.290422,2.257669,2.215613,2.170595,2.124603,2.07402
"IIASA-WiC POP 2023","SSP2","Bahamas","Population","million",0.405769,0.41547799999999996,0.425289,0.433851999999999,0.440395,0.444828,0.44723700000000005,0.44786099999999995,0.44717599999999996,0.44526099999999996,0.442368,0.43844299999999903,0.433284,0.426799,0.419049,0.4103,0.400918
"IIASA-WiC POP 2023","SSP2","Bosnia and Herzegovina","Population","million",3.340977,3.180792,3.062876,2.9369449999999997,2.806279,2.6762420000000002,2.551093,2.433531,2.323629,2.223739,2.132193,2.047539,1.9700989999999998,1.8995570000000002,1.835761,1.777366,1.7225359999999998
"IIASA-WiC POP 2023","SSP2","Belarus","Population","million",9.661039,9.393647000000001,9.216821,9.04871900000001,8.899873,8.77219100000001,8.651725,8.5224,8.386822,8.246501,8.107916,7.971994,7.836704,7.702511,7.570721,7.437816,7.293725
"IIASA-WiC POP 2023","SSP2","Belize","Population","million",0.392424,0.423803,0.45470900000000003,0.48236000000000007,0.5065959999999999,0.528199,0.547594,0.564693,0.5794509999999999,0.5912109999999999,0.599851999999999,0.605154,0.607607,0.607429999999999,0.604987000000001,0.600637,0.594581
"IIASA-WiC POP 2023","SSP2","Bolivia","Population","million",11.862352000000001,12.619884,13.441895,14.2089,14.887058000000001,15.478812,15.959772000000001,16.323379000000003,16.587176,16.77615,16.894955999999997,16.950125,16.929754000000003,16.847473,16.713304,16.540170999999997,16.33551
"IIASA-WiC POP 2023","SSP2","Brazil","Population","million",212.564938,217.561951,222.22066800000002,225.602922,227.643791,228.382237,227.81337100000002,226.154079,223.527486,219.98681,215.662394,210.670582,205.115032,199.309975,193.427095,187.625721,182.011177
"IIASA-WiC POP 2023","SSP2","Barbados","Population","million",0.280426,0.282569,0.284049,0.28454599999999997,0.283904999999999,0.282393,0.280221,0.277932,0.275929,0.27400399999999997,0.27208000000000004,0.270097,0.267976,0.265513,0.262778,0.25977,0.256305
"IIASA-WiC POP 2023","SSP2","Brunei Darussalam","Population","million",0.439894,0.46132199999999995,0.48020199999999996,0.49661099999999997,0.510817,0.52283,0.532415,0.5393359999999999,0.543887,0.545824999999999,0.5458459999999999,0.5445569999999991,0.542353,0.539468,0.53612,0.532319,0.527779
"IIASA-WiC POP 2023","SSP2","Bhutan","Population","million",0.769996999999999,0.797728,0.822626,0.8434139999999991,0.8589930000000001,0.868655,0.872347,0.870574,0.8637659999999999,0.8515,0.833716,0.8109230000000001,0.7843380000000011,0.7553390000000001,0.725807999999999,0.6965480000000001,0.668015999999999
"IIASA-WiC POP 2023","SSP2","Botswana","Population","million",2.523551,2.7333410000000002,2.932169,3.114883,3.276831,3.415210999999999,3.520959,3.592893,3.638584,3.661269,3.6634979999999997,3.64825,3.61358,3.563921,3.497433,3.419253,3.331365
"IIASA-WiC POP 2023","SSP2","Central African Republic","Population","million",5.272024,6.099697,7.04011499999999,8.039502,9.056415999999999,10.071138000000001,11.083715,12.067404000000002,13.008605,13.905094,14.745262,15.514895000000001,16.202266,16.804812000000002,17.302789,17.703283,18.035757
"IIASA-WiC POP 2023","SSP2","Canada","Population","million",37.758236,38.643509,39.443004,40.185866000000004,40.862898,41.505006,42.171046000000004,42.738774,43.273856,43.765387000000004,44.224157,44.601110999999996,44.846438000000006,44.926913,44.839693,44.615118,44.290476000000005
"IIASA-WiC POP 2023","SSP2","Switzerland","Population","million",8.606425999999999,8.848779,9.018386000000001,9.173428,9.32610300000001,9.490568,9.67349200000001,9.83761200000001,9.976905,10.084758,10.178735000000001,10.263333000000001,10.331051,10.373223,10.387667,10.376593999999999,10.341987
"IIASA-WiC POP 2023","SSP2","Chile","Population","million",19.206692,19.581017,19.949889,20.227035,20.394901,20.457771,20.438799,20.329918000000003,20.131603,19.854625000000002,19.514107,19.111552,18.652048999999998,18.14083,17.592384,17.030712,16.482444
"IIASA-WiC POP 2023","SSP2","China","Population","million",1423.9980170000001,1426.370434,1416.272717,1398.856023,1375.702412,1345.324433,1306.025392,1257.592713,1203.2158140000001,1146.749636,1091.65903,1038.70914,986.647114,935.604942999999,887.408687000001,842.783736000001,800.2158090000011
"IIASA-WiC POP 2023","SSP2","C?te d'Ivoire","Population","million",26.477572000000002,29.761586,33.078738,36.366531,39.543985,42.554585,45.332577,47.861013,50.08073,52.02046300000001,53.6708639999999,54.986079,55.948571,56.671344,57.207693,57.565195,57.730669999999996
"IIASA-WiC POP 2023","SSP2","Cameroon","Population","million",26.137122,29.624645,33.201023,36.782301,40.324686999999905,43.795730000000006,47.105848,50.1985569999999,52.968345,55.413945,57.536364000000006,59.190071,60.455875999999996,61.305912,61.814446000000004,62.043666,62.014443
"IIASA-WiC POP 2023","SSP2","Democratic Republic of the Congo","Population","million",91.33195500000011,107.545141,125.550613,144.875029,165.357483,186.686544,208.416277,230.056603,251.273724,271.61503700000003,290.858518,308.709722,324.72992800000003,338.71074300000004,349.973542,358.57795600000003,364.55469
"IIASA-WiC POP 2023","SSP2","Congo","Population","million",5.635288,6.343073,7.073203,7.8196259999999995,8.560861000000001,9.274492,9.950906000000002,10.571254000000001,11.124508,11.621461,12.045011,12.376665000000001,12.622091000000001,12.796559,12.905469,12.950438,12.934565000000001
"IIASA-WiC POP 2023","SSP2","Colombia","Population","million",50.617025999999996,52.418803000000004,54.193535000000004,55.597123,56.625133000000005,57.273481000000004,57.593308,57.636127,57.435914,57.018611,56.394002,55.572196000000005,54.532819,53.348143,52.08693,50.818419999999996,49.607447
"IIASA-WiC POP 2023","SSP2","Comoros","Population","million",0.798327,0.880909000000001,0.9633510000000001,1.043395,1.120933,1.194869,1.263599,1.324686,1.376028,1.419503,1.452683,1.477546,1.493277,1.502721,1.5071489999999992,1.506713,1.501228
"IIASA-WiC POP 2023","SSP2","Cabo Verde","Population","million",0.579929,0.608097999999999,0.6341669999999999,0.6553979999999999,0.672566,0.6853219999999991,0.6938489999999999,0.698079,0.6984450000000001,0.695847999999999,0.690381999999999,0.6819879999999999,0.671257,0.6585960000000001,0.645025,0.631761,0.6195200000000001
"IIASA-WiC POP 2023","SSP2","Costa Rica","Population","million",5.105361,5.256654,5.40906700000001,5.537746,5.639492000000001,5.711679,5.75103800000001,5.761894000000001,5.749131,5.714681,5.659395000000001,5.579778,5.476208000000009,5.351755,5.21436,5.071476,4.92783100000001
"IIASA-WiC POP 2023","SSP2","Cuba","Population","million",11.309226,11.210609,11.143224,11.033626,10.885102999999999,10.693628,10.466029,10.199303,9.909868000000001,9.617715,9.34777,9.10336900000001,8.880806000000002,8.659248999999999,8.439485000000001,8.22275,8.021937
"IIASA-WiC POP 2023","SSP2","Cura?ao","Population","million",0.188601,0.19491799999999998,0.201296,0.20728200000000002,0.21282700000000002,0.21803000000000003,0.22302000000000002,0.228009,0.233128,0.237429,0.240642,0.242453,0.24267899999999998,0.241287,0.23844200000000002,0.23427299999999998,0.229056999999999
"IIASA-WiC POP 2023","SSP2","Cyprus","Population","million",1.233777,1.284648,1.315722,1.342555,1.3683450000000001,1.394777,1.421568,1.443391,1.45923,1.466256,1.465152,1.456386,1.4398710000000001,1.417,1.390674,1.363848,1.336744
"IIASA-WiC POP 2023","SSP2","Czechia","Population","million",10.537908,10.850736000000001,10.712527,10.556370999999999,10.419177,10.318603999999999,10.246019,10.176889,10.085363,9.951602999999999,9.78497500000001,9.61517500000001,9.464674,9.339462,9.230338,9.128555,9.02137700000001
"IIASA-WiC POP 2023","SSP2","Germany","Population","million",83.267652,83.60216700000001,83.0180049999999,82.4260400000001,81.8918360000001,81.4261849999999,80.9611430000001,80.439044,79.880692,79.28470600000001,78.73916700000001,78.189718,77.50963800000001,76.643921,75.64690399999999,74.5844399999999,73.461989
"IIASA-WiC POP 2023","SSP2","Djibouti","Population","million",1.082341,1.154040999999999,1.223673,1.28833,1.345524,1.3937300000000001,1.429303,1.4542709999999999,1.468795,1.4761229999999999,1.47797,1.4746839999999999,1.465015,1.4496069999999999,1.428774,1.403997,1.376307
"IIASA-WiC POP 2023","SSP2","Denmark","Population","million",5.810771,5.903406,5.965484000000001,6.019892,6.066407,6.112497999999999,6.170291000000001,6.226603,6.284472,6.341729000000001,6.401049,6.461122,6.516046999999999,6.555937,6.57722500000001,6.586453000000001,6.591498
"IIASA-WiC POP 2023","SSP2","Dominican Republic","Population","million",10.939341,11.536841,12.06765,12.519174000000001,12.880615,13.146143,13.344914000000001,13.484746,13.570572,13.605326999999999,13.592163000000001,13.539076,13.448394,13.33164,13.1934,13.039716,12.870055
"IIASA-WiC POP 2023","SSP2","Algeria","Population","million",43.0909919999999,46.733634,49.867678999999995,52.621892,55.228058,57.747062,60.088849,61.957572999999904,63.274284,64.0752,64.568813,64.933188,65.246545,65.49538700000001,65.605348,65.532883,65.2168449999999
"IIASA-WiC POP 2023","SSP2","Ecuador","Population","million",17.487158,18.413718,19.312022000000002,20.080171999999997,20.701763,21.206407,21.603459,21.892063999999998,22.071312000000002,22.148377,22.127966,22.007437000000003,21.799422,21.515577,21.174346000000003,20.79176,20.392899000000003
"IIASA-WiC POP 2023","SSP2","Egypt","Population","million",106.538717,116.005325,125.575277,135.24820499999998,145.029721,154.453769,163.109902,170.865632,177.736816,183.488565,188.16967499999998,192.031397,195.18917000000002,197.617954,199.49619,200.615357,200.998176
"IIASA-WiC POP 2023","SSP2","Eritrea","Population","million",3.5236520000000002,3.855973,4.210737,4.56125800000001,4.884220999999999,5.163302,5.400743,5.60053000000001,5.766146,5.908201,6.01367,6.08047,6.121454,6.145,6.154909,6.150452,6.134956
"IIASA-WiC POP 2023","SSP2","Western Sahara","Population","million",0.551241,0.5972579999999991,0.638517000000001,0.675972999999999,0.7104909999999981,0.741823,0.7703439999999999,0.795312,0.8161470000000001,0.8305669999999999,0.8393600000000001,0.8438439999999999,0.8449979999999999,0.8426429999999999,0.8359919999999991,0.8242389999999999,0.8071749999999991
"IIASA-WiC POP 2023","SSP2","Spain","Population","million",47.329955000000005,47.598974000000005,47.816495,48.092955,48.462368000000005,48.903998,49.404292999999996,49.6562649999999,49.652169,49.382894,48.974681,48.545449999999995,48.197021,47.939424,47.666288,47.255732,46.641708
"IIASA-WiC POP 2023","SSP2","Estonia","Population","million",1.329091,1.347619,1.312066,1.279828,1.25315,1.2319689999999999,1.214035,1.196167,1.177536,1.158096,1.138542999999999,1.119557,1.101276,1.083918,1.0675270000000001,1.051895,1.035654
"IIASA-WiC POP 2023","SSP2","Ethiopia","Population","million",115.638354,130.850616,146.755321,162.798196,178.592356,193.921538,208.76871599999998,222.918487,236.175227,247.804581,257.76227900000004,265.654141,271.690966,276.343792,279.794283,282.00419,282.97309999999896
"IIASA-WiC POP 2023","SSP2","Finland","Population","million",5.525213,5.536631000000001,5.514054,5.493576,5.476837000000001,5.466088,5.472194000000001,5.469405,5.468866,5.47653600000001,5.492871,5.508154999999999,5.513268,5.505796,5.488167000000001,5.467093,5.447237
"IIASA-WiC POP 2023","SSP2","Fiji","Population","million",0.9180899999999991,0.9419269999999991,0.9594739999999999,0.9703399999999991,0.9755319999999991,0.9743719999999999,0.967337999999999,0.956677,0.9429500000000001,0.9290390000000001,0.9142099999999991,0.899212,0.8853749999999999,0.872541999999999,0.861395999999999,0.851313,0.842553999999998
"IIASA-WiC POP 2023","SSP2","France","Population","million",64.45775499999999,65.109831,65.7760990000001,66.526038,67.310237,68.010744,68.605575,69.08641300000001,69.54232300000011,69.99743599999991,70.469078,70.9756440000001,71.488333,71.950782,72.3526550000001,72.6900599999999,72.904084
"IIASA-WiC POP 2023","SSP2","Micronesia","Population","million",0.6408830000000001,0.6681539999999999,0.6929550000000001,0.7130850000000001,0.7276659999999999,0.737591,0.742337999999999,0.742105000000001,0.7380669999999999,0.733306,0.7282219999999999,0.723117,0.7173780000000001,0.7111339999999999,0.7039930000000001,0.6965049999999999,0.6891649999999999
"IIASA-WiC POP 2023","SSP2","Gabon","Population","million",2.267994,2.51207,2.749452,2.977551,3.196819,3.403677999999999,3.5924570000000102,3.759455,3.897917,4.005381,4.083545,4.142689000000001,4.186152,4.21204,4.218951,4.203391,4.168251000000001
"IIASA-WiC POP 2023","SSP2","United Kingdom","Population","million",66.95117200000001,67.8424499999999,68.714622,69.598155,70.55808900000001,71.633531,72.805339,73.7572920000001,74.54658400000011,75.238571,75.941693,76.6425889999999,77.224094,77.585617,77.72841199999999,77.729072,77.64390300000001
"IIASA-WiC POP 2023","SSP2","Georgia","Population","million",3.769183,3.622011,3.467493,3.315187,3.176139999999999,3.045592,2.917098,2.787264,2.657959,2.542821,2.442838,2.356198,2.281049,2.217927,2.167593,2.12927,2.099188
"IIASA-WiC POP 2023","SSP2","Ghana","Population","million",31.849247,35.288684,38.789279,42.306971,45.8547,49.364322,52.754449,55.856260000000006,58.69867,61.211171,63.461477,65.404849,66.98786099999991,68.242553,69.208485,69.897463,70.336118
"IIASA-WiC POP 2023","SSP2","Guinea","Population","million",13.041590000000001,14.621533,16.22879,17.812535,19.348530999999998,20.820667,22.191518000000002,23.443081,24.553787,25.515379000000003,26.320698,26.941513,27.407041000000003,27.705703000000003,27.909818,28.032336,28.081109
"IIASA-WiC POP 2023","SSP2","Guadeloupe","Population","million",0.39509299999999997,0.39771300000000004,0.40096800000000005,0.402313,0.40177100000000004,0.39903500000000003,0.39499,0.390870999999999,0.38714699999999996,0.38445799999999997,0.382955,0.38272799999999996,0.38381099999999996,0.385735,0.387741,0.38908000000000004,0.389522
"IIASA-WiC POP 2023","SSP2","Gambia","Population","million",2.541048,2.843592,3.16198,3.489243,3.807984,4.112768,4.392756,4.64270599999999,4.856701,5.042642,5.199052,5.320889,5.407698000000001,5.468826,5.50622200000001,5.521885,5.516582
"IIASA-WiC POP 2023","SSP2","Guinea-Bissau","Population","million",1.993302,2.214933,2.436382,2.650341,2.854294,3.042869,3.210291,3.353369,3.4733,3.568298,3.6373940000000102,3.680417,3.701766,3.705672,3.6930069999999997,3.6660209999999998,3.6262790000000003
"IIASA-WiC POP 2023","SSP2","Equatorial Guinea","Population","million",1.578364,1.790913,2.009487,2.23177,2.453547999999999,2.6712439999999997,2.879736,3.072473,3.245223,3.39421,3.514952,3.6069679999999993,3.667773,3.705597,3.719835,3.7097800000000003,3.674441
"IIASA-WiC POP 2023","SSP2","Greece","Population","million",10.543345,10.364506,10.207336999999999,10.07285,9.962682000000001,9.866413000000001,9.777108,9.666943999999999,9.537877,9.38964,9.23385200000001,9.079751,8.935612999999991,8.801385000000009,8.668512000000002,8.523276,8.354149
"IIASA-WiC POP 2023","SSP2","Grenada","Population","million",0.12316099999999999,0.126244,0.12822899999999998,0.129389,0.130328,0.131123,0.131526999999999,0.131492,0.130933,0.130197,0.12933799999999998,0.12825,0.12687099999999998,0.125323,0.12381299999999999,0.122492999999999,0.121348
"IIASA-WiC POP 2023","SSP2","Guatemala","Population","million",17.231175,18.589745999999998,19.997080999999998,21.288756000000003,22.452734,23.452085,24.268326000000002,24.903085,25.394031,25.76571,26.011544999999998,26.122207,26.089229,25.938863,25.695909,25.380174,25.020612
"IIASA-WiC POP 2023","SSP2","French Guiana","Population","million",0.287814,0.32185199999999903,0.35533800000000004,0.387799,0.418859,0.44821099999999997,0.476037,0.501678,0.5250170000000001,0.545075999999999,0.561809,0.576525,0.589777,0.601457,0.611449,0.6189559999999991,0.624107
"IIASA-WiC POP 2023","SSP2","Guam","Population","million",0.168571,0.17320500000000003,0.17757799999999999,0.18140299999999998,0.18426599999999901,0.18609599999999998,0.18676299999999998,0.186449,0.185756,0.185402999999999,0.185387,0.185673,0.18591000000000002,0.18601299999999998,0.185941,0.185668,0.185304
"IIASA-WiC POP 2023","SSP2","Guyana","Population","million",0.7918449999999999,0.8080619999999991,0.8191959999999999,0.8236129999999999,0.8214840000000001,0.8131129999999991,0.7997999999999991,0.783577,0.765247,0.7480089999999999,0.7317449999999991,0.7161130000000001,0.700866,0.6860959999999999,0.672089,0.659242,0.647983
"IIASA-WiC POP 2023","SSP2","Hong Kong","Population","million",7.501908,7.536144,7.54838500000001,7.531552,7.497698000000001,7.457727,7.430903000000001,7.384854000000001,7.3177330000000005,7.222513,7.111795,6.988843,6.85035000000001,6.698204,6.53365500000001,6.358687,6.173015
"IIASA-WiC POP 2023","SSP2","Honduras","Population","million",10.041782999999999,10.827342000000002,11.589368,12.279935,12.874724,13.372031000000002,13.792085,14.140120000000001,14.411518000000001,14.606827,14.714894000000001,14.74258,14.698715,14.599860000000001,14.454841,14.275117,14.071302
"IIASA-WiC POP 2023","SSP2","Croatia","Population","million",4.114644,3.980382,3.8479389999999993,3.722464,3.602983,3.491355,3.389205,3.296089,3.211836,3.13464,3.062038,2.991861,2.924182,2.85968,2.798442,2.738736,2.678769
"IIASA-WiC POP 2023","SSP2","Haiti","Population","million",11.234504999999999,12.017601,12.775291,13.459056,14.049158,14.550625,14.938181,15.197974,15.335469,15.393235,15.388419,15.332519000000001,15.230642,15.084507,14.898046,14.677027,14.434372999999999
"IIASA-WiC POP 2023","SSP2","Hungary","Population","million",9.77012300000001,9.592223,9.41456400000001,9.21786200000001,9.01572000000001,8.82066800000001,8.642232,8.471972000000012,8.298476,8.104340999999991,7.89572200000001,7.686991,7.490731,7.306893,7.125736,6.944295,6.760879
"IIASA-WiC POP 2023","SSP2","Indonesia","Population","million",270.825846,280.692742,290.581858,298.639088,304.633211,308.59807,310.601252,311.20934600000004,310.507499,308.65983,305.830237,302.177569,297.658723,292.39994,286.517043,280.119902,273.35429100000005
"IIASA-WiC POP 2023","SSP2","India","Population","million",1389.966394,1445.47956,1501.725398,1548.067501,1583.6869720000002,1607.694646,1620.357947,1625.061994,1622.5716869999999,1612.14253,1594.675807,1570.0237350000002,1539.493031,1504.980714,1468.261304,1430.1665859999998,1391.6079730000001
"IIASA-WiC POP 2023","SSP2","Ireland","Population","million",4.925076,5.124533,5.268354,5.419332000000001,5.582294,5.752461,5.92236600000001,6.065372,6.181563000000001,6.273234,6.351009,6.421942,6.490833999999999,6.558123,6.617374,6.658726,6.675874
"IIASA-WiC POP 2023","SSP2","Iran","Population","million",86.990161,90.692745,94.11039000000011,96.8870169999999,99.19628200000001,101.127318,102.60685600000001,103.547374,103.77647999999999,103.294673,102.219966,100.633024,98.684343,96.60197900000001,94.618495,92.80778900000011,91.05531500000001
"IIASA-WiC POP 2023","SSP2","Iraq","Population","million",42.042956,47.025375999999994,52.081213000000005,57.1679319999999,62.266854,67.14589200000009,71.655929,75.803427,79.503136,82.659764,85.298442,87.543751,89.4199710000001,90.9080050000001,91.98222500000001,92.648106,92.92982
"IIASA-WiC POP 2023","SSP2","Iceland","Population","million",0.36433000000000004,0.376546,0.38708699999999996,0.39669999999999905,0.40524000000000004,0.41289499999999996,0.420224,0.42653699999999906,0.43224700000000005,0.43740300000000004,0.441892,0.445573,0.44825400000000004,0.44981899999999997,0.450370999999999,0.45044799999999996,0.45074899999999996
"IIASA-WiC POP 2023","SSP2","Israel","Population","million",8.685595,9.371669,10.047227000000001,10.720463,11.417633,12.138389,12.864616999999999,13.575750000000001,14.256941000000001,14.90709,15.537051,16.158644,16.773649000000002,17.377295,17.96332,18.528908,19.074909
"IIASA-WiC POP 2023","SSP2","Italy","Population","million",59.639898,58.929315,58.185707,57.526648,56.9515660000001,56.415383999999996,55.883874000000006,55.142851,54.224943,53.187158000000004,52.19509,51.358998,50.687047,50.087421000000006,49.440929,48.679481,47.78132
"IIASA-WiC POP 2023","SSP2","Jamaica","Population","million",2.814476,2.835098,2.8543380000000003,2.858815,2.847448,2.8199870000000002,2.779395,2.727815,2.668157,2.605489999999999,2.536261,2.461506,2.383114999999999,2.304611,2.229835,2.161781,2.101298
"IIASA-WiC POP 2023","SSP2","Jordan","Population","million",10.817082000000001,11.892438,12.967838,14.015562000000001,15.003772999999999,15.905055,16.663736,17.291579000000002,17.790983,18.198412,18.52753,18.781767,18.934908,18.994043,18.964060000000003,18.864548,18.708034
"IIASA-WiC POP 2023","SSP2","Japan","Population","million",125.542768,122.472771,119.347805,116.05067600000001,112.665705,109.262976,105.98169500000002,102.852048,99.73362900000001,96.43999099999999,92.954799,89.435694,86.1483079999999,83.172694,80.41215700000001,77.734792,75.0409
"IIASA-WiC POP 2023","SSP2","Kazakhstan","Population","million",18.861057000000002,19.790316,20.637039,21.383288,22.091892,22.758026,23.345916000000003,23.80198,24.089312000000003,24.280133000000003,24.430649000000003,24.565841000000002,24.695178000000002,24.809450000000002,24.902153,24.960043000000002,24.968828000000002
"IIASA-WiC POP 2023","SSP2","Kenya","Population","million",51.460216,56.832555,62.459708,68.05702099999999,73.4181410000001,78.424499,83.049673,87.11555100000001,90.68687,93.561948,95.75439200000001,97.38586500000001,98.56796200000001,99.337161,99.69259700000009,99.5850359999999,99.073995
"IIASA-WiC POP 2023","SSP2","Kyrgyzstan","Population","million",6.372332999999999,6.897407,7.373004,7.815358000000001,8.244617,8.652121,9.003106000000011,9.28649200000001,9.500026,9.662043,9.793302999999991,9.899759,9.97881500000001,10.035615,10.067414000000001,10.081247,10.07531
"IIASA-WiC POP 2023","SSP2","Cambodia","Population","million",16.296273,17.300449,18.197945,18.977511,19.616709,20.075758999999998,20.392743,20.602701,20.720372,20.742696,20.651101,20.447703,20.158903,19.817535,19.436076,19.002906,18.518886
"IIASA-WiC POP 2023","SSP2","Kiribati","Population","million",0.12525799999999998,0.13609100000000002,0.145627999999999,0.153674,0.160804,0.167629,0.173535,0.178007,0.180535,0.181651999999999,0.182005,0.182065,0.181887,0.181326,0.17998699999999998,0.177896,0.175333
"IIASA-WiC POP 2023","SSP2","South Korea","Population","million",51.858125,51.500459000000006,50.981532,50.254042999999996,49.226524,47.921756,46.463411,44.617119,42.474593999999996,40.27092700000001,38.152461,36.148126,34.250874,32.468225,30.747902999999997,29.069959,27.507702000000002
"IIASA-WiC POP 2023","SSP2","Kuwait","Population","million",4.468361,4.735506,4.965097,5.167562,5.349389,5.501607,5.608442,5.660529,5.661994,5.614737,5.543323,5.4691610000000015,5.405680999999999,5.35346,5.300115,5.228879,5.127147
"IIASA-WiC POP 2023","SSP2","Laos","Population","million",7.265649000000001,7.767737,8.216566,8.60222000000001,8.921203,9.164136000000001,9.328206000000009,9.431081,9.479364000000011,9.476075999999999,9.42699,9.338867,9.221556000000001,9.080785,8.927866,8.766963000000011,8.599351
"IIASA-WiC POP 2023","SSP2","Lebanon","Population","million",5.694528,5.93941000000001,6.237539,6.51179900000001,6.754679,6.9621580000000005,7.12303,7.23807400000001,7.325109,7.389493000000001,7.436367000000001,7.457186,7.45097300000001,7.411209,7.33727,7.232638,7.102316
"IIASA-WiC POP 2023","SSP2","Liberia","Population","million",5.034186,5.6531,6.304774999999999,6.96707299999999,7.620953000000001,8.248848000000011,8.833484,9.375448,9.858980000000011,10.290922,10.645558999999999,10.925799000000001,11.130329,11.276877,11.365860000000001,11.404021,11.397480999999999
"IIASA-WiC POP 2023","SSP2","Libya","Population","million",6.61202,7.042007,7.459252999999999,7.85928500000001,8.246988,8.594016,8.87114,9.073917999999999,9.22325,9.339585999999999,9.432396,9.510197999999999,9.566199000000001,9.59657600000001,9.600645000000009,9.579407,9.530381000000009
"IIASA-WiC POP 2023","SSP2","Saint Lucia","Population","million",0.17891800000000002,0.180781,0.18291100000000002,0.184053,0.184083,0.183182999999999,0.18156000000000003,0.179386,0.176792,0.173845,0.170457,0.16669299999999998,0.162576,0.15823199999999998,0.153862,0.149664,0.145727
"IIASA-WiC POP 2023","SSP2","Sri Lanka","Population","million",21.683158,22.224185000000002,22.625438,22.925748,23.130818,23.215761999999998,23.18213,23.056777,22.870563999999998,22.64833,22.400952,22.112799,21.787123,21.436009,21.058246,20.657308,20.234737000000003
"IIASA-WiC POP 2023","SSP2","Lesotho","Population","million",2.239604,2.348771,2.4453709999999997,2.529176,2.597646,2.648958,2.6844669999999997,2.700466,2.696244,2.674951,2.643621,2.605902,2.56389,2.517741,2.468054,2.416165,2.36342
"IIASA-WiC POP 2023","SSP2","Lithuania","Population","million",2.835902,2.725190999999999,2.584324,2.453832,2.334041,2.227561,2.131063,2.03852,1.950333,1.8723889999999992,1.8054700000000001,1.748405,1.699925,1.657608,1.620329,1.5882159999999992,1.56093
"IIASA-WiC POP 2023","SSP2","Luxembourg","Population","million",0.626072,0.655270999999999,0.676875,0.697148999999999,0.716789,0.7366729999999999,0.7576339999999999,0.7762600000000001,0.792223,0.8038259999999999,0.811703,0.8163639999999991,0.8182159999999999,0.817141999999999,0.8129719999999999,0.8059339999999999,0.796458
"IIASA-WiC POP 2023","SSP2","Latvia","Population","million",1.907241,1.8362910000000001,1.73541,1.644957,1.5685319999999998,1.50465,1.4496820000000001,1.39919,1.352161,1.30938,1.270929,1.23679,1.206142,1.178172,1.152433,1.128148,1.103442
"IIASA-WiC POP 2023","SSP2","Macao","Population","million",0.6700170000000001,0.698801,0.723428,0.74397,0.761983,0.778535,0.7942689999999991,0.8053920000000011,0.812279,0.8136500000000001,0.8109930000000001,0.8042600000000001,0.7923979999999999,0.7746700000000001,0.752084,0.726977,0.7008730000000001
"IIASA-WiC POP 2023","SSP2","Morocco","Population","million",36.488841,38.408474999999896,40.053484,41.439919,42.542665,43.361224,43.922494,44.278256,44.430375999999995,44.4217449999999,44.247730000000004,43.945127,43.52469000000001,43.034147,42.469269000000004,41.84187,41.137271999999996
"IIASA-WiC POP 2023","SSP2","Moldova","Population","million",3.095022,3.054306,2.927238,2.7987859999999998,2.6842639999999998,2.5851569999999997,2.4956430000000003,2.406813,2.3168670000000002,2.230099,2.1480230000000002,2.072084,2.002919,1.941106,1.88643,1.836942,1.789549
"IIASA-WiC POP 2023","SSP2","Madagascar","Population","million",27.879129000000002,31.356939,34.976894,38.5838299999999,42.116028,45.578975,48.910574000000004,52.025027,54.916647,57.503786,59.753769999999996,61.632299,63.165612,64.395723,65.329568,65.986185,66.36189999999999
"IIASA-WiC POP 2023","SSP2","Maldives","Population","million",0.510881,0.5481400000000001,0.58072,0.60989,0.6380819999999999,0.665841,0.691438,0.712635999999999,0.7285090000000001,0.7377210000000001,0.7411810000000001,0.738576999999999,0.729634,0.714658,0.695496,0.675045,0.6557969999999991
"IIASA-WiC POP 2023","SSP2","Mexico","Population","million",125.61046400000001,130.410526,135.61856899999998,140.225449,144.09974499999998,147.156731,149.4179,151.052044,152.07494699999998,152.57693400000002,152.594193,152.1555,151.339146,150.23143900000002,148.88929199999998,147.40967300000003,145.73682399999998
"IIASA-WiC POP 2023","SSP2","North Macedonia","Population","million",2.114026,2.095368,2.102641,2.099814,2.086621,2.066589,2.043483,2.019196,1.9938250000000002,1.9655340000000001,1.933135,1.8966020000000001,1.8571360000000001,1.8167559999999998,1.776955,1.738359,1.7003089999999998
"IIASA-WiC POP 2023","SSP2","Mali","Population","million",20.886783,24.361067,28.185196,32.226755000000004,36.353449999999995,40.468642,44.4792549999999,48.364587,52.031898000000005,55.501303,58.717452,61.589275,64.148416,66.233725,67.88058000000011,69.07908500000009,69.973563
"IIASA-WiC POP 2023","SSP2","Malta","Population","million",0.509586,0.517394999999999,0.521192,0.521222,0.5186959999999999,0.5158929999999999,0.5148250000000001,0.5136620000000001,0.511558,0.506869,0.49912399999999996,0.48824700000000004,0.47479099999999996,0.45943500000000004,0.44319899999999995,0.42724700000000004,0.41236700000000004
"IIASA-WiC POP 2023","SSP2","Myanmar","Population","million",53.227974,54.9510139999999,56.293766000000005,57.1176429999999,57.455267,57.43618,57.142286999999996,56.590888,55.8182899999999,54.863617,53.775706,52.609245,51.400842,50.160199,48.914367,47.642896,46.3556119999999
"IIASA-WiC POP 2023","SSP2","Montenegro","Population","million",0.629888,0.648606999999998,0.641303,0.633948,0.6275080000000001,0.621768,0.616509,0.611081999999999,0.605158,0.5985969999999999,0.591421999999999,0.583664,0.5755009999999999,0.5672050000000001,0.55883,0.550218,0.5411910000000001
"IIASA-WiC POP 2023","SSP2","Mongolia","Population","million",3.26646,3.507638,3.723834,3.9339779999999998,4.144921,4.35631300000001,4.561966000000001,4.743358000000001,4.887427,5.004515,5.098864,5.176546,5.244705,5.307226,5.359909,5.398462000000011,5.415383
"IIASA-WiC POP 2023","SSP2","Mozambique","Population","million",30.720751,35.042008,39.5804869999999,44.212085,48.831821000000005,53.367642000000004,57.71061,61.8145549999999,65.59831299999999,68.95959299999991,71.901769,74.257716,76.06049400000009,77.281198,78.06427000000001,78.492873,78.606618
"IIASA-WiC POP 2023","SSP2","Mauritania","Population","million",4.440927999999999,5.009067,5.617850000000001,6.240368999999999,6.859254,7.463389,8.035665,8.570765,9.063221,9.510854,9.909952000000011,10.24213,10.500674000000002,10.705829,10.863391,10.976731,11.04715
"IIASA-WiC POP 2023","SSP2","Martinique","Population","million",0.37095000000000006,0.36630799999999997,0.363261,0.36044000000000004,0.35630900000000004,0.349861,0.34145000000000003,0.332505,0.324563,0.318909,0.315565999999999,0.31384599999999996,0.31322099999999997,0.31311500000000003,0.31315299999999996,0.31305700000000003,0.31263799999999903
"IIASA-WiC POP 2023","SSP2","Mauritius","Population","million",1.296971,1.298576,1.2985060000000002,1.292131,1.277816,1.256065,1.228834,1.199336,1.169785,1.140719,1.110981,1.08003,1.04814,1.016077,0.9843390000000001,0.953585999999999,0.9243880000000001
"IIASA-WiC POP 2023","SSP2","Malawi","Population","million",19.120889,21.722330000000003,24.535521000000003,27.500128,30.483957,33.426739000000005,36.265307,38.9729909999999,41.515265,43.800742,45.813478,47.4860989999999,48.830914,49.830742,50.571400000000004,51.098604,51.426885000000006
"IIASA-WiC POP 2023","SSP2","Malaysia","Population","million",33.003633,34.7236949999999,36.316554,37.751399,39.005419,40.092043,41.01106,41.761295,42.331579,42.682120000000005,42.816839,42.725021,42.421119,41.931209,41.311859,40.612901,39.857
"IIASA-WiC POP 2023","SSP2","Mayotte","Population","million",0.300354,0.35651700000000003,0.41978099999999996,0.49069199999999996,0.5706709999999999,0.6606569999999999,0.760451999999999,0.8700479999999999,0.9897190000000001,1.121701,1.267674999999999,1.429296,1.607845,1.8043580000000001,2.019958,2.256302,2.514847
"IIASA-WiC POP 2023","SSP2","Namibia","Population","million",2.467078,2.679279,2.895841,3.098197,3.2916909999999993,3.471648,3.6350629999999997,3.774733,3.882666,3.965938,4.023963,4.064339,4.090893,4.104625,4.104406,4.087512,4.057537
"IIASA-WiC POP 2023","SSP2","New Caledonia","Population","million",0.285619,0.299236,0.31107399999999996,0.321522999999999,0.33110700000000004,0.339603,0.346659,0.352164,0.356136,0.35868000000000005,0.36019199999999996,0.360919,0.360935,0.36018700000000003,0.35856499999999997,0.356074,0.352767
"IIASA-WiC POP 2023","SSP2","Niger","Population","million",23.88169,28.709452000000002,34.353583,40.754722,47.862938,55.5661579999999,63.821668,72.458723,81.3214119999999,90.19363000000011,98.908467,107.364714,115.3305,122.87874099999999,129.796592,135.947438,141.06274299999998
"IIASA-WiC POP 2023","SSP2","Nigeria","Population","million",205.78060000000002,232.143633,261.136008,292.861361,327.14808000000005,363.29766600000005,400.596112,437.798468,474.466729,510.225273,544.6212219999991,577.4223020000001,608.080367,635.681993,660.151932,680.539640000001,696.729725
"IIASA-WiC POP 2023","SSP2","Nicaragua","Population","million",6.709703999999999,7.15973900000001,7.56443700000001,7.91590199999999,8.204337999999991,8.426388999999999,8.595681,8.717891,8.78898100000001,8.820995000000002,8.810926,8.764918,8.68591900000001,8.586637000000001,8.471738,8.351045000000001,8.230559
"IIASA-WiC POP 2023","SSP2","Netherlands","Population","million",17.402279,17.584106,17.715827,17.810057,17.853432,17.860264,17.863999,17.842416,17.817109000000002,17.801108,17.813034,17.843700000000002,17.860625,17.834112,17.760733000000002,17.652288000000002,17.521714
"IIASA-WiC POP 2023","SSP2","Norway","Population","million",5.367948,5.506803,5.624602,5.741605,5.858022,5.97527999999999,6.100283,6.205077,6.296424,6.37501200000001,6.44931500000001,6.521257999999999,6.582553,6.622369,6.639602,6.6424710000000005,6.636835
"IIASA-WiC POP 2023","SSP2","Nepal","Population","million",28.999223,30.601018,31.96148,33.013760000000005,33.817324,34.435605,34.891008,35.188086000000006,35.295653,35.2683379999999,35.124443,34.872838,34.521499000000006,34.060711000000005,33.523129000000004,32.961513,32.44213
"IIASA-WiC POP 2023","SSP2","New Zealand","Population","million",5.026485,5.180214,5.321757,5.4493800000000014,5.5657060000000005,5.674148000000001,5.775006,5.85921,5.9318680000000015,5.9929650000000105,6.045119,6.085608000000001,6.11068,6.116635,6.102266,6.070444,6.025995
"IIASA-WiC POP 2023","SSP2","Oman","Population","million",4.589135000000001,4.99128100000001,5.3589649999999995,5.677236,5.963025,6.239683,6.497449,6.70579,6.841457,6.896304000000001,6.880418,6.810482,6.713394,6.610222,6.52291,6.452412000000001,6.382848
"IIASA-WiC POP 2023","SSP2","Pakistan","Population","million",225.11285900000001,248.71995900000002,273.61897,298.845689,323.6075,347.457902,370.484613,392.058111,412.123555,429.94959700000004,445.348908,458.123757,468.261235,476.335285,482.800274,487.768657,491.451556
"IIASA-WiC POP 2023","SSP2","Panama","Population","million",4.265542000000001,4.5397789999999905,4.7988990000000005,5.034901,5.238402,5.411609,5.546951,5.653112,5.735564,5.7943180000000005,5.8312550000000005,5.843638,5.835653000000001,5.807453000000001,5.76393,5.705196,5.632357
"IIASA-WiC POP 2023","SSP2","Peru","Population","million",33.090275000000005,34.546681,35.994536999999994,37.2168439999999,38.16931700000001,38.888902,39.38617300000001,39.693603,39.812968000000005,39.757692000000006,39.550013999999905,39.211423,38.760054,38.22769400000001,37.644158000000004,37.015646000000004,36.351131
"IIASA-WiC POP 2023","SSP2","Philippines","Population","million",111.287624,119.754049,128.09757000000002,135.867433,142.85899,149.04640700000002,154.343644,158.617928,161.80742800000002,164.256327,166.08175599999998,167.214079,167.689425,167.365827,166.372414,164.906753,163.138451
"IIASA-WiC POP 2023","SSP2","Papua New Guinea","Population","million",9.648816,10.656870000000001,11.631244,12.557918,13.432214,14.231831,14.94589,15.549522999999999,16.046834999999998,16.414739,16.682565,16.860667000000003,16.951150000000002,16.941509,16.836116999999998,16.640308,16.368978
"IIASA-WiC POP 2023","SSP2","Poland","Population","million",38.477961,39.009406000000006,38.207428,37.377688000000006,36.570066,35.797781,35.098746,34.380014,33.630751,32.834282,31.978964,31.091824000000003,30.228751000000003,29.440769,28.760532,28.185582999999998,27.682684000000002
"IIASA-WiC POP 2023","SSP2","Puerto Rico","Population","million",3.2802189999999998,3.108878,2.948616,2.794148,2.646732,2.507619,2.38244,2.267036999999999,2.164529,2.07681,2.001675,1.93615,1.8772479999999998,1.822411,1.769704,1.717403,1.66472
"IIASA-WiC POP 2023","SSP2","North Korea","Population","million",25.813238000000002,26.398722000000003,26.531975,26.376481000000002,26.077582,25.672252,25.211244,24.682406,24.019682,23.25659,22.484900000000003,21.732924,20.997317,20.258277999999997,19.492185000000003,18.699669999999998,17.918599999999998
"IIASA-WiC POP 2023","SSP2","Portugal","Population","million",10.298401,10.195082000000001,10.066522,9.95644300000001,9.853906,9.7527,9.651121,9.538937000000011,9.42066000000001,9.292971,9.16552,9.04786500000001,8.948879999999999,8.866949,8.78692199999999,8.693437,8.580326
"IIASA-WiC POP 2023","SSP2","Paraguay","Population","million",6.573036,7.002595,7.42377500000001,7.786269000000001,8.103095999999999,8.36103900000001,8.566221,8.709947,8.803358000000001,8.86225500000001,8.886936,8.876858,8.829289000000001,8.754606,8.65974900000001,8.555862,8.444332000000001
"IIASA-WiC POP 2023","SSP2","Palestine","Population","million",4.961984,5.559197,6.149,6.716354000000001,7.253458,7.753619,8.214774,8.61215000000001,8.944619000000001,9.22041299999999,9.44626900000001,9.639946,9.809118999999999,9.950884999999989,10.07432,10.173002,10.255156999999999
"IIASA-WiC POP 2023","SSP2","French Polynesia","Population","million",1.009624,1.050509,1.086979,1.117326,1.1415,1.158631,1.168234,1.168809,1.162243999999999,1.153777,1.144521,1.134933,1.125199,1.115867999999999,1.107313,1.1000969999999999,1.094195
"IIASA-WiC POP 2023","SSP2","Qatar","Population","million",2.828629,3.124126,3.404317,3.67568,3.945268,4.209888,4.455094,4.669551,4.843922,4.949395000000001,4.985601,4.955018,4.866921,4.734286,4.583462000000001,4.434908,4.289886000000011
"IIASA-WiC POP 2023","SSP2","R?union","Population","million",0.95352,1.000767,1.039482,1.072369,1.102571999999999,1.128491,1.149372,1.166164,1.179707,1.191567,1.203279,1.215497,1.227471,1.238464,1.24742,1.253708,1.25678
"IIASA-WiC POP 2023","SSP2","Romania","Population","million",19.489725,18.885438999999998,18.310069,17.702619,17.107246,16.5181,15.936712,15.359781000000002,14.766758,14.169633,13.600067,13.086751000000001,12.632408999999999,12.233466,11.881701999999999,11.563013999999999,11.254584999999999
"IIASA-WiC POP 2023","SSP2","Russian Federation","Population","million",145.761661,145.370496,143.399731,141.56771700000002,140.190142,139.332037,138.756418,137.96865599999998,136.942308,135.623055,134.17839,132.732924,131.31643599999998,129.934473,128.543727,127.044751,125.272058
"IIASA-WiC POP 2023","SSP2","Rwanda","Population","million",12.987328999999999,14.570277,16.198559,17.829131,19.432428,20.978745,22.453391,23.817691,25.057157,26.118632,27.008901,27.706205999999998,28.223672,28.614132,28.900575,29.074080000000002,29.141064999999998
"IIASA-WiC POP 2023","SSP2","Saudi Arabia","Population","million",36.229969,39.222853,41.914676,44.325475,46.439472,48.200253,49.564406000000005,50.536026,51.122322999999994,51.3083549999999,51.200379999999996,50.895884,50.489567,50.021689,49.475763,48.798165000000004,47.984712
"IIASA-WiC POP 2023","SSP2","Sudan","Population","million",43.82806,49.750741999999896,55.691338,61.5039149999999,67.119331,72.6322990000001,77.94211100000001,82.855932,87.27940600000001,91.147048,94.400626,96.937165,98.89410400000001,100.201284,101.033792,101.428301,101.401662
"IIASA-WiC POP 2023","SSP2","Senegal","Population","million",16.215468,18.370252,20.635182,22.977701,25.353058,27.733527,30.039929,32.200520000000004,34.205883,36.054076,37.7355520000001,39.231061000000004,40.491427,41.5104169999999,42.347248,43.024147,43.541351000000006
"IIASA-WiC POP 2023","SSP2","Singapore","Population","million",5.893521,6.109453999999999,6.29884,6.443975000000001,6.542260000000001,6.602497,6.640026,6.650461000000011,6.64251400000001,6.600567,6.530277,6.43407500000001,6.310282,6.1573280000000015,5.97513299999999,5.766198999999999,5.535255
"IIASA-WiC POP 2023","SSP2","Solomon Islands","Population","million",0.6828970000000001,0.7681959999999991,0.8545089999999991,0.9403769999999999,1.025513999999999,1.107442,1.184338,1.254927,1.317437,1.372868,1.4185029999999998,1.4555289999999999,1.482684,1.5023710000000001,1.515212,1.521234,1.5194239999999999
"IIASA-WiC POP 2023","SSP2","Sierra Leone","Population","million",8.140207,9.07070600000001,9.996502000000001,10.896889999999999,11.757062,12.551752,13.273097,13.907014,14.439378000000001,14.863246,15.16746,15.34769,15.434238,15.44472,15.38374,15.262545000000001,15.084406000000001
"IIASA-WiC POP 2023","SSP2","El Salvador","Population","million",6.280916,6.3729190000000004,6.451937,6.486690999999999,6.481059,6.442288000000009,6.372459,6.275701,6.154352,6.027293,5.894678,5.757728,5.616192,5.473626,5.333979999999999,5.20390600000001,5.092686000000009
"IIASA-WiC POP 2023","SSP2","Somalia","Population","million",16.272863,19.019479,22.155721000000003,25.556502000000002,29.174671,32.981654999999996,36.908008,40.862811,44.734722000000005,48.523933,52.182579,55.66677,58.946394999999995,61.9727519999999,64.70877300000001,67.040973,69.03408599999989
"IIASA-WiC POP 2023","SSP2","Serbia","Population","million",7.384063,7.153503,7.0431300000000014,6.931743000000001,6.81667,6.708902,6.613689000000001,6.528644000000001,6.447198,6.35678,6.25772,6.153601,6.04750600000001,5.9410810000000005,5.833971,5.723312,5.604323000000001
"IIASA-WiC POP 2023","SSP2","South Sudan","Population","million",10.545439,11.080722,11.712292,12.407351,13.060431000000001,13.532789000000001,13.780876000000001,13.892473,13.94842,14.017312,14.065938000000001,14.053234000000002,13.977181999999999,13.881935,13.804075000000001,13.75621,13.747551
"IIASA-WiC POP 2023","SSP2","Sao Tome and Principe","Population","million",0.21622000000000002,0.23747100000000002,0.25881400000000004,0.279539,0.298813,0.316417,0.331739,0.34430200000000005,0.35432400000000003,0.362168999999999,0.367724,0.37130900000000006,0.373573,0.374716999999999,0.374533,0.373063,0.37063599999999997
"IIASA-WiC POP 2023","SSP2","Suriname","Population","million",0.603807,0.6332829999999999,0.662353999999999,0.688122,0.710179,0.728564,0.743509999999999,0.755127999999999,0.763602999999999,0.769513999999999,0.773467,0.775578,0.775697,0.7742150000000001,0.770702,0.7657209999999991,0.7593240000000011
"IIASA-WiC POP 2023","SSP2","Slovakia","Population","million",5.457542,5.5019,5.463877,5.40364700000001,5.329502000000001,5.253235,5.17920900000001,5.103883,5.021014,4.92513800000001,4.81805,4.70563,4.599246,4.504478,4.422919,4.35244,4.287439
"IIASA-WiC POP 2023","SSP2","Slovenia","Population","million",2.116256,2.114534,2.103142,2.088584,2.073683,2.058958999999999,2.042508,2.022709,2.000575,1.9756610000000001,1.9499309999999999,1.924056,1.898384,1.8729749999999998,1.847823,1.82244,1.795359
"IIASA-WiC POP 2023","SSP2","Sweden","Population","million",10.321414,10.571058,10.773024,10.965475000000001,11.175051999999999,11.420128,11.70294,11.967348,12.20743,12.418030000000002,12.617617000000001,12.810313,12.979937,13.103605,13.178967,13.229018,13.272286000000001
"IIASA-WiC POP 2023","SSP2","Eswatini","Population","million",1.17422,1.2309350000000001,1.286336,1.3337379999999999,1.371311,1.398685,1.4134600000000002,1.414835,1.403959,1.3880460000000001,1.367945999999999,1.3441830000000001,1.317318,1.287974,1.257252,1.225954,1.19577
"IIASA-WiC POP 2023","SSP2","Seychelles","Population","million",0.105011,0.10905000000000001,0.112714,0.11578000000000001,0.118173,0.119779,0.12070499999999999,0.121074,0.12097899999999999,0.12049399999999999,0.11969099999999999,0.11865,0.11740600000000001,0.11600400000000001,0.114369,0.11242400000000001,0.11012899999999999
"IIASA-WiC POP 2023","SSP2","Syria","Population","million",20.486035,22.103796,23.891654,25.825292,27.654454,29.231383,30.500528,31.584941999999998,32.562424,33.492449999999906,34.335672,35.047216,35.595311,35.965038,36.179535,36.223321000000006,36.127648
"IIASA-WiC POP 2023","SSP2","Chad","Population","million",16.37919,19.218825000000002,22.31516,25.670817,29.235324000000002,32.898866999999996,36.610216,40.2944019999999,43.8676439999999,47.299203999999996,50.5261789999999,53.547055,56.2445659999999,58.669543,60.693832,62.26790200000001,63.409584
"IIASA-WiC POP 2023","SSP2","Togo","Population","million",8.34223400000001,9.353748,10.39002,11.429377,12.453074,13.441180000000001,14.369487,15.229327,15.994818,16.678927,17.249138,17.718718000000003,18.074122,18.341722,18.528816,18.63982,18.677037000000002
"IIASA-WiC POP 2023","SSP2","Thailand","Population","million",71.389373,72.034106,72.1891920000001,71.84621700000001,70.980436,69.666561,67.942614,65.91117299999999,63.713932,61.42874,59.127137000000005,56.820715,54.534802000000006,52.2776789999999,50.066612999999904,47.938537,45.904883000000005
"IIASA-WiC POP 2023","SSP2","Tajikistan","Population","million",9.44281400000001,10.416895,11.325038000000001,12.214765,13.09552,13.924018,14.631448,15.221409,15.697443999999999,16.090283,16.404135,16.641945,16.806779,16.914521,16.962363,16.960765,16.909831999999998
"IIASA-WiC POP 2023","SSP2","Turkmenistan","Population","million",6.20436199999999,6.714321,7.142213,7.519699,7.875998,8.21428200000001,8.517018,8.751014999999999,8.91779300000001,9.027378,9.103716,9.159733000000001,9.19417700000001,9.202380999999999,9.180935999999999,9.130034,9.05101100000001
"IIASA-WiC POP 2023","SSP2","Timor-Leste","Population","million",1.289747,1.393799,1.499761,1.60133,1.6930319999999992,1.770624,1.834539,1.884065,1.918173,1.938647,1.947521,1.9448150000000002,1.932078,1.910232,1.8813659999999999,1.848106,1.813183
"IIASA-WiC POP 2023","SSP2","Tonga","Population","million",0.10487600000000001,0.107982,0.11054699999999901,0.112582,0.11414099999999999,0.11488200000000001,0.114785,0.11376199999999999,0.11191100000000001,0.11008000000000001,0.10850900000000001,0.10724199999999999,0.10625000000000001,0.10545500000000001,0.10479600000000001,0.10433100000000001,0.10413499999999999
"IIASA-WiC POP 2023","SSP2","Trinidad and Tobago","Population","million",1.5139010000000002,1.527818,1.532261,1.528747,1.5185119999999999,1.502715,1.480524,1.453590999999999,1.423251,1.391386,1.358448,1.324978,1.291488,1.26038,1.232589999999999,1.2070400000000001,1.182883
"IIASA-WiC POP 2023","SSP2","Tunisia","Population","million",12.106245000000001,12.623718,13.057049000000001,13.371357,13.610002000000001,13.801312,13.942258,14.013276,14.006889,13.932889,13.81366,13.669999,13.516625,13.361709999999999,13.202828,13.033673,12.845346
"IIASA-WiC POP 2023","SSP2","Turkey","Population","million",83.811677,87.08318200000001,89.94941899999999,92.269606,94.146771,95.556303,96.3641279999999,96.594149,96.234291,95.4216500000001,94.296102,92.93032600000011,91.365809,89.6415469999999,87.80754300000001,85.9070630000001,83.95749800000002
"IIASA-WiC POP 2023","SSP2","Taiwan","Population","million",23.800895,23.486823,23.078263,22.543267,21.840837,21.009436,20.118994999999998,19.145795999999997,18.151152999999997,17.185651000000004,16.249091,15.352684,14.529734000000001,13.796766,13.151927,12.587789,12.091052
"IIASA-WiC POP 2023","SSP2","Tanzania","Population","million",60.771967,70.25376699999991,80.35643299999991,90.92733100000001,101.857332,113.02585300000001,124.208312,134.956839,145.251533,154.926012,163.812307,172.033339,179.177707,185.014429,189.58042300000002,193.127668,195.843027
"IIASA-WiC POP 2023","SSP2","Uganda","Population","million",43.685862,50.772649,58.373865,66.301922,74.392577,82.579916,90.748601,98.522151,105.904337,112.75394800000001,119.16094100000001,124.813049,129.621155,133.55082800000002,136.669807,139.155199,141.091747
"IIASA-WiC POP 2023","SSP2","Ukraine","Population","million",44.090697999999996,36.386406,36.933429,36.926851000000006,36.491102,35.775802000000006,34.963152,34.101708,33.251571999999896,32.398639,31.561341000000002,30.75667,29.9936,29.269180000000002,28.579186000000004,27.901272000000002,27.19647
"IIASA-WiC POP 2023","SSP2","Uruguay","Population","million",3.428267,3.410859,3.400617,3.38631,3.3638019999999997,3.330428,3.28472,3.227038,3.159638,3.0871750000000002,3.010482,2.928801,2.841726,2.7496229999999997,2.653563,2.555241,2.457471
"IIASA-WiC POP 2023","SSP2","United States","Population","million",335.388236,342.011022,349.70853999999997,357.25619,364.36476400000004,370.894857,377.02514,382.280259,387.35225199999996,392.274604,397.0025,401.171601,404.26055099999996,406.04454100000004,406.64522999999997,406.41100900000004,405.50266700000003
"IIASA-WiC POP 2023","SSP2","Uzbekistan","Population","million",33.243472000000004,36.056808,38.52542700000001,40.753849,42.894456,44.959589,46.8432079999999,48.3614109999999,49.498089,50.323688000000004,50.954009,51.4125820000001,51.695418,51.8258589999999,51.850495,51.796572000000005,51.611807999999996
"IIASA-WiC POP 2023","SSP2","Saint Vincent and the Grenadines","Population","million",0.104708,0.10199200000000001,0.100606,0.098892,0.09695000000000001,0.09478600000000001,0.092281,0.08955500000000001,0.08676700000000001,0.08423800000000001,0.08196700000000001,0.079904,0.078,0.07625000000000001,0.074652,0.073222,0.07196100000000001
"IIASA-WiC POP 2023","SSP2","Venezuela","Population","million",28.628829000000003,29.785154,31.032759,32.176923,33.124542999999996,33.859232000000006,34.407172,34.834459,35.169163000000005,35.397906000000006,35.525922,35.564367,35.519406000000004,35.402144,35.200423,34.890184000000005,34.470885
"IIASA-WiC POP 2023","SSP2","United States Virgin Islands","Population","million",0.100544,0.09824000000000001,0.09621900000000001,0.09433899999999999,0.09269899999999999,0.09142,0.09052,0.08993099999999901,0.08956499999999999,0.089311,0.089187,0.08925899999999999,0.08942399999999999,0.08961000000000001,0.089739,0.08974599999999901,0.089589
"IIASA-WiC POP 2023","SSP2","Viet Nam","Population","million",96.203591,99.80668299999991,102.704567,104.773936,106.21836400000001,107.127819,107.56537,107.545526,107.013429,105.99526200000001,104.556598,102.768093,100.772993,98.686986,96.590101,94.53687999999991,92.5310300000001
"IIASA-WiC POP 2023","SSP2","Vanuatu","Population","million",0.30798000000000003,0.343505,0.37853599999999904,0.41356699999999996,0.44832099999999997,0.48228499999999996,0.5140750000000001,0.5426849999999991,0.5683900000000001,0.5910230000000001,0.610328,0.625954,0.638819,0.6492960000000001,0.6574079999999991,0.663136,0.665914999999999
"IIASA-WiC POP 2023","SSP2","Samoa","Population","million",0.21306200000000003,0.226663,0.238550999999999,0.248796,0.25752400000000003,0.264791,0.270175,0.273185,0.27399900000000005,0.274416,0.27448300000000003,0.27445800000000004,0.27466500000000005,0.27519899999999997,0.275934,0.277026,0.27836299999999997
"IIASA-WiC POP 2023","SSP2","Yemen","Population","million",31.927134,35.73031700000001,39.618353000000006,43.410381,47.044309999999996,50.502065,53.679480000000005,56.486987,58.92739100000001,60.928096,62.438104,63.49724,64.221574,64.718744,64.9957859999999,65.020098,64.758694
"IIASA-WiC POP 2023","SSP2","South Africa","Population","million",58.466146,60.83074,63.277062,65.254703,66.781834,67.86179,68.42251900000001,68.57230899999999,68.356771,67.836628,67.030147,65.99224000000001,64.739926,63.382743000000005,61.938108,60.409942,58.8106079999999
"IIASA-WiC POP 2023","SSP2","Zambia","Population","million",18.654917,21.313374,24.072968000000003,26.878647,29.669576000000003,32.382141,34.942014,37.304528,39.461605000000006,41.337443,42.9147299999999,44.158120000000004,45.041151,45.651158,46.018228,46.141967,46.054916
"IIASA-WiC POP 2023","SSP2","Zimbabwe","Population","million",15.505219,16.972327,18.403131000000002,19.765536,21.020302,22.156843000000002,23.119126,23.88821,24.441644,24.822563,25.049581999999997,25.196932,25.275026999999998,25.281119999999998,25.190178,25.027831,24.807233
"IIASA-WiC POP 2023","SSP3","Aruba","Population","million",0.10666400000000001,0.107708,0.10887300000000001,0.109931,0.110982,0.11181,0.11246099999999999,0.113315,0.114767,0.11665600000000001,0.118946,0.121378,0.123695,0.125798,0.127667,0.12933,0.130827
"IIASA-WiC POP 2023","SSP3","Afghanistan","Population","million",38.326031,44.404894,51.244331,58.6566159999999,66.524393,74.5056569999999,82.611161,90.7869750000001,98.97339599999991,106.963458,114.46540399999999,121.410272,127.57142999999999,132.925353,137.84443100000001,142.421956,146.564416
"IIASA-WiC POP 2023","SSP3","Angola","Population","million",32.899002,38.5658730000001,44.885468,51.989305,59.889265,68.13680599999999,76.687704,85.46248200000001,94.5249279999999,103.504192,112.124099,120.33884900000001,127.819376,134.393663,140.02117900000002,145.13082500000002,149.754481
"IIASA-WiC POP 2023","SSP3","Albania","Population","million",2.8721300000000003,2.849514,2.831406,2.789956,2.732699,2.664913,2.596018,2.531190999999999,2.471883,2.4191819999999993,2.370721,2.325201,2.282782,2.245529,2.216828,2.199655,2.194968
"IIASA-WiC POP 2023","SSP3","United Arab Emirates","Population","million",9.247554000000001,9.707772,10.137958000000001,10.489225000000001,10.763826,10.984272,11.158915,11.243685,11.201707,10.997893,10.655736000000001,10.237356,9.836626,9.537353,9.364373,9.27129399999999,9.180401
"IIASA-WiC POP 2023","SSP3","Argentina","Population","million",44.908440999999996,46.162381,47.5780289999999,49.041629,50.519494,51.851961,53.06045700000001,54.162913,55.138132,56.008093,56.819949,57.593925000000006,58.316551000000004,58.998831,59.668798,60.361979,61.12597
"IIASA-WiC POP 2023","SSP3","Armenia","Population","million",2.812494,2.802906,2.802143,2.7900840000000002,2.778197,2.768142,2.759493,2.751458,2.743427,2.73724,2.734336,2.737142,2.748568,2.771376,2.806343,2.851363,2.903229
"IIASA-WiC POP 2023","SSP3","Antigua and Barbuda","Population","million",0.092375,0.095092,0.097417,0.099332,0.10069399999999999,0.10136700000000001,0.101547,0.10145000000000001,0.10135699999999999,0.101214,0.10101,0.10073900000000001,0.10036,0.09990800000000001,0.09946500000000001,0.099011,0.09854600000000001
"IIASA-WiC POP 2023","SSP3","Australia","Population","million",25.544183,26.394827000000003,27.220556000000002,27.983829000000004,28.711024000000002,29.410264,30.134668,30.83077,31.525837,32.198534,32.861805000000004,33.508019000000004,34.123586,34.712865,35.309185,35.949400000000004,36.632735000000004
"IIASA-WiC POP 2023","SSP3","Austria","Population","million",8.901099999999989,8.999906000000001,9.013128,9.008367,8.99340000000001,8.968685999999991,8.93570899999999,8.892535000000011,8.85654100000001,8.835167,8.834273999999999,8.841944999999999,8.847822,8.85728599999999,8.88238600000001,8.93033,8.994256
"IIASA-WiC POP 2023","SSP3","Azerbaijan","Population","million",10.273527,10.513273,10.789254000000001,11.059557000000002,11.291450999999999,11.430011,11.497208,11.533727,11.570528000000001,11.600314000000001,11.617575,11.627704,11.647717,11.693645,11.762852,11.851646,11.958146000000001
"IIASA-WiC POP 2023","SSP3","Burundi","Population","million",12.053895,13.795209000000002,15.694967,17.810867000000002,20.123421999999998,22.467171,24.795742,27.065195,29.280330000000003,31.427111,33.456010000000006,35.340888,37.006313999999996,38.425964,39.693737999999996,40.851245000000006,41.897787
"IIASA-WiC POP 2023","SSP3","Belgium","Population","million",11.54127,11.646931,11.721054,11.80641,11.908656,12.006667,12.107659,12.193602,12.294602000000001,12.421627,12.582555000000001,12.767844,12.961303000000001,13.154842,13.35505,13.573879999999999,13.812268
"IIASA-WiC POP 2023","SSP3","Benin","Population","million",12.466822,14.381626,16.511713,18.838329,21.362975,23.967063,26.667628,29.437765,32.225299,35.038619,37.769110999999995,40.411677000000005,42.836858,45.08687200000001,47.12299,49.020219,50.81691000000001
"IIASA-WiC POP 2023","SSP3","Burkina Faso","Population","million",21.23189,24.3841800000001,27.98853,32.03423,36.513874,41.192166,46.022514,50.888397,55.820679,60.744493000000006,65.596836,70.2922759999999,74.69342200000001,78.6842140000001,82.26678599999991,85.61646300000001,88.8519359999999
"IIASA-WiC POP 2023","SSP3","Bangladesh","Population","million",166.42699100000002,176.575813,186.09645,194.335547,201.37762700000002,207.031763,211.617017,215.34759400000002,218.12858,219.850083,220.624331,220.7141,220.394106,219.78721900000002,218.99414000000002,218.20229600000002,217.802343
"IIASA-WiC POP 2023","SSP3","Bulgaria","Population","million",7.02023900000001,6.69116100000001,6.448279,6.220115,6.014047,5.825379,5.659495,5.511575,5.37921800000001,5.260733,5.162129,5.090092999999999,5.047566,5.033421000000001,5.04121900000001,5.059982,5.081601
"IIASA-WiC POP 2023","SSP3","Bahrain","Population","million",1.494035,1.600218,1.697557,1.787644,1.87379,1.951876,2.018732,2.069061,2.10225,2.115625,2.114315,2.106351,2.100577,2.10407,2.116617,2.131991,2.143455
"IIASA-WiC POP 2023","SSP3","Bahamas","Population","million",0.405769,0.414883,0.424668,0.433654999999999,0.440876,0.44555599999999995,0.44812199999999996,0.449188,0.44952499999999995,0.449513,0.44952000000000003,0.44945,0.44906900000000005,0.448349,0.447594999999999,0.44725399999999904,0.447689
"IIASA-WiC POP 2023","SSP3","Bosnia and Herzegovina","Population","million",3.340977,3.224754,3.145238,3.056556,2.961182,2.861215999999999,2.763769,2.6748629999999993,2.596422,2.528466,2.469843,2.4206060000000003,2.381873,2.3543380000000003,2.337457,2.329063,2.326498
"IIASA-WiC POP 2023","SSP3","Belarus","Population","million",9.661039,9.38712700000001,9.200499000000011,9.022948000000001,8.872813,8.745759,8.631519,8.514282999999999,8.40105000000001,8.300827,8.229786,8.194897000000001,8.194463999999991,8.219541999999999,8.258164,8.30121400000001,8.345766
"IIASA-WiC POP 2023","SSP3","Belize","Population","million",0.392424,0.42383699999999996,0.456486,0.48747199999999996,0.516444999999999,0.5433289999999991,0.569226,0.594356,0.618746999999999,0.641432,0.6623020000000001,0.681311,0.699123,0.716152,0.732843,0.749497,0.766085
"IIASA-WiC POP 2023","SSP3","Bolivia","Population","million",11.862352000000001,12.699538,13.671576,14.658141,15.616897999999999,16.506845000000002,17.300467,17.999444,18.645873,19.256183,19.834253,20.380456,20.877804,21.342471000000003,21.798313,22.263367,22.734164
"IIASA-WiC POP 2023","SSP3","Brazil","Population","million",212.564938,218.060224,223.703851,228.460027,232.194019,234.51798300000002,235.638341,235.91037400000002,235.577465,234.599377,233.13058300000003,231.315828,229.39620800000003,227.641723,226.329013,225.57042,225.386571
"IIASA-WiC POP 2023","SSP3","Barbados","Population","million",0.280426,0.283281,0.285817,0.28762899999999997,0.288462,0.28807000000000005,0.287018,0.28639000000000003,0.286937,0.288483,0.290772,0.293469,0.296466,0.299647,0.30333299999999996,0.307488999999999,0.311988
"IIASA-WiC POP 2023","SSP3","Brunei Darussalam","Population","million",0.439894,0.461899,0.48241499999999904,0.501351,0.5188809999999999,0.533978,0.5468069999999999,0.557674999999999,0.567616,0.5766380000000001,0.585530999999999,0.59462,0.6040679999999999,0.61414,0.62502,0.636725,0.649141
"IIASA-WiC POP 2023","SSP3","Bhutan","Population","million",0.769996999999999,0.799569,0.828429,0.8550239999999991,0.8778039999999999,0.893911,0.9035759999999999,0.907926999999999,0.9079619999999999,0.903045,0.893207,0.8794759999999999,0.8638709999999991,0.848757999999999,0.8357779999999999,0.825279999999999,0.816871999999999
"IIASA-WiC POP 2023","SSP3","Botswana","Population","million",2.523551,2.727254,2.9151920000000002,3.096723,3.270264,3.423799,3.5497389999999998,3.649957,3.7355419999999997,3.808386,3.869081,3.918484,3.953901,3.9801900000000003,3.9962280000000003,4.006843,4.011669
"IIASA-WiC POP 2023","SSP3","Central African Republic","Population","million",5.272024,6.141263,7.153782999999991,8.299846000000011,9.538924999999999,10.797292,12.105188,13.454768,14.837093000000001,16.211227,17.557125,18.855844,20.091365000000003,21.256411,22.308497,23.248343000000002,24.121131000000002
"IIASA-WiC POP 2023","SSP3","Canada","Population","million",37.758236,38.402661,38.954754,39.441127,39.857193,40.196602,40.565144000000004,40.879299,41.250334,41.690785000000005,42.197387000000006,42.721306,43.228693,43.712173,44.192449,44.71346,45.299176
"IIASA-WiC POP 2023","SSP3","Switzerland","Population","million",8.606425999999999,8.791172000000001,8.899075999999999,8.987229999999991,9.069834,9.153006,9.25245000000001,9.340819,9.426605,9.513206,9.61389,9.727434000000011,9.851453,9.990331000000001,10.149632,10.329388000000002,10.518529000000001
"IIASA-WiC POP 2023","SSP3","Chile","Population","million",19.206692,19.595456,20.005903999999997,20.345499,20.592143,20.721208999999998,20.769952,20.741191,20.647114000000002,20.500535,20.3182,20.101461,19.856394,19.604134,19.373553,19.190733,19.068151999999998
"IIASA-WiC POP 2023","SSP3","China","Population","million",1423.9980170000001,1428.374818,1421.431224,1408.498514,1391.000595,1365.1573230000001,1329.5351210000001,1285.3267990000002,1237.799422,1191.3374250000002,1148.489376,1108.7524580000002,1071.4731980000001,1037.7805309999999,1008.826625,984.245769000001,963.366158
"IIASA-WiC POP 2023","SSP3","C?te d'Ivoire","Population","million",26.477572000000002,29.896271000000002,33.438261,37.217705,41.171794999999896,45.093809,48.944167999999905,52.744827,56.427356,59.918525,63.164821,66.027494,68.50518799999999,70.8090049999999,73.01542999999991,75.0878909999999,76.98459600000001
"IIASA-WiC POP 2023","SSP3","Cameroon","Population","million",26.137122,29.709404,33.428217,37.377152,41.530813,45.709480000000006,49.852837,53.942973,57.886019999999995,61.610776,65.119618,68.16555199999999,70.837226,73.027664,74.979494,76.78173100000001,78.2530179999999
"IIASA-WiC POP 2023","SSP3","Democratic Republic of the Congo","Population","million",91.33195500000011,108.399997,128.351295,151.09207800000001,176.77950099999998,204.46137,233.96423000000001,265.140213,297.85404800000003,331.061898,364.362705,397.295837,429.186818,459.73405,487.44849200000004,512.277297,534.1681550000001
"IIASA-WiC POP 2023","SSP3","Congo","Population","million",5.635288,6.34734399999999,7.092673,7.899535,8.75232400000001,9.59907500000002,10.440958,11.266802,12.069040000000001,12.849853,13.577034,14.217953,14.778314,15.290218000000001,15.770049000000002,16.208872,16.602515
"IIASA-WiC POP 2023","SSP3","Colombia","Population","million",50.617025999999996,52.617326,54.736042000000005,56.601105000000004,58.193238,59.392542000000006,60.318807,61.068381,61.699923000000005,62.189522,62.536899,62.76433,62.88721100000001,63.015995000000004,63.264995000000006,63.681657,64.27219600000001
"IIASA-WiC POP 2023","SSP3","Comoros","Population","million",0.798327,0.8889710000000001,0.9862519999999991,1.088303,1.195622,1.303375,1.411149,1.517401,1.6200160000000001,1.718438,1.8072560000000002,1.888442,1.9599630000000001,2.026684,2.090496,2.150523,2.205597
"IIASA-WiC POP 2023","SSP3","Cabo Verde","Population","million",0.579929,0.6134740000000001,0.6472300000000001,0.6780200000000001,0.7064260000000001,0.7305899999999991,0.751338,0.769,0.7839739999999991,0.796036,0.8050979999999991,0.811228,0.8156709999999999,0.819708999999999,0.824697,0.831271,0.839456
"IIASA-WiC POP 2023","SSP3","Costa Rica","Population","million",5.105361,5.258754,5.422842,5.57198700000001,5.70104800000001,5.796685,5.861138,5.903448,5.93236,5.9485420000000016,5.951557,5.939065999999999,5.914567,5.8868089999999995,5.8649910000000105,5.852832999999999,5.8522110000000005
"IIASA-WiC POP 2023","SSP3","Cuba","Population","million",11.309226,11.247639,11.227927,11.17483,11.09272,10.963280000000001,10.806953,10.631348000000001,10.46523,10.323724,10.231647,10.176172000000001,10.151192,10.14062,10.156189000000001,10.193631,10.264567
"IIASA-WiC POP 2023","SSP3","Cura?ao","Population","million",0.188601,0.192539,0.196511,0.200089,0.203289,0.20596899999999901,0.208611,0.21172900000000003,0.21562399999999998,0.21952600000000003,0.223017,0.225744,0.22761599999999999,0.22891499999999998,0.229928,0.230822,0.23151400000000003
"IIASA-WiC POP 2023","SSP3","Cyprus","Population","million",1.233777,1.2742689999999999,1.294317,1.309319,1.323216,1.336729,1.350606,1.36002,1.364590999999999,1.362986,1.357051,1.348925,1.3409,1.3352650000000001,1.333591,1.335455,1.338876
"IIASA-WiC POP 2023","SSP3","Czechia","Population","million",10.537908,10.834965,10.678903,10.506672,10.365358,10.26579,10.202997,10.153909,10.096749,10.01925,9.95022700000001,9.926098,9.960473,10.043315000000002,10.157727999999999,10.284791,10.408172
"IIASA-WiC POP 2023","SSP3","Germany","Population","million",83.267652,83.32584299999999,82.3642279999999,81.428267,80.561871,79.6704,78.777831,77.96877400000001,77.377853,77.02622500000001,76.91512200000001,76.899976,76.8849539999999,76.929754,77.145468,77.562814,78.10756699999989
"IIASA-WiC POP 2023","SSP3","Djibouti","Population","million",1.082341,1.157878999999999,1.234167,1.311242,1.386468,1.4531020000000001,1.506718,1.550894,1.5877999999999992,1.6209,1.651853,1.679117,1.700713,1.7170800000000002,1.730111,1.742209,1.754747
"IIASA-WiC POP 2023","SSP3","Denmark","Population","million",5.810771,5.8885760000000005,5.938503,5.98518400000001,6.030759,6.07413,6.133902,6.204166000000001,6.297567,6.412962,6.547676000000001,6.693902,6.84440100000001,6.998022,7.161637,7.343698000000001,7.5444949999999995
"IIASA-WiC POP 2023","SSP3","Dominican Republic","Population","million",10.939341,11.622796000000001,12.291681,12.927458000000001,13.512163000000001,14.007448,14.465508,14.904786,15.329484,15.720388999999999,16.078045,16.413877,16.736468000000002,17.061879,17.394642,17.738522,18.088411
"IIASA-WiC POP 2023","SSP3","Algeria","Population","million",43.0909919999999,46.978044000000004,50.536053,53.891243,57.316283000000006,60.756011,64.155012,67.1866460000001,69.7889420000001,71.9577899999999,73.990332,76.13213499999999,78.451873,80.862189,83.183358,85.28763099999999,87.1587
"IIASA-WiC POP 2023","SSP3","Ecuador","Population","million",17.487158,18.508200000000002,19.570735000000003,20.563778,21.461084,22.25377,22.976377,23.639212,24.243119,24.771425999999998,25.227403,25.615831,25.952466,26.259253,26.554313999999998,26.852251000000003,27.181488
"IIASA-WiC POP 2023","SSP3","Egypt","Population","million",106.538717,116.548555,127.198878,138.60495300000002,150.883982,163.16494,175.15467999999998,186.835453,198.309351,208.97518100000002,218.82246,228.27712400000001,237.530446,246.418422,255.04343500000002,263.00894900000003,270.389021
"IIASA-WiC POP 2023","SSP3","Eritrea","Population","million",3.5236520000000002,3.916271,4.370894000000001,4.86510600000001,5.372248,5.85060199999999,6.309196,6.758881000000001,7.20666700000001,7.643321,8.035675000000001,8.378371,8.697787000000009,9.012551,9.32653600000001,9.63445800000001,9.93107
"IIASA-WiC POP 2023","SSP3","Western Sahara","Population","million",0.551241,0.589885999999998,0.624517999999999,0.6560349999999999,0.685585999999999,0.71169,0.7358460000000011,0.758161,0.778775999999999,0.796697999999999,0.8132290000000001,0.829759999999998,0.846685000000001,0.8632549999999991,0.8782819999999991,0.8909039999999999,0.901127
"IIASA-WiC POP 2023","SSP3","Spain","Population","million",47.329955000000005,47.25708,47.085713000000005,46.9578099999999,46.9255,46.920743,46.947708,46.703729,46.251153,45.690928,45.222885000000005,45.00058,45.079253,45.374226,45.721458,46.010808,46.231328000000104
"IIASA-WiC POP 2023","SSP3","Estonia","Population","million",1.329091,1.3506420000000001,1.31796,1.289216,1.267131,1.250022999999999,1.236276,1.223548,1.211619,1.200844,1.192572,1.187876,1.187202,1.190464999999999,1.196828,1.20481,1.213007
"IIASA-WiC POP 2023","SSP3","Ethiopia","Population","million",115.638354,131.65523800000003,149.44043299999998,168.741819,189.36473999999998,210.456497,232.281922,254.761868,277.93082000000004,300.04854,320.942817,339.561946,356.69322800000003,373.28134600000004,389.515561,405.046912,419.43281800000005
"IIASA-WiC POP 2023","SSP3","Finland","Population","million",5.525213,5.521861,5.483285,5.449537999999999,5.42727700000001,5.41454,5.426403,5.435448999999999,5.459663,5.5076979999999995,5.578697,5.663126,5.753724,5.848151,5.9507590000000015,6.070532000000011,6.210028
"IIASA-WiC POP 2023","SSP3","Fiji","Population","million",0.9180899999999991,0.958762,0.998236999999998,1.035018,1.069134,1.09649,1.118299,1.138004,1.156753,1.175761,1.194035,1.211983,1.231038,1.250507,1.271321,1.293013,1.316821
"IIASA-WiC POP 2023","SSP3","France","Population","million",64.45775499999999,65.052797,65.710659,66.527041,67.47894100000009,68.34551700000002,69.157014,69.968682,70.95594100000001,72.181925,73.69337200000001,75.436705,77.31500900000009,79.286011,81.3752109999999,83.58825900000001,85.9009639999999
"IIASA-WiC POP 2023","SSP3","Micronesia","Population","million",0.6408830000000001,0.680559999999999,0.7219310000000001,0.762451,0.800322999999999,0.833573999999999,0.861480000000001,0.884977999999999,0.9064180000000001,0.9277359999999991,0.9488769999999991,0.9693169999999991,0.9879000000000011,1.005531,1.022886,1.041301,1.061207
"IIASA-WiC POP 2023","SSP3","Gabon","Population","million",2.267994,2.506141,2.7394689999999997,2.9767419999999998,3.21985,3.455906,3.681274,3.893759,4.088308,4.25902,4.408323999999999,4.549777,4.685561,4.81236799999999,4.92696,5.026162999999999,5.112945
"IIASA-WiC POP 2023","SSP3","United Kingdom","Population","million",66.95117200000001,67.615912,68.251935,68.94324,69.79190799999999,70.755287,71.8680909999999,72.84199400000001,73.832254,74.963189,76.336306,77.8987450000001,79.538717,81.197428,82.90827,84.7486479999999,86.7418989999999
"IIASA-WiC POP 2023","SSP3","Georgia","Population","million",3.769183,3.700396,3.623722,3.548501,3.489365,3.436752,3.385199999999999,3.331395,3.277193,3.232509,3.202491,3.1879939999999998,3.187442,3.199985,3.224116,3.2574,3.2967589999999998
"IIASA-WiC POP 2023","SSP3","Ghana","Population","million",31.849247,35.451161999999904,39.351800000000004,43.53361,48.057226,52.704370000000004,57.444433,62.130024,66.862395,71.443709,75.9504589999999,80.27391800000001,84.30969800000001,88.1767539999999,91.966527,95.69041899999999,99.3271009999999
"IIASA-WiC POP 2023","SSP3","Guinea","Population","million",13.041590000000001,14.767513000000001,16.641976,18.625434000000002,20.70589,22.798435,24.876255,26.937731,28.963027,30.877339,32.661664,34.231835,35.623871,36.814891,37.93585,38.989067000000006,39.960042
"IIASA-WiC POP 2023","SSP3","Guadeloupe","Population","million",0.39509299999999997,0.401642,0.40988199999999997,0.417134,0.423267,0.42686199999999996,0.429456,0.43328500000000003,0.439517,0.44824400000000003,0.45930400000000104,0.47224700000000003,0.486736,0.5025809999999999,0.519450999999999,0.537011,0.5552400000000001
"IIASA-WiC POP 2023","SSP3","Gambia","Population","million",2.541048,2.862397,3.223341,3.621403,4.0391,4.45514,4.859725999999999,5.251018,5.624765,5.9839509999999905,6.321022,6.62287000000001,6.887155,7.130381000000001,7.358478,7.573844,7.774101
"IIASA-WiC POP 2023","SSP3","Guinea-Bissau","Population","million",1.993302,2.22144,2.450539,2.6846300000000003,2.921868,3.146155,3.352757999999999,3.5400039999999997,3.711518,3.859807,3.982283,4.077289,4.15044,4.207682,4.248898,4.276396,4.290237
"IIASA-WiC POP 2023","SSP3","Equatorial Guinea","Population","million",1.578364,1.7762529999999992,1.979512999999999,2.195839,2.423338,2.651249,2.877065,3.096242,3.305576,3.501095,3.6751139999999998,3.826601,3.949792,4.056327,4.143358,4.208598,4.247598
"IIASA-WiC POP 2023","SSP3","Greece","Population","million",10.543345,10.343519,10.160665999999999,10.00222,9.87336299999999,9.749889,9.627995,9.484107,9.334201,9.193616,9.085456,9.020033,8.994374,8.99503999999999,9.004325999999999,9.01118000000001,9.01662000000001
"IIASA-WiC POP 2023","SSP3","Grenada","Population","million",0.12316099999999999,0.127435,0.130886,0.133739,0.13663899999999998,0.13946899999999998,0.14206000000000002,0.144363,0.14632799999999999,0.148174,0.15001,0.15177500000000002,0.15356,0.155529,0.15781099999999998,0.16043700000000002,0.163379
"IIASA-WiC POP 2023","SSP3","Guatemala","Population","million",17.231175,18.734414,20.396132,22.043187999999997,23.655919,25.116133,26.432182,27.617607,28.732515,29.772823000000002,30.716027,31.545166000000002,32.259479,32.89357,33.483913,34.056597000000004,34.6320949999999
"IIASA-WiC POP 2023","SSP3","French Guiana","Population","million",0.287814,0.32220800000000005,0.358060999999999,0.395042,0.432851,0.46978499999999995,0.50683,0.543841999999998,0.581191,0.6169939999999999,0.650843,0.684145999999999,0.717544,0.750838,0.783796,0.8155249999999991,0.8460040000000001
"IIASA-WiC POP 2023","SSP3","Guam","Population","million",0.168571,0.175748,0.183395,0.191268,0.19871899999999998,0.205097,0.210283,0.214606,0.219039999999999,0.224221,0.23006200000000002,0.236316,0.242393,0.24837499999999998,0.25438700000000003,0.260612,0.26719400000000004
"IIASA-WiC POP 2023","SSP3","Guyana","Population","million",0.7918449999999999,0.8267269999999991,0.860792,0.8910760000000001,0.9165420000000001,0.9345220000000001,0.947341999999999,0.9580789999999999,0.9677190000000001,0.977256999999999,0.986305,0.994732,1.003102,1.012394,1.023268,1.036122,1.051285
"IIASA-WiC POP 2023","SSP3","Hong Kong","Population","million",7.501908,7.50225,7.47022,7.39553200000001,7.288652,7.159613,7.040829,6.907526,6.763165,6.606923,6.451691,6.306388,6.17769,6.073915,5.993984,5.928128,5.864211000000011
"IIASA-WiC POP 2023","SSP3","Honduras","Population","million",10.041782999999999,10.889742,11.768951999999999,12.627954,13.433263000000002,14.14513,14.807186,15.435870999999999,16.029791,16.571111000000002,17.04955,17.47366,17.858374,18.223973,18.583966,18.94876,19.323472000000002
"IIASA-WiC POP 2023","SSP3","Croatia","Population","million",4.114644,4.002209,3.889396,3.782988,3.681933,3.584482,3.495416999999999,3.418171,3.3555960000000002,3.305123,3.264734,3.23347,3.211826,3.200192,3.198064,3.2036350000000002,3.21475
"IIASA-WiC POP 2023","SSP3","Haiti","Population","million",11.234504999999999,12.108113,13.018549000000002,13.926525,14.807333000000002,15.623728,16.340961,16.938767,17.450929000000002,17.908706,18.327436000000002,18.706941,19.044477999999998,19.346529999999998,19.623842,19.890753,20.158303
"IIASA-WiC POP 2023","SSP3","Hungary","Population","million",9.77012300000001,9.574258999999989,9.37860100000001,9.16746800000001,8.95866700000001,8.757493,8.57852900000001,8.416182000000001,8.26407200000001,8.11168600000001,7.972423,7.862499,7.786512,7.737575,7.709269000000001,7.696864,7.6930309999999995
"IIASA-WiC POP 2023","SSP3","Indonesia","Population","million",270.825846,281.58335,293.102539,303.390747,312.151497,318.893311,323.960568,328.257603,332.004695,335.165458,337.82685100000003,340.09128100000004,342.083724,343.917039,345.66882300000105,347.42073200000004,349.28236599999997
"IIASA-WiC POP 2023","SSP3","India","Population","million",1389.966394,1450.25455,1515.8824140000002,1576.2869520000002,1629.955294,1672.052248,1704.2517579999999,1732.2389210000001,1757.633433,1778.1759,1793.7795230000002,1803.919291,1810.960542,1818.2486470000001,1828.238437,1841.1927600000001,1856.861156
"IIASA-WiC POP 2023","SSP3","Ireland","Population","million",4.925076,5.102212000000001,5.22510600000001,5.358775000000009,5.512053,5.670896,5.829194,5.961379,6.07428800000001,6.178999,6.293886,6.42904400000001,6.585428,6.753437,6.918452,7.073419,7.2231130000000014
"IIASA-WiC POP 2023","SSP3","Iran","Population","million",86.990161,90.790359,94.50937300000001,97.76070200000001,100.71327400000001,103.26447800000001,105.392823,107.031622,108.030111,108.42414500000001,108.430667,108.261397,108.168398,108.35757600000001,108.862208,109.51950599999999,110.15310799999999
"IIASA-WiC POP 2023","SSP3","Iraq","Population","million",42.042956,47.263510000000004,52.865181,58.855598,65.276164,71.682817,77.977879,84.26006100000001,90.4439079999999,96.274901,101.77099000000001,107.12099,112.381033,117.498732,122.407659,127.07562300000001,131.54709599999998
"IIASA-WiC POP 2023","SSP3","Iceland","Population","million",0.36433000000000004,0.37668399999999996,0.387887,0.39858000000000005,0.408615,0.41761000000000004,0.42655399999999905,0.435137999999999,0.44422500000000004,0.453704999999999,0.463312,0.47282099999999905,0.48224700000000004,0.49194000000000004,0.5026579999999999,0.5151249999999999,0.529265999999999
"IIASA-WiC POP 2023","SSP3","Israel","Population","million",8.685595,9.37200900000001,10.084945,10.838217,11.669032999999999,12.552991,13.482998,14.451245000000002,15.458199,16.502998,17.606208,18.782964,20.034813999999997,21.354044000000002,22.734296999999998,24.175651000000002,25.68412
"IIASA-WiC POP 2023","SSP3","Italy","Population","million",59.639898,58.69554,57.659479,56.691917000000004,55.825102,54.94838,54.049679,52.94362400000001,51.767279,50.688645,49.905606,49.483748,49.348983999999994,49.362275000000004,49.42519600000001,49.522718999999995,49.679148999999995
"IIASA-WiC POP 2023","SSP3","Jamaica","Population","million",2.814476,2.860463,2.9107339999999997,2.949361,2.97278,2.975914,2.963942,2.941642,2.9138960000000003,2.883516,2.847771,2.8079549999999998,2.76729,2.731372,2.705196,2.6910160000000003,2.688025
"IIASA-WiC POP 2023","SSP3","Jordan","Population","million",10.817082000000001,11.902011,13.042515999999999,14.213884,15.383616,16.481443,17.450108,18.318823000000002,19.09947,19.829818,20.521403,21.167963,21.735902,22.236925,22.681959,23.090045999999997,23.473767
"IIASA-WiC POP 2023","SSP3","Japan","Population","million",125.542768,122.241038,118.849155,115.307366,111.77194899999999,108.218912,104.805622,101.55217200000001,98.366138,95.182794,92.146838,89.458598,87.202549,85.291425,83.6166889999999,82.141985,80.868802
"IIASA-WiC POP 2023","SSP3","Kazakhstan","Population","million",18.861057000000002,19.976524,21.086810000000003,22.169728,23.301972000000003,24.432450000000003,25.540706,26.570919000000004,27.47289,28.289115000000002,29.096034,29.934537000000002,30.808111,31.680846000000003,32.515911,33.289217,34.00479
"IIASA-WiC POP 2023","SSP3","Kenya","Population","million",51.460216,56.933322999999994,62.726837,68.844244,75.085484,81.09559200000001,86.957819,92.5458,97.9981930000001,102.888341,107.185525,111.014163,114.62031900000001,118.102006,121.41641700000001,124.46250400000001,127.194586
"IIASA-WiC POP 2023","SSP3","Kyrgyzstan","Population","million",6.372332999999999,6.966980000000009,7.55060800000001,8.137711000000001,8.753954,9.369382,9.95097700000001,10.488734000000001,10.979905,11.423713,11.847107,12.260273999999999,12.66069,13.052528,13.417478,13.758502,14.07793
"IIASA-WiC POP 2023","SSP3","Cambodia","Population","million",16.296273,17.388041,18.438267,19.433501,20.347218,21.089944,21.735451,22.343862,22.926748,23.43836,23.849809,24.179529,24.470943,24.749119,25.007174,25.236906,25.453743
"IIASA-WiC POP 2023","SSP3","Kiribati","Population","million",0.12525799999999998,0.13767300000000002,0.14965799999999901,0.160942,0.172088,0.183279,0.193849,0.203346,0.211188,0.21756699999999998,0.223304,0.228951,0.23444600000000002,0.239589,0.24382099999999998,0.247195,0.25019199999999997
"IIASA-WiC POP 2023","SSP3","South Korea","Population","million",51.858125,51.51158,50.995237,50.261457,49.196167,47.772307999999995,46.167892,44.148852,41.887023,39.689056,37.719095,35.961828000000004,34.408651,33.044343000000005,31.797567,30.679904999999998,29.791866000000002
"IIASA-WiC POP 2023","SSP3","Kuwait","Population","million",4.468361,4.709675000000001,4.9188110000000105,5.105657,5.277412999999999,5.413741,5.500528,5.531822,5.52193,5.492083,5.480427,5.510179,5.583222,5.681018,5.7778990000000015,5.8602039999999995,5.9272810000000105
"IIASA-WiC POP 2023","SSP3","Laos","Population","million",7.265649000000001,7.833799,8.396276000000011,8.941517000000012,9.461650999999991,9.917246000000011,10.318301,10.693369,11.05142,11.378464000000001,11.674353,11.949673,12.221832000000001,12.502705,12.800516,13.113271000000001,13.43769
"IIASA-WiC POP 2023","SSP3","Lebanon","Population","million",5.694528,5.952806,6.283895,6.6115780000000015,6.925637,7.20319200000001,7.438584,7.64125599999999,7.84005100000001,8.037533,8.233176,8.4088,8.560319,8.683719,8.787680000000009,8.884616000000012,8.984373
"IIASA-WiC POP 2023","SSP3","Liberia","Population","million",5.034186,5.652931,6.313399,7.02381600000001,7.766523,8.495280000000001,9.197833000000001,9.88715200000001,10.546597,11.175485,11.732948,12.218017,12.629341,12.991324,13.310275,13.591379000000002,13.832372
"IIASA-WiC POP 2023","SSP3","Libya","Population","million",6.61202,7.066274000000001,7.535333,8.018447,8.52434400000001,8.996728,9.40254100000001,9.74403200000001,10.059687,10.379014999999999,10.715076999999999,11.067033,11.412398999999999,11.737902,12.048858000000001,12.358619000000001,12.674790999999999
"IIASA-WiC POP 2023","SSP3","Saint Lucia","Population","million",0.17891800000000002,0.18143499999999999,0.184498,0.186753,0.187994,0.188114,0.187539999999999,0.18662099999999998,0.185592999999999,0.18440399999999998,0.182993,0.18144000000000002,0.17993099999999998,0.178702,0.178037,0.17804899999999999,0.178667
"IIASA-WiC POP 2023","SSP3","Sri Lanka","Population","million",21.683158,22.344534,22.922835,23.458379,23.957591,24.341748,24.626699000000002,24.867437000000002,25.118028,25.381064,25.659831,25.921309,26.177693,26.448959,26.736107,27.047966000000002,27.389613
"IIASA-WiC POP 2023","SSP3","Lesotho","Population","million",2.239604,2.360464,2.4655050000000003,2.5738909999999997,2.682995,2.781843,2.8733329999999997,2.9522969999999997,3.017339,3.063514999999999,3.10059,3.132418,3.158442,3.177917,3.191472,3.2002639999999998,3.205936
"IIASA-WiC POP 2023","SSP3","Lithuania","Population","million",2.835902,2.755931,2.644799,2.544201,2.454084,2.3749700000000002,2.305195,2.240865,2.184043,2.13927,2.107422,2.087212,2.07688,2.074989999999999,2.080636,2.093198,2.111199999999999
"IIASA-WiC POP 2023","SSP3","Luxembourg","Population","million",0.626072,0.6482789999999999,0.662795,0.6758419999999999,0.6881600000000001,0.7000470000000001,0.713094,0.7245100000000001,0.7349339999999991,0.7437250000000001,0.7518630000000001,0.7601289999999999,0.7690130000000001,0.778694,0.789015999999999,0.7998109999999999,0.8106329999999999
"IIASA-WiC POP 2023","SSP3","Latvia","Population","million",1.907241,1.853475,1.767447,1.690277,1.62691,1.574402,1.5297900000000002,1.489531999999999,1.453241,1.421594,1.3963100000000002,1.377989,1.365915,1.358829,1.355243,1.3532549999999999,1.351484999999999
"IIASA-WiC POP 2023","SSP3","Macao","Population","million",0.6700170000000001,0.690736999999999,0.7069639999999999,0.71799,0.725308,0.730081999999999,0.7340069999999991,0.7336809999999999,0.730034,0.722761,0.713286,0.7018249999999999,0.688373,0.673759,0.659551,0.647107,0.635780999999999
"IIASA-WiC POP 2023","SSP3","Morocco","Population","million",36.488841,38.6465969999999,40.686074,42.62736,44.437199,46.001858999999996,47.383241000000005,48.684242,49.935505,51.137057999999996,52.282479,53.402019,54.505128,55.642819,56.8214919999999,58.041403,59.300148
"IIASA-WiC POP 2023","SSP3","Moldova","Population","million",3.095022,3.094105,3.006858,2.9160839999999992,2.840437,2.77883,2.726449,2.67486,2.6212809999999998,2.568991,2.523277,2.488606,2.466157,2.45396,2.448545,2.446973,2.448322
"IIASA-WiC POP 2023","SSP3","Madagascar","Population","million",27.879129000000002,31.552226,35.625620000000005,39.967075,44.530548,49.206021,53.987358,58.81080000000001,63.701821,68.444071,72.939174,77.18211900000001,81.2647459999999,85.2862,89.22238800000001,93.01225199999999,96.619667
"IIASA-WiC POP 2023","SSP3","Maldives","Population","million",0.510881,0.54496,0.575141,0.602468,0.6296349999999991,0.656473,0.681303999999998,0.7018800000000001,0.717204,0.7265539999999999,0.731385,0.7324620000000001,0.730637,0.7276159999999999,0.725623,0.726251,0.7296909999999991
"IIASA-WiC POP 2023","SSP3","Mexico","Population","million",125.61046400000001,131.10534099999998,137.484533,143.71117999999998,149.591604,154.683416,159.21707800000001,163.524191,167.690492,171.63854,175.384259,178.944737,182.41066800000002,185.901258,189.50636300000002,193.348702,197.308953
"IIASA-WiC POP 2023","SSP3","North Macedonia","Population","million",2.114026,2.099186,2.111222,2.114497,2.107944,2.092634,2.074231,2.056927,2.042875,2.030209,2.017788,2.005964,1.9970279999999998,1.9938639999999999,1.998062,2.00895,2.023928
"IIASA-WiC POP 2023","SSP3","Mali","Population","million",20.886783,24.605378,28.995572,33.947009,39.362338,44.991365,50.78584,56.790752999999995,62.894475,68.989497,74.95877300000001,80.619341,86.003962,90.768946,94.98687,98.60739500000001,101.861277
"IIASA-WiC POP 2023","SSP3","Malta","Population","million",0.509586,0.515134,0.516602999999999,0.514021,0.508633,0.502692,0.49882400000000005,0.49520000000000003,0.49110899999999996,0.48494599999999904,0.476238999999999,0.46558800000000006,0.454748,0.44552600000000003,0.43893000000000004,0.435017,0.432892
"IIASA-WiC POP 2023","SSP3","Myanmar","Population","million",53.227974,55.258142,57.077057,58.525401,59.617765000000105,60.369254999999995,60.9194240000001,61.316995000000006,61.603499000000006,61.773095000000005,61.868392,61.953229,62.08296300000001,62.2777259999999,62.575450000000004,62.962979,63.434432
"IIASA-WiC POP 2023","SSP3","Montenegro","Population","million",0.629888,0.6508980000000001,0.646405999999999,0.6423070000000001,0.6397590000000001,0.637664999999999,0.636359,0.63585,0.636002,0.636429999999999,0.6374329999999999,0.6392679999999991,0.6421559999999991,0.646197,0.6512529999999991,0.6570809999999999,0.663516
"IIASA-WiC POP 2023","SSP3","Mongolia","Population","million",3.26646,3.5319190000000003,3.790342,4.063931,4.36300000000001,4.675769000000001,4.9984600000000015,5.31286100000001,5.606662999999999,5.8873549999999994,6.157914,6.423509,6.691296,6.964055,7.232573,7.490229,7.730219000000011
"IIASA-WiC POP 2023","SSP3","Mozambique","Population","million",30.720751,35.159071000000004,39.9272549999999,45.1356179999999,50.739004,56.4977619999999,62.345856,68.292606,74.259155,79.9716309999999,85.4112130000001,90.2176639999999,94.46918,98.1908820000001,101.57907700000001,104.696496,107.459564
"IIASA-WiC POP 2023","SSP3","Mauritania","Population","million",4.440927999999999,5.050514000000001,5.74491900000001,6.50541300000001,7.320646,8.155117,8.99689100000001,9.849575999999999,10.714830000000001,11.570810999999999,12.406184999999999,13.180276000000001,13.879483,14.549494000000001,15.210253000000002,15.863004000000002,16.496738
"IIASA-WiC POP 2023","SSP3","Martinique","Population","million",0.37095000000000006,0.369305999999999,0.369820999999999,0.371388,0.372212,0.370199,0.36594699999999997,0.36186799999999997,0.36061699999999997,0.363554,0.370205,0.378884,0.38827100000000003,0.398,0.40852499999999903,0.42033099999999995,0.43336799999999903
"IIASA-WiC POP 2023","SSP3","Mauritius","Population","million",1.296971,1.303557,1.310047,1.311251,1.305143,1.290136,1.2693159999999999,1.247647999999999,1.22846,1.211657,1.19554,1.179056,1.162553,1.147432,1.135296,1.127412,1.123746
"IIASA-WiC POP 2023","SSP3","Malawi","Population","million",19.120889,21.813174,24.787298,28.111233000000002,31.678791,35.336099000000004,39.073008,42.916422,46.851012000000004,50.651688,54.286046000000006,57.619799,60.664362000000004,63.391591999999996,65.931212,68.3317499999999,70.544668
"IIASA-WiC POP 2023","SSP3","Malaysia","Population","million",33.003633,34.6422489999999,36.207059,37.6607389999999,38.977184,40.101473,41.060299,41.887167000000005,42.601023999999995,43.179423,43.632746,43.965735,44.213190000000004,44.436263,44.685396999999995,44.98716,45.333964
"IIASA-WiC POP 2023","SSP3","Mayotte","Population","million",0.300354,0.359107,0.42925199999999997,0.5128400000000001,0.6132679999999999,0.730536,0.8676050000000011,1.028185,1.216686999999999,1.436626,1.6928670000000001,1.990803,2.336265,2.735588,3.195224,3.722467,4.324366
"IIASA-WiC POP 2023","SSP3","Namibia","Population","million",2.467078,2.684863,2.906478,3.129082,3.361495,3.588977,3.810804,4.020317,4.208095,4.3772519999999915,4.526441,4.665078999999999,4.7970180000000004,4.920649999999999,5.033466000000001,5.132186,5.221361
"IIASA-WiC POP 2023","SSP3","New Caledonia","Population","million",0.285619,0.299251,0.311776,0.323455,0.33487500000000003,0.345215,0.35429299999999997,0.362334,0.369734,0.376728,0.383689,0.390792,0.39802699999999996,0.40531000000000006,0.412692,0.42019,0.42784000000000005
"IIASA-WiC POP 2023","SSP3","Niger","Population","million",23.88169,28.977728,35.257613,42.822519,51.792179,61.90872400000001,73.32015799999989,85.9887869999999,99.8310730000001,114.36918399999999,129.334902,144.56935800000002,159.650102,174.771254,189.459526,203.411936,215.684588
"IIASA-WiC POP 2023","SSP3","Nigeria","Population","million",205.78060000000002,233.671502,266.02481900000004,303.32286300000004,345.895148,391.84873,441.17586200000005,493.029065,547.333919,602.938049,659.085375999999,715.418985,771.1340360000011,824.774939,876.288271,923.739561,966.589617
"IIASA-WiC POP 2023","SSP3","Nicaragua","Population","million",6.709703999999999,7.230558,7.746704,8.24621,8.71228699999999,9.114883000000011,9.484198000000001,9.834894,10.162368,10.461627,10.727503,10.967796,11.191948,11.417351,11.650673000000001,11.895533,12.153622
"IIASA-WiC POP 2023","SSP3","Netherlands","Population","million",17.402279,17.557696,17.667762,17.748844000000002,17.790295999999998,17.783301,17.781080000000003,17.785636999999998,17.84668,17.977882,18.176047,18.406228,18.635103,18.858468000000002,19.099525000000003,19.385029,19.721152
"IIASA-WiC POP 2023","SSP3","Norway","Population","million",5.367948,5.479044,5.5693529999999996,5.6611980000000095,5.757999,5.8539210000000015,5.960415,6.051757999999999,6.143654000000001,6.244057000000009,6.361682,6.493367,6.628794,6.762233,6.8995,7.050904000000001,7.2191469999999995
"IIASA-WiC POP 2023","SSP3","Nepal","Population","million",28.999223,30.932269,32.765838,34.39990400000001,35.880111,37.214138,38.477470000000004,39.6733199999999,40.742382,41.661429999999896,42.445693999999904,43.12103,43.71840400000001,44.262933,44.811535000000006,45.417653,46.1295
"IIASA-WiC POP 2023","SSP3","New Zealand","Population","million",5.026485,5.16860200000001,5.302256000000001,5.425748,5.54308899999999,5.650065,5.751375,5.8427060000000015,5.935698,6.033167000000001,6.137505,6.243837000000011,6.34679600000001,6.445522,6.544036,6.647312,6.757703999999999
"IIASA-WiC POP 2023","SSP3","Oman","Population","million",4.589135000000001,4.99096000000001,5.375522,5.724164,6.0538750000000014,6.381269,6.697119,6.964806999999999,7.158942000000001,7.274843,7.335507,7.375167,7.43775,7.542073,7.687126,7.842239,7.974783
"IIASA-WiC POP 2023","SSP3","Pakistan","Population","million",225.11285900000001,250.941677,279.8606,311.096826,343.972789,377.039462,411.04965000000004,445.825939,481.659985,516.499047,549.769428,581.028466,610.399497,638.9736809999999,667.390058,695.476256,722.888015
"IIASA-WiC POP 2023","SSP3","Panama","Population","million",4.265542000000001,4.55276499999999,4.841966999999999,5.124597,5.389063,5.626421000000001,5.83287399999999,6.023398,6.207083,6.379142,6.539547,6.684856,6.820157,6.946483000000001,7.06996,7.189874,7.307599000000001
"IIASA-WiC POP 2023","SSP3","Peru","Population","million",33.090275000000005,34.786966,36.602391000000004,38.300864000000004,39.818202,41.109906,42.218033000000005,43.211966000000004,44.110996,44.8791139999999,45.5324799999999,46.087390999999904,46.584241999999996,47.073876,47.586053,48.120604,48.684574000000005
"IIASA-WiC POP 2023","SSP3","Philippines","Population","million",111.287624,120.438777,130.080297,139.767598,149.27802,158.221753,166.574794,174.203506,181.075337,187.514351,193.68578,199.491362,205.002221,210.021861,214.68011600000003,219.21214600000002,223.811709
"IIASA-WiC POP 2023","SSP3","Papua New Guinea","Population","million",9.648816,10.660526,11.687677,12.720111000000001,13.75832,14.740484,15.665641,16.510552,17.286155,17.960482,18.574641,19.140121,19.654361,20.104614,20.495655,20.831236,21.123974999999998
"IIASA-WiC POP 2023","SSP3","Poland","Population","million",38.477961,39.0475339999999,38.283339,37.498655999999905,36.762385,36.064129,35.483397,34.925407,34.378674,33.818433,33.277986,32.832266000000004,32.551416,32.457502,32.525115,32.709278,32.971393
"IIASA-WiC POP 2023","SSP3","Puerto Rico","Population","million",3.2802189999999998,3.154474,3.031354,2.906774,2.782661,2.6583170000000003,2.543024,2.433523,2.335773,2.252536,2.183465,2.125827,2.076364,2.032574,1.9933269999999998,1.9583430000000002,1.9282110000000001
"IIASA-WiC POP 2023","SSP3","North Korea","Population","million",25.813238000000002,26.452164,26.667703000000003,26.600965000000002,26.405954,26.089016,25.738871,25.378531,24.930186000000003,24.399744,23.87882,23.404092000000002,22.994937000000004,22.647307,22.315981,21.976993,21.656909
"IIASA-WiC POP 2023","SSP3","Portugal","Population","million",10.298401,10.182986000000001,10.038701999999999,9.913789000000001,9.79858,9.675236000000002,9.54765400000001,9.415699,9.298893,9.204934999999999,9.149385,9.141319,9.17737600000001,9.24181300000001,9.31831100000001,9.40260300000001,9.499153
"IIASA-WiC POP 2023","SSP3","Paraguay","Population","million",6.573036,7.057887,7.56988400000001,8.053951,8.52453700000001,8.944989,9.330456,9.672766,9.988382,10.283444,10.554831,10.802286,11.025124,11.236164,11.441953,11.652455,11.865423000000002
"IIASA-WiC POP 2023","SSP3","Palestine","Population","million",4.961984,5.617215,6.317287,7.048132,7.801659,8.546766,9.29151600000001,10.010470999999999,10.703762000000001,11.351539,11.953705,12.534450999999999,13.108022000000002,13.667741,14.225961,14.763718,15.287796
"IIASA-WiC POP 2023","SSP3","French Polynesia","Population","million",1.009624,1.065672,1.123041,1.179506,1.234441,1.283143,1.325562,1.360919,1.3923320000000001,1.423359,1.454397999999999,1.4853239999999999,1.5166680000000001,1.5496910000000002,1.585078,1.6237650000000001,1.666045
"IIASA-WiC POP 2023","SSP3","Qatar","Population","million",2.828629,3.039136,3.234738,3.421904,3.609479,3.790327,3.9500450000000003,4.07487,4.156355,4.178,4.146549,4.077202000000001,3.99547,3.928833,3.8928789999999998,3.880226,3.868133
"IIASA-WiC POP 2023","SSP3","R?union","Population","million",0.95352,1.005013,1.050603,1.093063,1.136277,1.176534,1.214193,1.2518289999999999,1.291406,1.333645,1.379821999999999,1.430006,1.482772,1.537598,1.593652,1.650881,1.709287
"IIASA-WiC POP 2023","SSP3","Romania","Population","million",19.489725,19.011235,18.563182,18.087229,17.639556000000002,17.19359,16.759556,16.341481,15.924134,15.52115,15.176168,14.914174000000001,14.735899999999999,14.627464,14.570901000000001,14.540382,14.523502
"IIASA-WiC POP 2023","SSP3","Russian Federation","Population","million",145.761661,144.968596,142.5556,140.29293900000002,138.63272800000001,137.558816,136.91988500000002,136.216799,135.467826,134.735455,134.34785300000001,134.527836,135.30742,136.531709,137.95354999999998,139.378995,140.78365100000002
"IIASA-WiC POP 2023","SSP3","Rwanda","Population","million",12.987328999999999,14.619771,16.326477999999998,18.143071,20.053198000000002,21.961634,23.880667000000003,25.790435000000002,27.700385,29.492857,31.166048,32.657662,33.974482,35.216034,36.4236,37.566794,38.614492
"IIASA-WiC POP 2023","SSP3","Saudi Arabia","Population","million",36.229969,39.20563,42.015744,44.665824999999906,47.11985,49.19336800000001,50.866292,52.200824000000004,53.271831,54.106966,54.8511089999999,55.584668,56.359857000000005,57.189516000000005,58.050841,58.871635999999896,59.635896
"IIASA-WiC POP 2023","SSP3","Sudan","Population","million",43.82806,50.109558,56.7897959999999,63.758943,70.982756,78.345076,85.806574,93.212942,100.561553,107.67606500000001,114.423161,120.512505,126.103527,131.07019,135.743714,140.191543,144.365505
"IIASA-WiC POP 2023","SSP3","Senegal","Population","million",16.215468,18.535322,21.127307000000002,23.995458,27.119996,30.386813,33.73771,37.122496,40.57240099999991,44.027035000000005,47.451044,50.787783000000005,53.925092,56.859122000000006,59.725379000000004,62.578716,65.39689200000001
"IIASA-WiC POP 2023","SSP3","Singapore","Population","million",5.893521,6.03811,6.152315000000009,6.213459,6.2158549999999995,6.16571,6.089693,5.99438,5.894569000000001,5.783144000000011,5.66441000000001,5.542129,5.42093800000001,5.303399000000001,5.190671,5.08216200000001,4.975265
"IIASA-WiC POP 2023","SSP3","Solomon Islands","Population","million",0.6828970000000001,0.775381,0.8753519999999999,0.9822600000000001,1.096801999999999,1.213204,1.330991,1.449895,1.56812,1.68415,1.7921369999999999,1.893614,1.9859939999999998,2.073331999999999,2.156858,2.235994,2.308808
"IIASA-WiC POP 2023","SSP3","Sierra Leone","Population","million",8.140207,9.138724000000009,10.190757,11.275895,12.386797000000001,13.458005,14.503879999999999,15.519045,16.482616000000004,17.357259,18.113112,18.738758999999998,19.280369,19.762639,20.180382,20.528877,20.801408
"IIASA-WiC POP 2023","SSP3","El Salvador","Population","million",6.280916,6.477812,6.687222,6.87324000000001,7.033492000000001,7.160299,7.261712,7.345841000000011,7.416019,7.477734000000001,7.53014600000001,7.574154000000001,7.611378,7.651177,7.703577,7.778622,7.884674
"IIASA-WiC POP 2023","SSP3","Somalia","Population","million",16.272863,19.231108,22.818446,27.002303,31.730318,36.889145,42.507885,48.586265,55.016567,61.6507799999999,68.377728,75.128269,81.8937760000001,88.5773869999999,95.0672380000001,101.03069500000001,106.563082
"IIASA-WiC POP 2023","SSP3","Serbia","Population","million",7.384063,7.137816,7.013269,6.889782,6.766002,6.646795,6.54298,6.458091,6.391761000000001,6.335881,6.2924,6.264828,6.256928,6.2700510000000005,6.300975,6.342784,6.387798
"IIASA-WiC POP 2023","SSP3","South Sudan","Population","million",10.545439,11.355806000000001,12.394913,13.660331000000001,15.025782,16.222566999999998,17.192785,18.083098000000003,19.025484000000002,20.022513,20.975959,21.778726,22.433564,23.0563,23.736481,24.480472000000002,25.259799
"IIASA-WiC POP 2023","SSP3","Sao Tome and Principe","Population","million",0.21622000000000002,0.24094800000000002,0.268171,0.297205,0.327082,0.35653500000000005,0.38510000000000005,0.41226,0.43844700000000003,0.462781999999999,0.48460299999999995,0.504251,0.522694,0.540281,0.5566829999999999,0.5718679999999999,0.586098
"IIASA-WiC POP 2023","SSP3","Suriname","Population","million",0.603807,0.637309,0.6732429999999999,0.708573999999999,0.7427519999999991,0.774111,0.803608,0.832073,0.860051999999999,0.887185,0.914053,0.940786,0.9672059999999991,0.9940159999999999,1.020859,1.048464,1.076703999999999
"IIASA-WiC POP 2023","SSP3","Slovakia","Population","million",5.457542,5.506045,5.472563,5.419310999999999,5.356787000000001,5.292921000000001,5.236546000000001,5.186581,5.138229,5.085973,5.035850000000001,5.000349,4.989884,5.007375,5.04826,5.103712000000001,5.164767
"IIASA-WiC POP 2023","SSP3","Slovenia","Population","million",2.116256,2.110391,2.094343,2.075272,2.057123,2.038484,2.018836,1.9982280000000001,1.9793640000000001,1.963306,1.9531,1.950275,1.955003,1.966406,1.982769,2.001996,2.022258
"IIASA-WiC POP 2023","SSP3","Sweden","Population","million",10.321414,10.516422,10.662276,10.803048,10.975648,11.186463,11.443473000000001,11.694088,11.946251,12.206794,12.495674000000001,12.811384,13.135757,13.457956000000001,13.791528000000001,14.155104,14.543023
"IIASA-WiC POP 2023","SSP3","Eswatini","Population","million",1.17422,1.240458,1.304549999999999,1.367578999999999,1.427537,1.479922,1.522751,1.55549,1.5795620000000001,1.6001489999999992,1.617657,1.631559,1.641857,1.6493309999999992,1.655303,1.660639,1.666221
"IIASA-WiC POP 2023","SSP3","Seychelles","Population","million",0.105011,0.10919899999999999,0.11328700000000001,0.11699000000000001,0.12022899999999999,0.12268599999999999,0.12461799999999901,0.126241,0.12773500000000002,0.12917199999999998,0.130585,0.13205899999999998,0.13362200000000002,0.13528,0.13692300000000002,0.13844099999999998,0.139814
"IIASA-WiC POP 2023","SSP3","Syria","Population","million",20.486035,22.164954,24.141871,26.423251,28.732950000000002,30.794859000000002,32.588693,34.283218,36.011243,37.830042999999996,39.666496,41.416267999999995,43.019176,44.47538,45.855875000000104,47.188855000000004,48.551704
"IIASA-WiC POP 2023","SSP3","Chad","Population","million",16.37919,19.341162,22.774974,26.724845000000002,31.212042,35.997979,41.082674,46.411658,51.888766000000004,57.399698,62.843279,68.215287,73.307086,78.21319899999999,82.67792600000001,86.593701,90.027556
"IIASA-WiC POP 2023","SSP3","Togo","Population","million",8.34223400000001,9.412198,10.577086,11.82516,13.147264999999999,14.481280000000002,15.818100000000001,17.165560000000003,18.493037,19.793344,20.999379,22.122687000000003,23.144688,24.111177,25.043058000000002,25.927725,26.752889
"IIASA-WiC POP 2023","SSP3","Thailand","Population","million",71.389373,72.035246,72.2316789999999,71.95011500000001,71.174519,69.91490300000001,68.26765200000011,66.40029799999999,64.501981,62.644629,60.884192000000006,59.213509,57.6562209999999,56.243135,54.999284,53.956699,53.091257
"IIASA-WiC POP 2023","SSP3","Tajikistan","Population","million",9.44281400000001,10.520482,11.600761,12.731955000000001,13.931748,15.124467000000001,16.252038000000002,17.325817999999998,18.341905,19.293181,20.180902,21.018576000000003,21.811814,22.575991000000002,23.284936000000002,23.951929,24.583489
"IIASA-WiC POP 2023","SSP3","Turkmenistan","Population","million",6.20436199999999,6.757588,7.255380000000001,7.727386000000011,8.20654,8.67750600000001,9.12694000000001,9.51960600000001,9.85864200000001,10.143835,10.405866,10.663122,10.915248,11.150486,11.354049999999999,11.523155000000001,11.665213
"IIASA-WiC POP 2023","SSP3","Timor-Leste","Population","million",1.289747,1.408038,1.537936999999999,1.673139,1.807055,1.9286780000000001,2.040412,2.143123,2.2359809999999998,2.31649,2.386409999999999,2.444874,2.494261,2.536963999999999,2.575901,2.612993,2.6495319999999998
"IIASA-WiC POP 2023","SSP3","Tonga","Population","million",0.10487600000000001,0.11117300000000001,0.117866,0.12493699999999999,0.13228,0.138799,0.14444900000000002,0.14918099999999998,0.153198,0.157131,0.16129000000000002,0.16561299999999998,0.169926,0.17425000000000002,0.178569,0.183175,0.188288999999999
"IIASA-WiC POP 2023","SSP3","Trinidad and Tobago","Population","million",1.5139010000000002,1.536786,1.552541999999999,1.562414999999999,1.567493,1.566257,1.5590069999999998,1.548775,1.537847,1.527568,1.518842,1.5126110000000001,1.509512,1.5121600000000002,1.520811999999999,1.53328,1.5492139999999992
"IIASA-WiC POP 2023","SSP3","Tunisia","Population","million",12.106245000000001,12.687573,13.228629000000002,13.689441,14.111210999999999,14.492637,14.851333,15.173292,15.454654000000001,15.698162,15.930752,16.179392,16.46322,16.785449,17.134514,17.489015,17.836484000000002
"IIASA-WiC POP 2023","SSP3","Turkey","Population","million",83.811677,87.380875,90.778082,93.83424400000001,96.649101,98.986371,100.75959399999999,102.07566800000001,103.004306,103.68197900000001,104.264112,104.795035,105.29261100000001,105.814021,106.440686,107.220601,108.158597
"IIASA-WiC POP 2023","SSP3","Taiwan","Population","million",23.800895,23.613758,23.33763,22.927183000000003,22.324803,21.55019,20.701855,19.757599,18.800812,17.888077000000003,17.027946,16.244091,15.577128,15.033713,14.602298000000001,14.274964,14.027407
"IIASA-WiC POP 2023","SSP3","Tanzania","Population","million",60.771967,70.627588,81.427955,93.48711999999999,106.860317,121.11032900000001,136.198752,151.725821,167.831609,184.022096,199.958559,215.85926800000001,230.953028,244.74732500000002,257.393783,269.307379,280.720881
"IIASA-WiC POP 2023","SSP3","Uganda","Population","million",43.685862,51.049691,59.118497000000005,68.00179,77.625931,87.69017699999999,98.226549,108.890946,119.797404,130.565314,141.348006,151.62574600000002,161.280267,170.17262,178.34156700000003,186.10275700000003,193.568903
"IIASA-WiC POP 2023","SSP3","Ukraine","Population","million",44.090697999999996,36.364349999999895,36.801944000000006,36.681666,36.157807,35.349693,34.468746,33.563062,32.711525,31.928914000000002,31.264453000000003,30.761947,30.432952,30.255873,30.182289,30.163951,30.175815
"IIASA-WiC POP 2023","SSP3","Uruguay","Population","million",3.428267,3.425275,3.435163,3.446529,3.454059,3.448622,3.430999,3.403461,3.370012,3.333576,3.294949,3.252443,3.205081,3.153831,3.101487,3.051774,3.009261
"IIASA-WiC POP 2023","SSP3","United States","Population","million",335.388236,340.622578,347.240184,354.018218,360.77534499999996,366.857735,372.819415,378.589898,385.30136400000004,393.12561700000003,401.95169500000003,411.23182,420.497001,429.693201,439.152913,449.283549,460.173631
"IIASA-WiC POP 2023","SSP3","Uzbekistan","Population","million",33.243472000000004,36.268422,39.0918559999999,41.811383999999904,44.616415,47.4501329999999,50.255779000000004,52.8173789999999,55.10483,57.1279069999999,59.0400719999999,60.9048479999999,62.716343,64.448215,66.098308,67.672173,69.0987859999999
"IIASA-WiC POP 2023","SSP3","Saint Vincent and the Grenadines","Population","million",0.104708,0.10399800000000001,0.10473,0.105143,0.10541099999999999,0.10534900000000001,0.10488700000000001,0.104234,0.103643,0.103295,0.103223,0.10337,0.10373399999999901,0.10432000000000001,0.10517499999999999,0.10634600000000001,0.10785499999999999
"IIASA-WiC POP 2023","SSP3","Venezuela","Population","million",28.628829000000003,29.923164,31.394703000000003,32.864941,34.2208559999999,35.374597,36.400574999999996,37.410131,38.4383579999999,39.426514000000005,40.381613,41.31501600000001,42.230134,43.126698,43.984066,44.786996,45.568505
"IIASA-WiC POP 2023","SSP3","United States Virgin Islands","Population","million",0.100544,0.09899200000000001,0.097687,0.09659000000000001,0.09576000000000001,0.09526300000000001,0.095237,0.09566799999999999,0.096512,0.097714,0.09933299999999999,0.101336,0.103617,0.106086,0.108613,0.11112699999999999,0.11359899999999999
"IIASA-WiC POP 2023","SSP3","Viet Nam","Population","million",96.203591,100.101353,103.544043,106.36394,108.77191,110.683442,112.216905,113.444186,114.368475,114.98831299999999,115.430144,115.84212699999999,116.358845,117.077533,118.035567,119.209209,120.53120600000001
"IIASA-WiC POP 2023","SSP3","Vanuatu","Population","million",0.30798000000000003,0.346478,0.387125,0.43071899999999996,0.477325,0.525027,0.5727479999999999,0.6197590000000001,0.666957,0.712967999999999,0.756864999999999,0.797744,0.837329999999999,0.876473,0.914867,0.9520639999999999,0.9874229999999999
"IIASA-WiC POP 2023","SSP3","Samoa","Population","million",0.21306200000000003,0.23275800000000002,0.25320000000000004,0.27427300000000004,0.29585500000000003,0.316727,0.33648,0.35460800000000003,0.371471999999999,0.388015,0.40379099999999996,0.41879299999999997,0.43362700000000004,0.44857100000000005,0.46366500000000005,0.47916499999999995,0.49484599999999995
"IIASA-WiC POP 2023","SSP3","Yemen","Population","million",31.927134,35.995017999999995,40.367289,44.906399,49.592273999999996,54.2535119999999,58.806427000000006,63.1547659999999,67.33980899999999,71.143175,74.435854,77.272412,79.82196400000001,82.23177499999991,84.482485,86.537628,88.3462029999999
"IIASA-WiC POP 2023","SSP3","South Africa","Population","million",58.466146,60.744735,62.939491000000004,64.863007,66.52706,67.784544,68.587254,69.12323500000001,69.478734,69.66415999999991,69.680349,69.58198200000001,69.386438,69.189547,68.98565300000001,68.7482019999999,68.4749639999999
"IIASA-WiC POP 2023","SSP3","Zambia","Population","million",18.654917,21.337786,24.148255000000002,27.166483,30.361804,33.568521000000004,36.738052,39.85701,42.951488,45.855658000000005,48.530314,50.903009,52.932357,54.759927000000005,56.433095,57.921963000000005,59.216083
"IIASA-WiC POP 2023","SSP3","Zimbabwe","Population","million",15.505219,17.097467,18.652368,20.221862,21.773889,23.233682,24.553753,25.725118,26.726205000000004,27.544117999999997,28.185107000000002,28.743703000000004,29.230447,29.642764,29.956211,30.195683000000002,30.370238
"IIASA-WiC POP 2023","SSP4","Aruba","Population","million",0.10666400000000001,0.10892600000000001,0.11150399999999999,0.11414,0.116948,0.11967299999999999,0.122333,0.12526900000000002,0.128836,0.13262700000000002,0.136533,0.140322,0.143694,0.146575999999999,0.14896,0.15085300000000001,0.152311
"IIASA-WiC POP 2023","SSP4","Afghanistan","Population","million",38.326031,44.443313,51.316728000000005,58.7579979999999,66.639335,74.6028949999999,82.6541670000001,90.73773299999999,98.795444,106.643779,113.990897,120.77488000000001,126.775627,131.977341,136.760905,141.227943,145.293497
"IIASA-WiC POP 2023","SSP4","Angola","Population","million",32.899002,38.680464,45.189086,52.540528,60.728495,69.282483,78.158025,87.277791,96.7095169999999,106.054276,115.015697,123.542621,131.290447,138.083913,143.894719,149.155509,153.895858
"IIASA-WiC POP 2023","SSP4","Albania","Population","million",2.8721300000000003,2.785784999999999,2.696919,2.582879,2.453504,2.3195360000000003,2.185187,2.053134,1.9255849999999999,1.810411,1.70586,1.608743,1.5162309999999999,1.426841,1.339936,1.258191,1.1842489999999999
"IIASA-WiC POP 2023","SSP4","United Arab Emirates","Population","million",9.247554000000001,9.813462,10.353698000000001,10.823055,11.225278000000001,11.577316000000001,11.886625,12.112171,12.223097,12.172373,11.982697,11.706419,11.417742,11.178719,11.002248,10.846909,10.651586
"IIASA-WiC POP 2023","SSP4","Argentina","Population","million",44.908440999999996,46.16799700000001,47.612004999999996,49.110833,50.618582,51.964644,53.188756999999995,54.308621,55.302319000000004,56.187736,57.006884,57.77605200000001,58.482001,59.138985000000005,59.7775759999999,60.432704,61.148068
"IIASA-WiC POP 2023","SSP4","Armenia","Population","million",2.812494,2.754908,2.70051,2.630958,2.554327,2.478658,2.402777999999999,2.32631,2.249731,2.177749,2.10834,2.039524,1.970378999999999,1.902405,1.8392469999999999,1.782397,1.729114
"IIASA-WiC POP 2023","SSP4","Antigua and Barbuda","Population","million",0.092375,0.09562699999999999,0.09859899999999999,0.101248999999999,0.10350400000000001,0.10516700000000001,0.10641800000000001,0.107448,0.108519999999999,0.109445,0.110219,0.11079000000000001,0.111099999999999,0.11116200000000001,0.11099800000000001,0.110581,0.10990899999999999
"IIASA-WiC POP 2023","SSP4","Australia","Population","million",25.544183,26.495297,27.340202,28.046542000000002,28.624450000000003,29.156752,29.659556000000002,30.075094,30.39893,30.594239,30.666444,30.612001,30.416265,30.053023000000003,29.52064,28.844742999999998,28.056163
"IIASA-WiC POP 2023","SSP4","Austria","Population","million",8.901099999999989,9.02518300000001,9.048757,9.039655000000002,9.004459,8.965508999999988,8.913651,8.833168,8.726963,8.599236999999999,8.463732,8.316082,8.141762,7.93318,7.69472,7.434909,7.160169
"IIASA-WiC POP 2023","SSP4","Azerbaijan","Population","million",10.273527,10.461682000000001,10.638984,10.76089,10.795950000000001,10.738010000000001,10.595346,10.392342000000001,10.149434,9.87423500000001,9.563011000000001,9.21643,8.84049900000001,8.452368,8.062178,7.6726220000000005,7.274446
"IIASA-WiC POP 2023","SSP4","Burundi","Population","million",12.053895,13.762484,15.621895,17.686552,19.932567,22.192082,24.418962,26.570189,28.651333,30.660774000000004,32.553288,34.30698999999991,35.852638,37.169686000000006,38.352724,39.443038,40.440211000000005
"IIASA-WiC POP 2023","SSP4","Belgium","Population","million",11.54127,11.665792,11.731395000000001,11.776124,11.797198,11.807545000000001,11.802146,11.756522,11.68081,11.578966000000001,11.457646,11.315258,11.139737,10.920831,10.656778000000001,10.354424000000002,10.019501
"IIASA-WiC POP 2023","SSP4","Benin","Population","million",12.466822,14.395399,16.554204000000002,18.917816,21.481488000000002,24.118449000000002,26.84685,29.640681,32.446932000000004,35.27733800000001,38.017775,40.664410000000004,43.08613,45.330222,47.36327599999991,49.260479000000004,51.058952
"IIASA-WiC POP 2023","SSP4","Burkina Faso","Population","million",21.23189,24.364053000000002,27.948314,31.966482,36.40279,41.013448,45.747792000000004,50.486397,55.259589,60.010446,64.680848,69.19088599999989,73.4113899999999,77.234968,80.67146699999991,83.903314,87.051648
"IIASA-WiC POP 2023","SSP4","Bangladesh","Population","million",166.42699100000002,176.097741,185.07466,192.711073,199.105038,204.076976,207.94767199999998,210.93815,212.96615100000002,214.001794,214.167609,213.71259400000002,212.91382199999998,211.911817,210.82079199999998,209.832693,209.321649
"IIASA-WiC POP 2023","SSP4","Bulgaria","Population","million",7.02023900000001,6.66492500000001,6.3873950000000015,6.11186700000001,5.839615,5.581701,5.339505,5.106364,4.876176,4.647699999999999,4.421969,4.20184,3.994791,3.8032880000000002,3.628482,3.465189,3.302563
"IIASA-WiC POP 2023","SSP4","Bahrain","Population","million",1.494035,1.629336,1.75935,1.8847369999999999,2.007227,2.120649,2.22395,2.3120950000000002,2.384516999999999,2.433757999999999,2.46352,2.480401,2.492087,2.505098,2.519071,2.528117,2.52603
"IIASA-WiC POP 2023","SSP4","Bahamas","Population","million",0.405769,0.41636900000000004,0.42804000000000003,0.439154,0.44861500000000004,0.455522,0.460462,0.46405199999999996,0.467007,0.46931000000000006,0.47129000000000004,0.472815999999999,0.473628,0.473692,0.47328199999999904,0.472808,0.47261000000000003
"IIASA-WiC POP 2023","SSP4","Bosnia and Herzegovina","Population","million",3.340977,3.174226,3.045065,2.903849,2.7542649999999993,2.605884,2.462513,2.326513,2.198192,2.080324,1.971016,1.868601,1.773282,1.684502,1.601918,1.523996,1.448532999999999
"IIASA-WiC POP 2023","SSP4","Belarus","Population","million",9.661039,9.375575000000001,9.165017,8.94358800000001,8.717248,8.501702,8.286837,8.061844,7.828704,7.587496000000001,7.340162,7.087578000000001,6.83101,6.57495199999999,6.3228480000000005,6.070546999999999,5.8057680000000005
"IIASA-WiC POP 2023","SSP4","Belize","Population","million",0.392424,0.42594600000000005,0.46121199999999996,0.494811,0.526166,0.555091,0.5830609999999999,0.6102679999999999,0.636618000000001,0.66088,0.682874999999999,0.702559000000001,0.7205599999999991,0.737324,0.753251,0.768614,0.78339
"IIASA-WiC POP 2023","SSP4","Bolivia","Population","million",11.862352000000001,12.69119,13.661169000000001,14.639954,15.576053,16.428085,17.167874,17.800128,18.374329000000003,18.90791,19.401776,19.855709,20.253453,20.613498,20.96078,21.312562000000003,21.661677
"IIASA-WiC POP 2023","SSP4","Brazil","Population","million",212.564938,218.130479,223.930521,228.83066200000002,232.657598,235.00935,236.161616,236.47472700000003,236.19291800000002,235.259008,233.81124100000002,231.989511,230.048197,228.270439,226.932648,226.132067,225.877622
"IIASA-WiC POP 2023","SSP4","Barbados","Population","million",0.280426,0.283088,0.285617,0.287532,0.288599,0.28862299999999996,0.288205,0.28830700000000004,0.28959500000000005,0.291757,0.294537,0.29761099999999996,0.300836,0.30410499999999996,0.307614,0.31132600000000005,0.315091
"IIASA-WiC POP 2023","SSP4","Brunei Darussalam","Population","million",0.439894,0.46275700000000003,0.48429000000000005,0.504335999999999,0.523034,0.5392870000000001,0.553346999999998,0.565485,0.5767479999999999,0.586861,0.596501,0.605874,0.6150570000000001,0.624278,0.633679999999999,0.643269,0.6530209999999991
"IIASA-WiC POP 2023","SSP4","Bhutan","Population","million",0.769996999999999,0.7998919999999999,0.8290420000000001,0.8558609999999991,0.878939999999999,0.895558,0.9059229999999999,0.9111529999999991,0.912239999999999,0.9084260000000001,0.899669000000001,0.8867839999999999,0.871659,0.856352999999999,0.8423400000000001,0.829889,0.818624
"IIASA-WiC POP 2023","SSP4","Botswana","Population","million",2.523551,2.735991,2.936247,3.130585,3.314955,3.476486,3.60781,3.7127470000000002,3.80287,3.878036,3.937836,3.9831659999999998,4.011014,4.027006,4.029227,4.02271,4.006686
"IIASA-WiC POP 2023","SSP4","Central African Republic","Population","million",5.272024,6.112439,7.084357,8.17462100000001,9.340535000000012,10.507774,11.707276,12.930635,14.167849,15.390087,16.581243999999998,17.727100999999998,18.815545999999998,19.842678,20.771876,21.606147,22.389371
"IIASA-WiC POP 2023","SSP4","Canada","Population","million",37.758236,38.559104,39.188843999999996,39.66604,39.969659,40.196830999999996,40.390979,40.459451,40.457021999999995,40.374075,40.211156,39.918137,39.450858000000004,38.784085,37.919156,36.882650000000005,35.708477
"IIASA-WiC POP 2023","SSP4","Switzerland","Population","million",8.606425999999999,8.828370000000001,8.959086,9.056899,9.130763000000002,9.206552,9.28842200000001,9.344554,9.369009,9.357179,9.324112999999999,9.27203900000001,9.19216000000001,9.07591799999999,8.921709000000002,8.731603,8.507811000000011
"IIASA-WiC POP 2023","SSP4","Chile","Population","million",19.206692,19.62003,20.066714,20.445988000000003,20.731099999999998,20.893394,20.976387,20.984001,20.928842,20.819426,20.669639,20.47862,20.251952000000003,20.011495,19.786194,19.601477,19.468968
"IIASA-WiC POP 2023","SSP4","China","Population","million",1423.9980170000001,1424.1397590000001,1410.46719,1387.506412,1356.0537709999999,1316.285125,1266.960242,1208.3630190000001,1143.3508330000002,1075.799483,1008.839868,943.304482,878.272281000001,814.185982000001,753.0046090000001,695.457909999999,640.1318670000011
"IIASA-WiC POP 2023","SSP4","C?te d'Ivoire","Population","million",26.477572000000002,29.841328,33.326789,37.03383,40.887655,44.675683,48.357755,51.955699,55.401111,58.648844,61.651203,64.276034,66.5374420000001,68.651102,70.69180100000001,72.626912,74.417366
"IIASA-WiC POP 2023","SSP4","Cameroon","Population","million",26.137122,29.723885,33.4883989999999,37.486345,41.67684,45.875576,50.024665,54.106577,58.0253149999999,61.714353,65.172887,68.1479289999999,70.734371,72.83529700000001,74.691837,76.389699,77.7458400000001
"IIASA-WiC POP 2023","SSP4","Democratic Republic of the Congo","Population","million",91.33195500000011,108.41497700000001,128.40659200000002,151.173902,176.835535,204.389327,233.63821900000002,264.42130099999997,296.590646,329.113185,361.59790399999997,393.54873200000003,424.311081,453.61325400000004,479.991633,503.39591700000005,523.762697
"IIASA-WiC POP 2023","SSP4","Congo","Population","million",5.635288,6.359856,7.123278,7.949503,8.81938800000001,9.67870200000001,10.528891,11.358073000000001,12.157487999999999,12.929703,13.64141,14.260437,14.796245,15.281138,15.731031999999999,16.138195,16.498589
"IIASA-WiC POP 2023","SSP4","Colombia","Population","million",50.617025999999996,52.594344,54.717013,56.584731,58.167028,59.338277000000005,60.2427,60.976144000000005,61.593699,62.072517999999995,62.406934,62.6173529999999,62.72358800000001,62.83568,63.064814,63.455836000000005,64.0113769999999
"IIASA-WiC POP 2023","SSP4","Comoros","Population","million",0.798327,0.886853,0.981915,1.081119,1.184626999999999,1.2873809999999999,1.38889,1.487639,1.581438,1.6706159999999999,1.749867,1.8215379999999999,1.884176,1.942548,1.9984100000000002,2.051008,2.099207
"IIASA-WiC POP 2023","SSP4","Cabo Verde","Population","million",0.579929,0.6106240000000001,0.641336000000001,0.668625,0.693040999999999,0.712737,0.728974999999999,0.742068,0.752459999999999,0.760371999999999,0.765756,0.768803,0.7708349999999999,0.7729239999999991,0.7763260000000001,0.7814740000000001,0.788366999999999
"IIASA-WiC POP 2023","SSP4","Costa Rica","Population","million",5.105361,5.269948999999999,5.449343,5.616215,5.764255,5.8790949999999995,5.964605,6.02983399999999,6.083208,6.122859000000011,6.147426,6.153886999999989,6.145376000000001,6.13032,6.117221,6.109546000000001,6.109049
"IIASA-WiC POP 2023","SSP4","Cuba","Population","million",11.309226,11.227260000000001,11.192191000000001,11.123958,11.024789,10.875853,10.702018,10.510569,10.328299000000001,10.170164000000002,10.059077,9.982188,9.933336000000011,9.897165999999999,9.884633000000001,9.891704000000011,9.92884300000001
"IIASA-WiC POP 2023","SSP4","Cura?ao","Population","million",0.188601,0.19517400000000001,0.202096,0.208926,0.21567499999999998,0.22210200000000002,0.22855799999999998,0.23547700000000002,0.243044999999999,0.250039,0.256036,0.260679,0.263864,0.26578599999999997,0.266733999999999,0.266799,0.265926
"IIASA-WiC POP 2023","SSP4","Cyprus","Population","million",1.233777,1.281688,1.307423,1.326588,1.341799999999999,1.356158,1.3691330000000002,1.376352,1.376881,1.3680919999999999,1.350234,1.323548,1.2881,1.245555,1.199084,1.151560999999999,1.103122
"IIASA-WiC POP 2023","SSP4","Czechia","Population","million",10.537908,10.824612,10.641577,10.423365,10.200805,10.003770000000001,9.823701,9.63801100000001,9.420845,9.156602000000001,8.851291999999999,8.532323000000009,8.222904,7.931641,7.652283000000001,7.378619,7.099346
"IIASA-WiC POP 2023","SSP4","Germany","Population","million",83.267652,83.42270500000001,82.504068,81.43125500000001,80.2679000000001,79.129863,77.9246540000001,76.587586,75.140664,73.617041,72.10178599999999,70.537766,68.794496,66.809737,64.634045,62.342209000000004,59.959332
"IIASA-WiC POP 2023","SSP4","Djibouti","Population","million",1.082341,1.159126,1.237005,1.316068,1.393573,1.462561,1.518237,1.564214,1.6029930000000001,1.637873,1.670561,1.699296,1.721902,1.7387730000000001,1.751732,1.763272,1.7747959999999998
"IIASA-WiC POP 2023","SSP4","Denmark","Population","million",5.810771,5.887805999999999,5.917352,5.922633,5.904056,5.880772,5.8607330000000015,5.830027,5.788167,5.735614,5.676645000000001,5.611707000000001,5.535172999999999,5.436209,5.310406,5.16488,5.009546
"IIASA-WiC POP 2023","SSP4","Dominican Republic","Population","million",10.939341,11.590100000000001,12.224549000000001,12.815551,13.34284,13.769308,14.155173000000001,14.516879000000001,14.85711,15.161912000000001,15.432971,15.682968,15.920432000000002,16.161189,16.408991999999998,16.667277,16.930381
"IIASA-WiC POP 2023","SSP4","Algeria","Population","million",43.0909919999999,46.947918,50.480342,53.80203,57.16813500000001,60.505778,63.776026,66.659834,69.097515,71.09285799999999,72.930514,74.846225,76.90913400000001,79.039653,81.066662,82.86467999999999,84.41120500000001
"IIASA-WiC POP 2023","SSP4","Ecuador","Population","million",17.487158,18.491145,19.544468000000002,20.524186,21.396815999999998,22.150365,22.834208,23.457447000000002,24.017974,24.501901999999998,24.913009,25.257465,25.552677,25.821934000000002,26.083805,26.352651,26.656447
"IIASA-WiC POP 2023","SSP4","Egypt","Population","million",106.538717,116.53958100000001,127.18317900000001,138.597365,150.896997,163.195961,175.17496100000002,186.819829,198.23740700000002,208.832123,218.58934,227.932263,237.053867,245.796059,254.25549700000002,262.06232500000004,269.284581
"IIASA-WiC POP 2023","SSP4","Eritrea","Population","million",3.5236520000000002,3.8803400000000003,4.289576,4.726781,5.165743000000001,5.567172999999999,5.940719,6.296310000000001,6.639817,6.971799,7.264669,7.5174330000000005,7.7559840000000015,7.9975450000000015,8.245779,8.49674600000001,8.747285
"IIASA-WiC POP 2023","SSP4","Western Sahara","Population","million",0.551241,0.599220999999999,0.644432000000001,0.687886,0.7305400000000001,0.770304,0.808704,0.8457960000000001,0.8817159999999999,0.9138590000000001,0.943218999999999,0.9707450000000001,0.9965200000000001,1.019687,1.039093,1.054138,1.064968
"IIASA-WiC POP 2023","SSP4","Spain","Population","million",47.329955000000005,47.518129,47.579258,47.60933,47.616925,47.639381,47.653416,47.410908000000006,46.898322,46.09924,45.112767999999996,44.044771999999995,43.003493000000006,42.017663,40.999748000000004,39.83312,38.442959
"IIASA-WiC POP 2023","SSP4","Estonia","Population","million",1.329091,1.3445209999999999,1.303443,1.263225,1.225662,1.1925189999999999,1.161709,1.130417,1.097909,1.064169,1.029387,0.994054,0.9584750000000001,0.923126,0.8883989999999999,0.8542770000000001,0.8193779999999999
"IIASA-WiC POP 2023","SSP4","Ethiopia","Population","million",115.638354,131.770694,149.810734,169.493091,190.584909,212.172241,234.51592499999998,257.537109,281.307848,304.00799,325.44807000000003,344.51457,362.07385,379.09035,395.748061,411.679342,426.41834000000006
"IIASA-WiC POP 2023","SSP4","Finland","Population","million",5.525213,5.525132,5.4787420000000004,5.421182,5.35226600000001,5.283398,5.223318,5.151159,5.073709,4.99580300000001,4.917002,4.82908,4.725388,4.605358,4.471019,4.327262,4.178127000000001
"IIASA-WiC POP 2023","SSP4","Fiji","Population","million",0.9180899999999991,0.946014999999998,0.971634999999999,0.9934029999999999,1.011359,1.021821,1.026727,1.029502,1.031181,1.034492999999999,1.03853,1.043738,1.051340999999999,1.060665999999999,1.072409,1.086012,1.102498
"IIASA-WiC POP 2023","SSP4","France","Population","million",64.45775499999999,64.954532,65.318825,65.592831,65.7017309999999,65.6697980000001,65.47314899999999,65.103711,64.614342,64.03080200000001,63.362140000000004,62.646419,61.879717,61.013499,60.02406,58.886347,57.534022
"IIASA-WiC POP 2023","SSP4","Micronesia","Population","million",0.6408830000000001,0.671631,0.703298,0.732673,0.7581549999999999,0.7784449999999999,0.7933229999999991,0.8039219999999999,0.8123070000000011,0.821184999999999,0.830554,0.840314999999999,0.8496900000000001,0.8594120000000001,0.8696630000000001,0.881242,0.89446
"IIASA-WiC POP 2023","SSP4","Gabon","Population","million",2.267994,2.517156,2.7632700000000003,3.01281,3.266146,3.509373,3.73875,3.9526120000000002,4.145908,4.3118929999999995,4.453679,4.584665,4.706818,4.81722500000001,4.9135729999999995,4.992678,5.05804
"IIASA-WiC POP 2023","SSP4","United Kingdom","Population","million",66.95117200000001,67.679556,68.22655,68.6068519999999,68.855538,69.132585,69.4068679999999,69.407368,69.1610040000001,68.729606,68.20305800000001,67.573613,66.74470699999999,65.634197,64.244281,62.6368729999999,60.858529000000004
"IIASA-WiC POP 2023","SSP4","Georgia","Population","million",3.769183,3.611323,3.440496,3.266256,3.097556,2.936156,2.776697,2.616844,2.4586639999999997,2.314888,2.184954,2.066831,1.9592239999999999,1.8629479999999998,1.7784879999999998,1.704352,1.636048
"IIASA-WiC POP 2023","SSP4","Ghana","Population","million",31.849247,35.473687,39.43471100000001,43.689733000000004,48.283892,52.98402,57.756837,62.44691,67.158406,71.68319500000001,76.09098699999991,80.26729300000001,84.1145329999999,87.7610510000001,91.29238099999999,94.71264600000009,98.00624
"IIASA-WiC POP 2023","SSP4","Guinea","Population","million",13.041590000000001,14.719495000000002,16.535306000000002,18.445415,20.435033,22.417254,24.364407,26.275464,28.131109000000002,29.875282,31.494633999999998,32.911317000000004,34.165368,35.239529000000005,36.262857000000004,37.238303,38.154603
"IIASA-WiC POP 2023","SSP4","Guadeloupe","Population","million",0.39509299999999997,0.396592,0.397704,0.39596600000000004,0.39157000000000003,0.385109,0.37725899999999996,0.368896,0.36042799999999997,0.352705,0.345978,0.340421,0.33596899999999996,0.33198500000000003,0.327573,0.321957,0.314911999999999
"IIASA-WiC POP 2023","SSP4","Gambia","Population","million",2.541048,2.86131,3.22247,3.620185,4.035116,4.44488500000001,4.839895,5.2184110000000015,5.576420000000001,5.919079,6.23874000000001,6.522749,6.770079,6.997361,7.210631999999999,7.412856,7.601413
"IIASA-WiC POP 2023","SSP4","Guinea-Bissau","Population","million",1.993302,2.217565999999999,2.442397,2.671402,2.9023209999999997,3.118877,3.316402,3.493449,3.653957,3.7916119999999998,3.904099,3.990196,4.055815,4.106945,4.143428,4.167605,4.179459
"IIASA-WiC POP 2023","SSP4","Equatorial Guinea","Population","million",1.578364,1.7941880000000001,2.01909,2.259647,2.512851,2.767147,3.019922,3.266208,3.502132999999999,3.720469999999999,3.912239999999999,4.075954,4.206046000000001,4.314638,4.398773,4.456269000000001,4.481414
"IIASA-WiC POP 2023","SSP4","Greece","Population","million",10.543345,10.346093000000002,10.15469,9.967959,9.78494300000001,9.609906,9.436283,9.24136800000001,9.025448,8.787120000000002,8.534796,8.277318,8.024906,7.779911,7.534833,7.274722,6.985678
"IIASA-WiC POP 2023","SSP4","Grenada","Population","million",0.12316099999999999,0.126615,0.12923500000000002,0.13128700000000001,0.133402,0.13547900000000002,0.137351,0.138937999999999,0.140239,0.141535,0.14289400000000002,0.144267,0.145709,0.147374,0.14935800000000002,0.15166200000000002,0.154289999999999
"IIASA-WiC POP 2023","SSP4","Guatemala","Population","million",17.231175,18.69357,20.317442,21.914235,23.453389,24.809802,26.016766,27.087339,28.077613000000003,28.991477,29.808653,30.515507000000003,31.113731,31.641698,32.136347,32.621628,33.117675000000006
"IIASA-WiC POP 2023","SSP4","French Guiana","Population","million",0.287814,0.32426699999999997,0.36274599999999996,0.402152,0.441751,0.47956400000000005,0.517165,0.554406,0.59162,0.626869,0.6595719999999999,0.691145999999999,0.722341,0.753242,0.783771,0.813157,0.841461
"IIASA-WiC POP 2023","SSP4","Guam","Population","million",0.168571,0.17397100000000001,0.17987599999999998,0.185783,0.191083,0.195243,0.19824000000000003,0.20045500000000002,0.202767,0.20586400000000002,0.209618,0.213834,0.218029,0.222313999999999,0.22672599999999998,0.231378,0.23638699999999999
"IIASA-WiC POP 2023","SSP4","Guyana","Population","million",0.7918449999999999,0.8127199999999991,0.8321500000000011,0.846424,0.8545019999999991,0.8542529999999999,0.849692999999999,0.843568999999999,0.836577999999998,0.831052999999999,0.8266380000000001,0.823237,0.8212800000000001,0.8213889999999999,0.823847,0.828762,0.8363309999999999
"IIASA-WiC POP 2023","SSP4","Hong Kong","Population","million",7.501908,7.524203999999989,7.515506,7.47064700000001,7.400177,7.318827000000001,7.24051200000001,7.141957,7.025600000000001,6.885972,6.733127,6.567334,6.382693000000001,6.180575,5.963519000000002,5.734062,5.490405
"IIASA-WiC POP 2023","SSP4","Honduras","Population","million",10.041782999999999,10.882296,11.756874,12.606843000000001,13.394478,14.077909,14.709812,15.305781999999999,15.862753000000001,16.364665000000002,16.800527,17.179371,17.516993,17.834839,18.146566,18.462902999999997,18.788969
"IIASA-WiC POP 2023","SSP4","Croatia","Population","million",4.114644,3.972547,3.826024,3.68035,3.534585,3.395871,3.265599,3.143521,3.029406,2.922052,2.8185789999999997,2.716698,2.616518,2.518693,2.423285,2.3283620000000003,2.23186
"IIASA-WiC POP 2023","SSP4","Haiti","Population","million",11.234504999999999,12.081751,12.969231,13.851893,14.699910000000001,15.472957000000001,16.132969,16.661114,17.103947,17.497805,17.855888,18.177555,18.459648,18.709139,18.936923,19.157142,19.37974
"IIASA-WiC POP 2023","SSP4","Hungary","Population","million",9.77012300000001,9.570559,9.35496,9.105141,8.83282300000001,8.56198,8.299982,8.039104,7.767183,7.470731,7.155237,6.83466300000001,6.522222,6.219294,5.917993000000001,5.617415,5.317543
"IIASA-WiC POP 2023","SSP4","Indonesia","Population","million",270.825846,281.50016600000004,292.867104,302.930656,311.395576,317.78000099999997,322.421631,326.219773,329.384248,331.890334,333.819599,335.275971,336.392843,337.309111,338.139298,338.995339,339.986637
"IIASA-WiC POP 2023","SSP4","India","Population","million",1389.966394,1450.8192080000001,1517.6749439999999,1579.093858,1633.11499,1674.7642090000002,1706.477412,1734.274643,1759.309459,1778.878491,1792.7384680000002,1800.437815,1804.57946,1808.6143230000002,1814.871075,1823.350286,1833.6433200000001
"IIASA-WiC POP 2023","SSP4","Ireland","Population","million",4.925076,5.111194999999999,5.229333,5.33959300000001,5.443176999999999,5.5458359999999995,5.640377000000001,5.704979000000001,5.737876,5.7400269999999995,5.718688,5.680415,5.63184799999999,5.575756999999999,5.506735,5.413974,5.289589
"IIASA-WiC POP 2023","SSP4","Iran","Population","million",86.990161,90.44755100000009,93.4422340000001,95.6212770000001,97.110201,98.1222470000001,98.615762,98.490995,97.594957,95.95886899999991,93.671721,90.80277099999991,87.508101,84.02968700000001,80.609012,77.328116,74.0737190000001
"IIASA-WiC POP 2023","SSP4","Iraq","Population","million",42.042956,47.30931700000001,52.980866999999996,59.05588,65.564363,72.0501800000001,78.413683,84.7560109999999,90.986153,96.8420610000001,102.345777,107.68483400000001,112.91438000000001,117.985523,122.833078,127.425058,131.805125
"IIASA-WiC POP 2023","SSP4","Iceland","Population","million",0.36433000000000004,0.375425,0.38373700000000005,0.390065,0.39425699999999997,0.397262,0.39943900000000004,0.40012699999999995,0.39956400000000003,0.39790800000000004,0.395094,0.39098700000000003,0.385472,0.37837000000000004,0.369736,0.36003799999999997,0.349995
"IIASA-WiC POP 2023","SSP4","Israel","Population","million",8.685595,9.334546000000001,9.93966499999999,10.503737,11.042209999999999,11.58235,12.104411,12.585484000000001,13.007163,13.37325,13.689896000000001,13.966458000000001,14.20585,14.405215,14.558101,14.659561,14.707783
"IIASA-WiC POP 2023","SSP4","Italy","Population","million",59.639898,58.830674,57.893049,56.935731000000004,55.943896,54.951485999999996,53.919031000000004,52.66459,51.204336000000005,49.591604000000004,47.977341,46.472986,45.098756,43.776561,42.39296,40.874547,39.19411
"IIASA-WiC POP 2023","SSP4","Jamaica","Population","million",2.814476,2.842934,2.875267,2.895377,2.90048,2.885547,2.8573809999999993,2.8205270000000002,2.779353,2.7380999999999993,2.693752,2.647717,2.602976,2.564337,2.5357190000000003,2.518258,2.510253999999999
"IIASA-WiC POP 2023","SSP4","Jordan","Population","million",10.817082000000001,11.943502,13.122165,14.328876000000001,15.530785,16.656417,17.644344,18.523875,19.306854,20.030822,20.708632,21.335613000000002,21.878508999999998,22.34928,22.757842,23.122892,23.457702
"IIASA-WiC POP 2023","SSP4","Japan","Population","million",125.542768,122.268661,118.742942,114.860018,110.7032,106.508306,102.422092,98.451544,94.42004200000001,90.14792600000001,85.61689100000001,81.010163,76.6240109999999,72.55004799999999,68.680128,64.86426,61.00197
"IIASA-WiC POP 2023","SSP4","Kazakhstan","Population","million",18.861057000000002,19.877418000000002,20.884554,21.854878,22.855911,23.833434,24.768616,25.611615,26.316284,26.946287,27.574677,28.23962,28.946389,29.667499,30.376184000000002,31.056138999999998,31.71395
"IIASA-WiC POP 2023","SSP4","Kenya","Population","million",51.460216,56.93761,62.766929,68.90848299999999,75.139875,81.0980760000001,86.865814,92.298386,97.5296230000001,102.130245,106.085555,109.519895,112.686313,115.67067999999999,118.438654,120.87914599999999,122.94977899999999
"IIASA-WiC POP 2023","SSP4","Kyrgyzstan","Population","million",6.372332999999999,6.928542,7.462099,7.990680000000011,8.54104100000001,9.083596,9.586258,10.039137,10.440879,10.799496,11.141864,11.479700000000001,11.81203,12.143607,12.459412,12.762915999999999,13.057322000000001
"IIASA-WiC POP 2023","SSP4","Cambodia","Population","million",16.296273,17.364403,18.385417,19.346388,20.219413,20.913426,21.505328000000002,22.053953000000003,22.571206,23.016291000000002,23.362049,23.627605,23.855939,24.071901999999998,24.268801,24.437685000000002,24.592792000000003
"IIASA-WiC POP 2023","SSP4","Kiribati","Population","million",0.12525799999999998,0.13692000000000001,0.148068999999999,0.158349,0.168261,0.17799600000000002,0.18695199999999998,0.194712,0.200755,0.20546299999999998,0.20960800000000002,0.213727,0.217803,0.221659,0.22478499999999998,0.22725599999999999,0.229419999999999
"IIASA-WiC POP 2023","SSP4","South Korea","Population","million",51.858125,51.43339100000001,50.773034,49.829993,48.526659,46.93699,45.1561739999999,43.004110000000004,40.562830000000005,38.038796000000005,35.563313,33.176970000000004,30.877669,28.677855,26.545740000000002,24.469023,22.509152999999998
"IIASA-WiC POP 2023","SSP4","Kuwait","Population","million",4.468361,4.747843,4.9989830000000115,5.230139,5.446415,5.626977,5.75978,5.840693,5.884041,5.899874,5.920381000000001,5.9636759999999995,6.03057100000001,6.105031,6.163703000000001,6.193997,6.194189000000001
"IIASA-WiC POP 2023","SSP4","Laos","Population","million",7.265649000000001,7.805321,8.33275400000001,8.83491800000001,9.303496000000019,9.699785000000011,10.036592,10.341426,10.622829,10.872292999999999,11.091638000000001,11.292084000000001,11.490815000000001,11.697447,11.920954,12.158864,12.408634000000001
"IIASA-WiC POP 2023","SSP4","Lebanon","Population","million",5.694528,5.96077300000001,6.303282,6.64225,6.964787999999999,7.246931,7.486706,7.694031,7.896635000000001,8.094877,8.287456,8.457046,8.60165500000001,8.718482,8.81569300000001,8.903703,8.990219
"IIASA-WiC POP 2023","SSP4","Liberia","Population","million",5.034186,5.662771,6.33670100000001,7.062425,7.820773,8.564061,9.279338000000012,9.979794,10.647886000000002,11.28338,11.844412,12.330858000000001,12.742311,13.10355,13.421465000000001,13.701391,13.941791
"IIASA-WiC POP 2023","SSP4","Libya","Population","million",6.61202,7.070882,7.548029,8.039423,8.551869,9.02471499999999,9.422301,9.753236999999999,10.05668,10.360741,10.676148999999999,11.001182000000002,11.31301,11.599554,11.866705,12.126939,12.386130999999999
"IIASA-WiC POP 2023","SSP4","Saint Lucia","Population","million",0.17891800000000002,0.18119900000000003,0.18419300000000002,0.18643700000000002,0.187727,0.18786799999999998,0.187432,0.186775,0.186078,0.185273,0.184254,0.18309,0.18194300000000002,0.18101199999999998,0.18052500000000002,0.180544999999999,0.18098699999999998
"IIASA-WiC POP 2023","SSP4","Sri Lanka","Population","million",21.683158,22.274759,22.779894000000002,23.234381000000003,23.643963,23.930725,24.114955000000002,24.250456999999997,24.38804,24.537426,24.701983000000002,24.851923,25.000743,25.167104,25.350296999999998,25.557615000000002,25.793911
"IIASA-WiC POP 2023","SSP4","Lesotho","Population","million",2.239604,2.34464,2.432096,2.521083,2.608994,2.6851000000000003,2.752487,2.8062240000000003,2.845275,2.8680719999999997,2.884215,2.8972890000000002,2.906761,2.911875,2.913288,2.911912,2.909127
"IIASA-WiC POP 2023","SSP4","Lithuania","Population","million",2.835902,2.719442,2.567832,2.422371999999999,2.283823,2.157757,2.040728,1.9273159999999998,1.817962,1.718426,1.628953,1.548157,1.474815,1.406723,1.342965999999999,1.283642,1.228121
"IIASA-WiC POP 2023","SSP4","Luxembourg","Population","million",0.626072,0.6536949999999999,0.672261999999999,0.688093,0.7016530000000011,0.714731,0.727819,0.7381059999999999,0.7453350000000001,0.747939,0.7464079999999991,0.7411159999999991,0.732366,0.720148999999999,0.7044059999999991,0.685331000000001,0.6632009999999999
"IIASA-WiC POP 2023","SSP4","Latvia","Population","million",1.907241,1.832177,1.724731,1.6254,1.537038,1.460292999999999,1.391773,1.327757,1.267553,1.211894,1.160194,1.112039,1.066628999999999,1.023392,0.982108,0.942046,0.901227
"IIASA-WiC POP 2023","SSP4","Macao","Population","million",0.6700170000000001,0.697454,0.71972,0.7370950000000001,0.750927,0.7627590000000001,0.772892999999999,0.7785080000000001,0.780297,0.776871,0.769404,0.7576010000000011,0.7403929999999991,0.7170719999999999,0.688674999999999,0.6573169999999999,0.6242500000000001
"IIASA-WiC POP 2023","SSP4","Morocco","Population","million",36.488841,38.552608,40.488597999999996,42.299295,43.932983,45.272135999999996,46.408351,47.4410809999999,48.39479600000001,49.281352,50.088797,50.849128,51.572508999999904,52.315601,53.086764,53.887386,54.714373
"IIASA-WiC POP 2023","SSP4","Moldova","Population","million",3.095022,3.046235,2.9068389999999997,2.761568,2.62423,2.5007010000000003,2.3858539999999993,2.271857,2.157308,2.046291999999999,1.9391969999999992,1.8370989999999998,1.740972999999999,1.6520160000000002,1.570408,1.49401,1.419349
"IIASA-WiC POP 2023","SSP4","Madagascar","Population","million",27.879129000000002,31.577923,35.712267999999995,40.131254999999996,44.777182,49.53834,54.409993,59.322033000000005,64.299873,69.11603099999991,73.66448,77.950996,82.0699069999999,86.1169119999999,90.063789,93.851097,97.4406500000001
"IIASA-WiC POP 2023","SSP4","Maldives","Population","million",0.510881,0.5497659999999991,0.585204,0.618174999999999,0.6513439999999999,0.684318,0.7153330000000011,0.742135,0.763776,0.7786409999999999,0.788048,0.792512999999999,0.792803000000001,0.790505999999998,0.787744999999999,0.78588,0.7851479999999991
"IIASA-WiC POP 2023","SSP4","Mexico","Population","million",125.61046400000001,130.906117,137.111241,143.104308,148.65587200000002,153.322908,157.396739,161.199088,164.792157,168.12319399999998,171.21280900000002,174.082761,176.831882,179.58216099999999,182.419034,185.47484599999999,188.60142199999999
"IIASA-WiC POP 2023","SSP4","North Macedonia","Population","million",2.114026,2.090581,2.088567,2.071927999999999,2.041044,2.003114,1.961383,1.9172289999999998,1.870387,1.8196759999999998,1.764098999999999,1.703904,1.640403,1.57539,1.5101580000000001,1.445344,1.380448
"IIASA-WiC POP 2023","SSP4","Mali","Population","million",20.886783,24.561838,28.898972,33.772896,39.076269,44.553364,50.15456,55.9237610000001,61.747544999999896,67.5461029999999,73.2130689999999,78.5788949999999,83.686306,88.2083970000001,92.2303490000001,95.7096320000001,98.8754810000002
"IIASA-WiC POP 2023","SSP4","Malta","Population","million",0.509586,0.5163840000000001,0.518277,0.5157689999999999,0.5101100000000001,0.503854,0.49865299999999996,0.493039,0.486282,0.476966,0.46458699999999903,0.448972,0.43049899999999997,0.40979099999999996,0.387996,0.366375,0.34576599999999996
"IIASA-WiC POP 2023","SSP4","Myanmar","Population","million",53.227974,55.144988,56.863009,58.20008800000001,59.151773999999996,59.718075,60.084737000000004,60.303061,60.4122,60.417559000000004,60.353217,60.283086000000004,60.265774,60.324619,60.501078999999905,60.770117,61.122383000000006
"IIASA-WiC POP 2023","SSP4","Montenegro","Population","million",0.629888,0.646902999999999,0.636679,0.6251939999999999,0.613305,0.601904,0.590675,0.578938,0.5663980000000001,0.553076,0.538905,0.523922,0.508285,0.49229799999999996,0.47598700000000005,0.459171,0.44159099999999996
"IIASA-WiC POP 2023","SSP4","Mongolia","Population","million",3.26646,3.525394,3.7781659999999997,4.045693,4.33569,4.634215,4.939583,5.234573,5.507476,5.766932,6.015395000000001,6.257584,6.5006129999999995,6.747926,6.991390000000001,7.22408,7.439323000000001
"IIASA-WiC POP 2023","SSP4","Mozambique","Population","million",30.720751,35.162146,39.960563,45.210586000000006,50.855675000000005,56.649539,62.524691,68.48938199999989,74.459515,80.164478,85.5853399999999,90.353887,94.5563869999999,98.23344800000001,101.579812,104.655355,107.379186
"IIASA-WiC POP 2023","SSP4","Mauritania","Population","million",4.440927999999999,5.043994,5.7311390000000095,6.48186500000001,7.283212000000001,8.098554,8.915455,9.73718400000001,10.565227,11.381186,12.174566,12.90602,13.564053,14.194896000000002,14.818406000000001,15.436492000000001,16.039061
"IIASA-WiC POP 2023","SSP4","Martinique","Population","million",0.37095000000000006,0.365599,0.361022,0.355634,0.348169,0.338584999999999,0.327154,0.314986,0.30327800000000005,0.293389,0.28546000000000005,0.279061,0.273741,0.268779,0.263549,0.257642999999999,0.25094
"IIASA-WiC POP 2023","SSP4","Mauritius","Population","million",1.296971,1.300459,1.303993,1.30225,1.2933759999999999,1.2760500000000001,1.253421,1.230330999999999,1.209851,1.191885,1.174782,1.157541,1.140526,1.124938,1.112069,1.102884,1.0972
"IIASA-WiC POP 2023","SSP4","Malawi","Population","million",19.120889,21.797057000000002,24.763348,28.07534,31.619445,35.238945,38.921526,42.689451999999996,46.5216269999999,50.198739,53.691493,56.868351999999895,59.741260000000004,62.292218999999996,64.645386,66.848897,68.870239
"IIASA-WiC POP 2023","SSP4","Malaysia","Population","million",33.003633,34.816368000000004,36.589596,38.2832929999999,39.862828,41.258057,42.489909,43.587771000000004,44.573702,45.396744,46.05872,46.553458999999904,46.906464,47.174437,47.409332000000006,47.6420959999999,47.868754
"IIASA-WiC POP 2023","SSP4","Mayotte","Population","million",0.300354,0.360091,0.43188499999999996,0.517123999999999,0.618335999999999,0.7346239999999991,0.869745,1.027107,1.210439,1.422955999999999,1.6688200000000002,1.953059,2.281376,2.660027,3.095309,3.594084,4.163162000000001
"IIASA-WiC POP 2023","SSP4","Namibia","Population","million",2.467078,2.682206,2.901265,3.119792,3.345573,3.563359,3.772421,3.9665049999999997,4.135984,4.285546,4.414404999999999,4.53149,4.640692,4.741291,4.830812,4.905475,4.970463
"IIASA-WiC POP 2023","SSP4","New Caledonia","Population","million",0.285619,0.298356,0.308554,0.31657399999999997,0.322836,0.32781299999999997,0.33111700000000005,0.332584999999999,0.33219600000000005,0.330109,0.326690999999999,0.322202,0.316733,0.310263,0.302632,0.29388400000000003,0.283998
"IIASA-WiC POP 2023","SSP4","Niger","Population","million",23.88169,28.983204,35.290103,42.903289,51.937242,62.126047,73.6185789999999,86.377369,100.31576600000001,114.95899700000001,130.038412,145.39745000000002,160.612073,175.891622,190.759682,204.914207,217.38743
"IIASA-WiC POP 2023","SSP4","Nigeria","Population","million",205.78060000000002,233.86249700000002,266.67081900000005,304.604268,347.933734,394.6848,444.869367,497.626953,552.814145,609.2738,666.21279,723.245218,779.559301,833.667928,885.5115239999991,933.09114,975.858382
"IIASA-WiC POP 2023","SSP4","Nicaragua","Population","million",6.709703999999999,7.200365,7.687234,8.150331,8.56813300000001,8.90935200000001,9.21566400000001,9.500937,9.758517,9.988734000000001,10.18735,10.363866,10.529183999999999,10.700885000000001,10.885234,11.085462,11.303288
"IIASA-WiC POP 2023","SSP4","Netherlands","Population","million",17.402279,17.541832,17.589152,17.558644,17.43786,17.271656,17.085596000000002,16.856690999999998,16.598968000000003,16.331076,16.074271,15.823394,15.547350000000002,15.214030000000001,14.81392,14.355359,13.871718999999999
"IIASA-WiC POP 2023","SSP4","Norway","Population","million",5.367948,5.493533,5.583693,5.657614,5.713748,5.763886,5.8122869999999995,5.835046000000011,5.8349530000000005,5.812437,5.775215,5.726549,5.660183,5.5666530000000005,5.444526,5.300654000000001,5.140986
"IIASA-WiC POP 2023","SSP4","Nepal","Population","million",28.999223,30.744883,32.386991,33.8170909999999,35.07298,36.156224,37.167662,38.111078,38.925722,39.618386,40.210271,40.732925,41.217079,41.683839,42.183867,42.762571,43.459126
"IIASA-WiC POP 2023","SSP4","New Zealand","Population","million",5.026485,5.166502,5.28114700000001,5.368332,5.429674,5.478258,5.513268,5.52795,5.526072,5.508012,5.475405,5.425644,5.355492,5.26168,5.142657000000001,5.000345,4.838706
"IIASA-WiC POP 2023","SSP4","Oman","Population","million",4.589135000000001,5.01502900000001,5.42780700000001,5.808104,6.170843,6.530251000000001,6.87455,7.16594600000001,7.383726,7.522646,7.604657,7.660582000000001,7.729796,7.82859,7.956044,8.085043,8.186978
"IIASA-WiC POP 2023","SSP4","Pakistan","Population","million",225.11285900000001,250.101977,277.965168,307.890665,339.165912,370.319392,402.12919400000004,434.38228300000003,467.330056,499.195824,529.4885880000011,557.848336,584.4495330000001,610.3686899999999,636.2350780000011,661.9064530000011,687.091844
"IIASA-WiC POP 2023","SSP4","Panama","Population","million",4.265542000000001,4.560988999999989,4.86307199999999,5.158861,5.434058,5.678649,5.893236,6.092613,6.284838,6.463449,6.627912,6.774857,6.909851000000009,7.03396400000001,7.15323,7.266588,7.375375
"IIASA-WiC POP 2023","SSP4","Peru","Population","million",33.090275000000005,34.690092,36.421837000000004,38.023744,39.420809,40.564877,41.526256000000004,42.374593000000004,43.125325,43.759766000000006,44.291828,44.73938,45.146563,45.566008000000004,46.026345,46.5246649999999,47.0636099999999
"IIASA-WiC POP 2023","SSP4","Philippines","Population","million",111.287624,120.31070600000001,129.852417,139.440726,148.804424,157.535095,165.62234700000002,172.94253,179.464074,185.538138,191.318906,196.706259,201.76149700000002,206.324691,210.53202100000001,214.601735,218.697046
"IIASA-WiC POP 2023","SSP4","Papua New Guinea","Population","million",9.648816,10.715235000000002,11.812145000000001,12.923258,14.043519,15.105299,16.106723,17.022466,17.864279,18.594091000000002,19.250238000000003,19.841585,20.364810000000002,20.804655999999998,21.167737000000002,21.456991000000002,21.685337
"IIASA-WiC POP 2023","SSP4","Poland","Population","million",38.477961,38.925707,37.975386,36.933279000000006,35.834059,34.739029,33.67649,32.575379,31.420693,30.199081,28.888265,27.511798,26.131733,24.810257000000004,23.589312000000003,22.469617,21.416475
"IIASA-WiC POP 2023","SSP4","Puerto Rico","Population","million",3.2802189999999998,3.109604,2.950951,2.799585,2.657219,2.5229049999999997,2.4049490000000002,2.300287,2.212954,2.143553,2.089583,2.047381,2.013103,1.983845,1.9578959999999999,1.934022,1.9116309999999999
"IIASA-WiC POP 2023","SSP4","North Korea","Population","million",25.813238000000002,26.317994,26.325779,26.010544000000003,25.508869,24.89162,24.186089,23.374402999999997,22.417261,21.369719,20.309082,19.255588,18.200369,17.127719000000003,16.033991,14.933888999999999,13.862269000000001
"IIASA-WiC POP 2023","SSP4","Portugal","Population","million",10.298401,10.176496,10.012450000000001,9.847014999999999,9.66907500000001,9.488852000000001,9.30409600000001,9.105751,8.896124,8.671924,8.441049999999999,8.213907999999991,8.001402,7.8030550000000005,7.602814,7.3827300000000005,7.133847
"IIASA-WiC POP 2023","SSP4","Paraguay","Population","million",6.573036,7.035904,7.523434000000011,7.978417,8.41418200000001,8.793717000000001,9.135374,9.431102000000001,9.696863,9.94314499999999,10.167634,10.371084000000002,10.553794,10.728814,10.902576,11.084620000000001,11.272535
"IIASA-WiC POP 2023","SSP4","Palestine","Population","million",4.961984,5.59575,6.260968,6.94058,7.6250350000000005,8.283132,8.92235200000001,9.51789500000001,10.070342,10.573476000000001,11.031787000000001,11.471252,11.907142,12.335417,12.769680000000001,13.193449000000001,13.615517
"IIASA-WiC POP 2023","SSP4","French Polynesia","Population","million",1.009624,1.051235,1.089346,1.121541,1.147202,1.164895,1.174181,1.174075,1.16652,1.15685,1.145799,1.13375,1.121223,1.108951,1.097435,1.087452,1.079062
"IIASA-WiC POP 2023","SSP4","Qatar","Population","million",2.828629,3.130663,3.423047,3.712928,4.008362,4.299663,4.571247,4.8097639999999995,5.007012,5.133431,5.194189000000001,5.201633,5.177665,5.1459,5.11941899999999,5.09121499999999,5.041818
"IIASA-WiC POP 2023","SSP4","R?union","Population","million",0.95352,0.9974640000000001,1.030298,1.054697,1.073311,1.086921,1.094294,1.095903,1.092423,1.086114,1.078455,1.070088,1.060363,1.048314,1.032897,1.013344,0.9892059999999999
"IIASA-WiC POP 2023","SSP4","Romania","Population","million",19.489725,18.844179,18.202748,17.500815,16.776091,16.050688,15.326122,14.598182000000001,13.848668,13.093165,12.35905,11.673626,11.040832,10.458943,9.921570000000001,9.416615,8.921536000000009
"IIASA-WiC POP 2023","SSP4","Russian Federation","Population","million",145.761661,145.05673800000002,142.539875,139.857135,137.210379,134.849242,132.57198300000002,130.01006,127.13926,123.89393600000001,120.34477000000001,116.59419500000001,112.730055,108.844644,104.95888099999999,100.987988,96.74324700000001
"IIASA-WiC POP 2023","SSP4","Rwanda","Population","million",12.987328999999999,14.601266,16.287536,18.079414,19.957477,21.823439,23.688914,25.533558000000003,27.367269,29.080114000000002,30.672853,32.085145000000004,33.327732000000005,34.502079,35.649681,36.741502999999994,37.748523999999996
"IIASA-WiC POP 2023","SSP4","Saudi Arabia","Population","million",36.229969,39.390258,42.404120000000006,45.262189,47.908970000000004,50.13879,51.9661549999999,53.458869,54.695378,55.674685,56.523219,57.304234,58.0625210000001,58.810134,59.525411999999996,60.138709000000006,60.637686
"IIASA-WiC POP 2023","SSP4","Sudan","Population","million",43.82806,49.408557,54.674696000000004,59.493911999999995,63.7981649999999,67.922471,71.71782299999991,74.956436,77.51587699999999,79.4220050000002,80.659446,81.203399,81.1830009999999,80.567995,79.475977,77.947119,76.00780499999999
"IIASA-WiC POP 2023","SSP4","Senegal","Population","million",16.215468,18.503787,21.067434000000002,23.901143,26.977563,30.177356,33.439992,36.715996,40.035226,43.3511989999999,46.62885,49.814602,52.800647,55.590585,58.324674,61.057317000000005,63.766805999999995
"IIASA-WiC POP 2023","SSP4","Singapore","Population","million",5.893521,6.098496,6.2670200000000005,6.382974,6.444115,6.46504,6.457851,6.421079000000009,6.364603,6.27446399999999,6.15599300000001,6.01077100000001,5.836305,5.63087800000001,5.39468600000001,5.130319000000001,4.842117
"IIASA-WiC POP 2023","SSP4","Solomon Islands","Population","million",0.6828970000000001,0.773447,0.871552,0.9763630000000001,1.088241,1.200994,1.3141150000000001,1.427306,1.53868,1.647359,1.747544,1.8410250000000001,1.9257209999999998,2.005512,2.081487,2.153225,2.218658
"IIASA-WiC POP 2023","SSP4","Sierra Leone","Population","million",8.140207,9.129959000000001,10.178116000000001,11.260044,12.365683,13.428313000000001,14.462278000000001,15.463382,16.409762999999998,17.267775,18.007077000000002,18.618612000000002,19.150419999999997,19.627031,20.042689,20.392629000000003,20.669254000000002
"IIASA-WiC POP 2023","SSP4","El Salvador","Population","million",6.280916,6.39592400000001,6.518686,6.612354000000001,6.67605300000001,6.704541000000001,6.70815,6.694657,6.667029,6.639992,6.613469,6.5892589999999895,6.569163,6.561465,6.573984,6.614365,6.689264
"IIASA-WiC POP 2023","SSP4","Somalia","Population","million",16.272863,19.184627000000003,22.705330000000004,26.791859000000002,31.382591,36.356919000000005,41.736703000000006,47.514683,53.574743000000005,59.795623,66.07954700000009,72.37172500000001,78.67435400000001,84.901495,90.95425999999999,96.524559,101.716715
"IIASA-WiC POP 2023","SSP4","Serbia","Population","million",7.384063,7.138878,7.00086200000001,6.8478259999999995,6.678368000000001,6.513253,6.356565,6.205097,6.052144,5.887417999999999,5.7112300000000005,5.527658000000001,5.340175,5.150328000000001,4.9578679999999995,4.760299,4.5529920000000015
"IIASA-WiC POP 2023","SSP4","South Sudan","Population","million",10.545439,11.147781000000002,11.937316000000001,12.897691000000002,13.904643,14.717073000000001,15.297325,15.780403,16.276531000000002,16.825544,17.357406,17.79785,18.155564,18.520974,18.960409,19.481285,20.069934
"IIASA-WiC POP 2023","SSP4","Sao Tome and Principe","Population","million",0.21622000000000002,0.239083,0.263946,0.29,0.31624399999999997,0.341429,0.365157,0.386943,0.40723000000000004,0.425684,0.44185800000000003,0.45625499999999997,0.46983400000000003,0.482952,0.49542800000000004,0.507285,0.518829
"IIASA-WiC POP 2023","SSP4","Suriname","Population","million",0.603807,0.6368550000000001,0.672929999999999,0.7078679999999999,0.740787999999999,0.770087,0.796825999999999,0.8216459999999991,0.845055,0.867271999999999,0.88873,0.909501999999999,0.9294370000000001,0.9493889999999999,0.9688309999999991,0.9885609999999999,1.008405
"IIASA-WiC POP 2023","SSP4","Slovakia","Population","million",5.457542,5.4884830000000004,5.426342,5.332504,5.214004,5.088791,4.96018800000001,4.824924,4.676941,4.5131,4.334475,4.146167999999999,3.95959,3.780948,3.6131409999999997,3.455911,3.305094999999999
"IIASA-WiC POP 2023","SSP4","Slovenia","Population","million",2.116256,2.109943,2.090139,2.063212,2.031337,1.9979019999999998,1.961172,1.9198849999999998,1.874857,1.8258320000000001,1.7742,1.7206510000000002,1.665902,1.610479,1.554578,1.4977179999999999,1.438378
"IIASA-WiC POP 2023","SSP4","Sweden","Population","million",10.321414,10.543180000000001,10.689724,10.798536,10.890988,11.003549000000001,11.135031999999999,11.23575,11.295601000000001,11.310325,11.295257,11.254854,11.175982,11.039088,10.8423,10.606206,10.347918
"IIASA-WiC POP 2023","SSP4","Eswatini","Population","million",1.17422,1.229984999999999,1.282216,1.331988,1.377431,1.41445,1.4412470000000002,1.457457,1.464973,1.470338,1.4740719999999992,1.475822,1.475686,1.47439,1.473045,1.472337,1.473004
"IIASA-WiC POP 2023","SSP4","Seychelles","Population","million",0.105011,0.109387,0.11370899999999999,0.11767699999999999,0.121181,0.123877,0.12606599999999998,0.12795199999999998,0.129726,0.13137000000000001,0.13289900000000002,0.134379,0.13583599999999998,0.137245,0.138533,0.139564,0.14032899999999998
"IIASA-WiC POP 2023","SSP4","Syria","Population","million",20.486035,22.201904,24.2263,26.556287,28.909807999999998,31.009755000000002,32.837395,34.55577399999991,36.299053,38.121941,39.952864000000005,41.692135,43.2820529999999,44.721454,46.080777000000005,47.385028,48.711985
"IIASA-WiC POP 2023","SSP4","Chad","Population","million",16.37919,19.370157,22.849233,26.858401,31.415138,36.27387,41.435717,46.845379999999906,52.404459,57.996162,63.518265999999905,68.96666,74.12955000000011,79.104237,83.632639,87.607369,91.099348
"IIASA-WiC POP 2023","SSP4","Togo","Population","million",8.34223400000001,9.416756,10.595362,11.864057,13.20942,14.563674,15.917047,17.278005,18.614932,19.923365,21.133298,22.25831,23.283802,24.256575,25.198102,26.096314,26.939222
"IIASA-WiC POP 2023","SSP4","Thailand","Population","million",71.389373,72.13163899999999,72.442587,72.292597,71.663013,70.561419,69.0832280000001,67.39336,65.677171,63.980566,62.354879000000004,60.78402,59.289084,57.895395,56.623034000000004,55.501235,54.5062049999999
"IIASA-WiC POP 2023","SSP4","Tajikistan","Population","million",9.44281400000001,10.471696,11.487004,12.540301,13.650258000000001,14.740468000000002,15.752596,16.69829,17.577391,18.395834,19.156002,19.872844,20.554037,21.215994,21.835358,22.424708,22.989786000000002
"IIASA-WiC POP 2023","SSP4","Turkmenistan","Population","million",6.20436199999999,6.74723,7.235503,7.6982859999999995,8.16722100000001,8.625616000000011,9.059751,9.435579,9.757496999999999,10.02833,10.278236999999999,10.525092,10.768428,10.997734000000001,11.200377000000001,11.374544,11.527302
"IIASA-WiC POP 2023","SSP4","Timor-Leste","Population","million",1.289747,1.4009580000000001,1.522001,1.6462979999999998,1.767624,1.875372,1.9718989999999992,2.058057,2.133066,2.196187,2.249534,2.2926539999999997,2.3279989999999993,2.357767,2.38458,2.410135,2.4358269999999997
"IIASA-WiC POP 2023","SSP4","Tonga","Population","million",0.10487600000000001,0.108595,0.11236399999999999,0.116091,0.11969700000000001,0.122295,0.12390999999999901,0.12457499999999999,0.124462999999999,0.12451000000000001,0.12496099999999999,0.125828,0.126938,0.12836,0.129967,0.131992,0.13457000000000002
"IIASA-WiC POP 2023","SSP4","Trinidad and Tobago","Population","million",1.5139010000000002,1.531412,1.542383,1.547347,1.547089,1.5401690000000001,1.527744,1.512814,1.497398,1.482806,1.469582,1.45862,1.45062,1.4480300000000002,1.450912,1.456966,1.465651
"IIASA-WiC POP 2023","SSP4","Tunisia","Population","million",12.106245000000001,12.663711,13.170885,13.585581000000001,13.949209999999999,14.261947000000001,14.540103,14.770795,14.951494,15.085956000000001,15.199279,15.316706,15.45702,15.624474000000001,15.809297,15.992111999999999,16.160534
"IIASA-WiC POP 2023","SSP4","Turkey","Population","million",83.811677,86.902093,89.414195,91.139495,92.13994100000001,92.563537,92.3477809999999,91.48403200000001,89.9476769999999,87.89003,85.42653100000001,82.645796,79.623139,76.41575900000001,73.073741,69.63759200000001,66.129318
"IIASA-WiC POP 2023","SSP4","Taiwan","Population","million",23.800895,23.448765,22.966379,22.323569,21.488859,20.524487,19.490786,18.377863,17.241071,16.129248,15.0424,13.991037,13.006232,12.105507,11.28984,10.552088,9.880036
"IIASA-WiC POP 2023","SSP4","Tanzania","Population","million",60.771967,70.594835,81.4190980000001,93.525803,106.942958,121.213534,136.29493100000002,151.766173,167.76153200000002,183.802409,199.543913,215.217525,230.043474,243.528158,255.86374700000002,267.46549300000004,278.542998
"IIASA-WiC POP 2023","SSP4","Uganda","Population","million",43.685862,50.953358,58.9119109999999,67.650081,77.078838,86.888299,97.102996,107.367578,117.792154,128.040302,138.275555,147.992736,157.08667499999999,165.430967,173.075771,180.327,187.30678400000002
"IIASA-WiC POP 2023","SSP4","Ukraine","Population","million",44.090697999999996,36.316053000000004,36.738671000000004,36.527243999999996,35.793595,34.74447,33.562283,32.322622,31.081716,29.824628,28.558364,27.297040000000003,26.059378000000002,24.855282,23.690527,22.546754,21.381795
"IIASA-WiC POP 2023","SSP4","Uruguay","Population","million",3.428267,3.416027,3.417216,3.419832,3.418379,3.403747,3.377612,3.342324,3.30179,3.259567,3.21631,3.170491,3.121304,3.069858,3.018697,2.970949,2.929992
"IIASA-WiC POP 2023","SSP4","United States","Population","million",335.388236,341.187033,347.207587,352.054072,355.359562,357.69581900000003,359.142142,359.34716,358.802975,357.560533,355.549196,352.50194400000004,348.01041499999997,341.89799,334.254837,325.383215,315.458801
"IIASA-WiC POP 2023","SSP4","Uzbekistan","Population","million",33.243472000000004,36.226053,39.010458,41.693682,44.459699,47.245685,49.991843,52.487707,54.705391000000006,56.666707,58.525532,60.347643,62.130969,63.852198,65.508208,67.10359600000001,68.57119100000001
"IIASA-WiC POP 2023","SSP4","Saint Vincent and the Grenadines","Population","million",0.104708,0.10244400000000001,0.10170499999999999,0.10069700000000001,0.09957200000000001,0.09811099999999999,0.096416,0.094696,0.09310199999999999,0.091907,0.09107799999999999,0.090553,0.090325,0.09039100000000001,0.09073300000000001,0.09134,0.09224500000000001
"IIASA-WiC POP 2023","SSP4","Venezuela","Population","million",28.628829000000003,29.929857000000002,31.441664000000003,32.945381999999995,34.30854,35.441123,36.454305999999995,37.454132,38.464897,39.424399,40.341319000000006,41.229837,42.09396100000001,42.934098,43.72939100000001,44.463506,45.169368000000006
"IIASA-WiC POP 2023","SSP4","United States Virgin Islands","Population","million",0.100544,0.098368,0.09665000000000001,0.095265,0.094281,0.09372699999999999,0.093716,0.09423200000000001,0.095192,0.096512,0.09817700000000001,0.100148,0.102336,0.10461000000000001,0.106889,0.109127,0.11133000000000001
"IIASA-WiC POP 2023","SSP4","Viet Nam","Population","million",96.203591,100.13572400000001,103.65816099999999,106.505618,108.8419,110.56965600000001,111.864817,112.85638300000001,113.53431,113.870051,113.94868,113.900609,113.874565,113.99431100000001,114.313193,114.80595699999999,115.39331
"IIASA-WiC POP 2023","SSP4","Vanuatu","Population","million",0.30798000000000003,0.345724,0.385525,0.42802100000000004,0.47310700000000006,0.5188229999999999,0.564107999999999,0.608229,0.652023000000001,0.6943450000000011,0.734325999999999,0.771239,0.8068029999999999,0.841792999999999,0.875973,0.9089789999999991,0.9400829999999991
"IIASA-WiC POP 2023","SSP4","Samoa","Population","million",0.21306200000000003,0.22828600000000002,0.24349,0.25834599999999996,0.272679,0.28540599999999905,0.296271,0.30494400000000005,0.31187699999999996,0.318733999999999,0.32522399999999996,0.33158899999999997,0.338347,0.345755999999999,0.353811,0.362724,0.37234
"IIASA-WiC POP 2023","SSP4","Yemen","Population","million",31.927134,35.9532509999999,40.304930999999996,44.825317000000005,49.48173200000001,54.096766,58.58953,62.869027,66.97869899999999,70.71481200000001,73.9474119999999,76.74020900000001,79.27166000000001,81.698166,84.000251,86.14123,88.071106
"IIASA-WiC POP 2023","SSP4","South Africa","Population","million",58.466146,60.759327,62.991084,64.9518199999999,66.6370150000001,67.895553,68.703292,69.247635,69.607901,69.785728,69.772057,69.620443,69.3403580000001,69.02942600000002,68.67573900000001,68.2499120000001,67.7506569999999
"IIASA-WiC POP 2023","SSP4","Zambia","Population","million",18.654917,21.363954000000003,24.223894,27.3000660000001,30.552941999999998,33.811976,37.027396,40.185271999999905,43.311542,46.235144999999996,48.915472999999906,51.276604,53.281827,55.07673200000001,56.706883000000005,58.140015,59.368478
"IIASA-WiC POP 2023","SSP4","Zimbabwe","Population","million",15.505219,17.007809,18.487407,19.977135999999998,21.432878000000002,22.774623000000002,23.960062999999998,24.990383,25.846775,26.540104,27.084235,27.573884,28.021952000000002,28.42791,28.766607,29.062116000000003,29.321215000000002
"IIASA-WiC POP 2023","SSP5","Aruba","Population","million",0.10666400000000001,0.11101499999999999,0.115648,0.12018300000000001,0.124542,0.128804,0.132806999999999,0.13650600000000002,0.139909,0.14251,0.144491999999999,0.145778,0.14627500000000002,0.14585399999999998,0.14444300000000002,0.141985,0.138436
"IIASA-WiC POP 2023","SSP5","Afghanistan","Population","million",38.326031,43.83911200000011,49.266864000000005,54.384345,59.077688,63.496449999999996,67.471417,70.837697,73.5089459999999,75.59661,77.0757540000001,77.968233,78.21206900000011,77.813848,76.907414,75.58431800000011,73.89136500000001
"IIASA-WiC POP 2023","SSP5","Angola","Population","million",32.899002,38.054939,43.007290999999995,47.851459000000006,52.4958239999999,56.987218999999996,61.177742,64.91860700000001,68.169892,70.8961400000001,73.04746,74.62982600000011,75.57917900000001,75.8611930000001,75.448023,74.46634,72.96690600000001
"IIASA-WiC POP 2023","SSP5","Albania","Population","million",2.8721300000000003,2.688335,2.515243,2.335426,2.159772,1.994994999999999,1.841891,1.699885,1.5683479999999999,1.456291,1.361289,1.280431,1.209481,1.144383,1.08249,1.023112,0.9673210000000001
"IIASA-WiC POP 2023","SSP5","United Arab Emirates","Population","million",9.247554000000001,9.973417,10.629112,11.199707,11.702823,12.17218,12.606101,12.970943,13.235667,13.345386000000001,13.301682000000001,13.116906000000002,12.811001000000001,12.412307,11.957566000000002,11.480831,10.997541
"IIASA-WiC POP 2023","SSP5","Argentina","Population","million",44.908440999999996,45.874512,46.755413000000004,47.468989,47.987106000000004,48.362249000000006,48.549839,48.53103,48.261163,47.787786000000004,47.136851,46.32524900000001,45.360084,44.253572999999996,43.006347999999996,41.605021999999906,40.033232000000005
"IIASA-WiC POP 2023","SSP5","Armenia","Population","million",2.812494,2.690074,2.585283,2.482884,2.39005,2.30847,2.233219,2.161439,2.091881,2.032261,1.98103,1.935009,1.890834,1.846959,1.804284,1.76529,1.7311329999999998
"IIASA-WiC POP 2023","SSP5","Antigua and Barbuda","Population","million",0.092375,0.09634899999999999,0.099791,0.10275100000000001,0.10513800000000001,0.107059,0.108514,0.109431,0.109879999999999,0.10970300000000001,0.10897699999999999,0.107735,0.10591199999999999,0.103493,0.10048499999999999,0.09692200000000001,0.092815
"IIASA-WiC POP 2023","SSP5","Australia","Population","million",25.544183,26.989883000000003,28.444274000000004,29.875025,31.28187,32.702923,34.135667999999995,35.475941,36.703475,37.747726,38.627685,39.334539,39.838406000000006,40.027685,39.809501,39.207693,38.344491000000005
"IIASA-WiC POP 2023","SSP5","Austria","Population","million",8.901099999999989,9.153229,9.341739,9.53241,9.727351,9.938801999999999,10.152750000000001,10.33932,10.487494000000002,10.586808999999999,10.658085,10.705691000000002,10.714321,10.61444,10.405691000000001,10.095729,9.724606999999992
"IIASA-WiC POP 2023","SSP5","Azerbaijan","Population","million",10.273527,10.486139999999999,10.717891,10.927925,11.084218000000002,11.163397000000002,11.168792999999999,11.123102000000001,11.044154,10.936561,10.795695,10.617367,10.404182,10.167755,9.922042,9.679483000000001,9.436804
"IIASA-WiC POP 2023","SSP5","Burundi","Population","million",12.053895,13.452414000000001,14.720319,15.915987,17.016559,18.035129,18.911506000000003,19.588722,20.053931000000002,20.37608,20.570069,20.651975999999998,20.614169999999998,20.45084,20.175618999999998,19.791687999999997,19.308836
"IIASA-WiC POP 2023","SSP5","Belgium","Population","million",11.54127,11.812005,12.07004,12.351143,12.648878000000002,12.957836,13.264835999999999,13.527934,13.750102000000002,13.925411,14.069711,14.1842,14.249801,14.219954,14.055272,13.784557000000001,13.412784
"IIASA-WiC POP 2023","SSP5","Benin","Population","million",12.466822,14.132765,15.711693,17.19572,18.572381,19.885143,21.082815999999998,22.10332,22.912612000000003,23.576821,24.085325,24.452904,24.645992,24.675368,24.538362000000003,24.266759,23.879925
"IIASA-WiC POP 2023","SSP5","Burkina Faso","Population","million",21.23189,23.757810000000003,26.100457,28.352546999999998,30.478296999999998,32.508227,34.311712,35.760773,36.860514,37.726803999999994,38.389124,38.854046000000004,39.089249,39.067440000000005,38.800622000000004,38.341178,37.741518
"IIASA-WiC POP 2023","SSP5","Bangladesh","Population","million",166.42699100000002,173.93015,179.578395,183.15993400000002,184.888381,185.29400700000002,184.43751300000002,182.414112,179.23099100000002,175.278818,170.652729,165.42122,159.702089,153.619531,147.27339300000003,140.739932,134.132707
"IIASA-WiC POP 2023","SSP5","Bulgaria","Population","million",7.02023900000001,6.658599000000001,6.395875,6.15345500000001,5.929876,5.7278199999999995,5.547042999999999,5.3770630000000015,5.208843,5.040247000000001,4.872345999999999,4.70884300000001,4.554564000000011,4.4110510000000005,4.277158,4.14846,4.012528
"IIASA-WiC POP 2023","SSP5","Bahrain","Population","million",1.494035,1.674728,1.843024,2.00049,2.148749,2.288582,2.416576,2.527324,2.618093,2.676821,2.704228,2.70136,2.669053,2.610837,2.5331960000000002,2.443893,2.345393
"IIASA-WiC POP 2023","SSP5","Bahamas","Population","million",0.405769,0.41745499999999996,0.42883699999999997,0.43862900000000005,0.44611199999999995,0.451962,0.455993,0.45813299999999996,0.458401,0.456563,0.45298499999999997,0.44781200000000004,0.44099099999999997,0.43234100000000003,0.42167299999999996,0.40878800000000004,0.393613999999999
"IIASA-WiC POP 2023","SSP5","Bosnia and Herzegovina","Population","million",3.340977,3.100872,2.917146,2.738362,2.568224,2.411457,2.268666999999999,2.138795,2.019242,1.9132889999999998,1.819091,1.734626,1.6575440000000001,1.585494999999999,1.516778,1.450149,1.3839380000000001
"IIASA-WiC POP 2023","SSP5","Belarus","Population","million",9.661039,9.418141,9.283902,9.172707,9.086235,9.025723,8.972829999999991,8.908021000000002,8.827687000000001,8.72829400000001,8.61330600000001,8.48202899999999,8.331945,8.162236,7.97670999999999,7.780196,7.5687950000000015
"IIASA-WiC POP 2023","SSP5","Belize","Population","million",0.392424,0.42508100000000004,0.45525499999999997,0.48094000000000003,0.5021209999999999,0.5204840000000001,0.536145,0.548871,0.558511,0.564658,0.567504999999999,0.567145,0.563798,0.557434999999999,0.5479740000000001,0.535311999999999,0.5193150000000001
"IIASA-WiC POP 2023","SSP5","Bolivia","Population","million",11.862352000000001,12.512459999999999,13.154824000000001,13.686002,14.086821,14.399455,14.600118,14.680967,14.651151,14.548832,14.374437,14.138218,13.84035,13.491791,13.104484000000001,12.689347,12.251647000000002
"IIASA-WiC POP 2023","SSP5","Brazil","Population","million",212.564938,216.971074,220.600426,222.731264,223.332975,222.817264,221.085139,218.232602,214.260521,209.321724,203.517556,197.024171,190.029032,182.69260300000002,175.144858,167.29857800000002,158.93552
"IIASA-WiC POP 2023","SSP5","Barbados","Population","million",0.280426,0.28148700000000004,0.28165799999999996,0.280874,0.279071,0.276922,0.274354,0.27131900000000003,0.26792099999999996,0.264186,0.26029599999999903,0.256231,0.251824,0.246744,0.24079899999999999,0.233756,0.224873
"IIASA-WiC POP 2023","SSP5","Brunei Darussalam","Population","million",0.439894,0.46123899999999995,0.478885,0.49334300000000003,0.505012999999999,0.5149210000000001,0.522524,0.5271250000000001,0.528865,0.527803999999999,0.5245960000000001,0.5197010000000001,0.5132249999999999,0.504935999999999,0.494533,0.48051000000000005,0.462298
"IIASA-WiC POP 2023","SSP5","Bhutan","Population","million",0.769996999999999,0.795150999999999,0.814665,0.8283549999999991,0.836116,0.839409,0.8380019999999999,0.8318949999999999,0.8212630000000001,0.805762,0.785141,0.759448999999999,0.729511,0.696407,0.661501,0.6258389999999999,0.5897140000000001
"IIASA-WiC POP 2023","SSP5","Botswana","Population","million",2.523551,2.740358,2.9450250000000002,3.12651,3.282741,3.420141,3.536946,3.617679,3.66603,3.6842610000000002,3.6739800000000002,3.638446,3.578586,3.498932,3.39961,3.282937,3.148954
"IIASA-WiC POP 2023","SSP5","Central African Republic","Population","million",5.272024,5.946779999999999,6.625071,7.300236,7.943018,8.57319099999999,9.15315199999998,9.642871,10.042702,10.393286,10.695034,10.944002000000001,11.135584000000001,11.268977999999999,11.339156000000001,11.356033,11.339075000000001
"IIASA-WiC POP 2023","SSP5","Canada","Population","million",37.758236,39.207187,40.649497000000004,42.11675,43.580671,45.0729319999999,46.60601200000001,47.9921209999999,49.250608,50.329716999999995,51.274662,52.056321000000004,52.590093,52.766892,52.412737,51.517753,50.151048
"IIASA-WiC POP 2023","SSP5","Switzerland","Population","million",8.606425999999999,8.983617,9.308781999999999,9.638720999999991,9.978847,10.341616,10.726092000000001,11.083002,11.396094,11.644441,11.844294,12.00308,12.077427,12.048586,11.912123,11.700856,11.440305
"IIASA-WiC POP 2023","SSP5","Chile","Population","million",19.206692,19.583272,19.931381000000002,20.171449000000003,20.290333999999998,20.322385999999998,20.278752,20.144301,19.908394,19.57625,19.16541,18.683875,18.131711,17.50069,16.780117999999998,15.970678,15.098165000000002
"IIASA-WiC POP 2023","SSP5","China","Population","million",1423.9980170000001,1425.395949,1414.84911,1397.999217,1376.271777,1348.841472,1313.491264,1269.4490660000001,1218.9594550000002,1164.901244,1109.934866,1055.966625,1002.953083,949.400926000001,896.2825300000001,846.370703,800.356048
"IIASA-WiC POP 2023","SSP5","C?te d'Ivoire","Population","million",26.477572000000002,29.299366000000003,31.793138,34.014169,35.936466,37.649571,39.142432,40.2779209999999,41.023919,41.508801,41.761362999999996,41.794985000000004,41.622371,41.300917000000005,40.850644,40.276835,39.574732000000004
"IIASA-WiC POP 2023","SSP5","Cameroon","Population","million",26.137122,29.375277,32.488813,35.428604,38.148647,40.754172,43.212759,45.351178999999995,47.079339,48.464597000000005,49.526452,50.201189,50.551591,50.57246,50.304774,49.77490400000001,48.990407
"IIASA-WiC POP 2023","SSP5","Democratic Republic of the Congo","Population","million",91.33195500000011,106.10301700000001,120.74476600000001,135.168563,149.128644,162.993252,176.12702600000003,187.990595,198.33078,207.263058,214.77885200000003,220.81461,225.201213,227.88694800000002,228.635037,227.53604,224.701079
"IIASA-WiC POP 2023","SSP5","Congo","Population","million",5.635288,6.313703,6.965678,7.5857790000000005,8.153687,8.679308,9.163519,9.563524,9.871462,10.107742,10.270231,10.3574,10.378231,10.345008,10.259858000000001,10.12029,9.922621999999999
"IIASA-WiC POP 2023","SSP5","Colombia","Population","million",50.617025999999996,52.148301000000004,53.508486,54.41753500000001,54.885169000000005,55.012087,54.81109,54.304074,53.501802000000005,52.483714999999904,51.27260700000001,49.899862999999996,48.355828,46.654379,44.817428,42.864816,40.827911
"IIASA-WiC POP 2023","SSP5","Comoros","Population","million",0.798327,0.868323,0.9295910000000001,0.9816659999999999,1.025061,1.062776,1.092841,1.113145,1.122534,1.125398,1.121173,1.111392,1.095703,1.075658,1.051992,1.02497,0.9948100000000001
"IIASA-WiC POP 2023","SSP5","Cabo Verde","Population","million",0.579929,0.598919,0.612758,0.6202190000000001,0.6226670000000001,0.6213930000000001,0.6163579999999991,0.6074080000000001,0.595044,0.581106,0.565732999999999,0.549002,0.53107,0.512003,0.49224199999999996,0.472209,0.45231299999999997
"IIASA-WiC POP 2023","SSP5","Costa Rica","Population","million",5.105361,5.26221,5.411131,5.531613999999999,5.621205,5.686424,5.721616,5.727722,5.705247000000001,5.65502000000001,5.581011999999999,5.483093,5.358519,5.204626,5.021592,4.812571,4.582349000000001
"IIASA-WiC POP 2023","SSP5","Cuba","Population","million",11.309226,11.151786,11.019293,10.841467000000002,10.621175,10.368167,10.081499,9.75156700000001,9.384749000000012,9.002093,8.63072800000001,8.28349600000001,7.963874,7.6499960000000105,7.323347,6.976685000000001,6.621609999999999
"IIASA-WiC POP 2023","SSP5","Cura?ao","Population","million",0.188601,0.199929,0.211171,0.221748,0.23147199999999998,0.24066099999999999,0.24911499999999998,0.256786,0.263602,0.268413,0.271266,0.27221100000000004,0.271176,0.26810300000000004,0.26304099999999997,0.256171,0.24772200000000003
"IIASA-WiC POP 2023","SSP5","Cyprus","Population","million",1.233777,1.308638999999999,1.366479,1.422572,1.478982,1.537137,1.595768,1.6481949999999999,1.692723,1.7246380000000001,1.7451240000000001,1.7542209999999998,1.75031,1.731421,1.697952,1.6535119999999992,1.601653
"IIASA-WiC POP 2023","SSP5","Czechia","Population","million",10.537908,10.905204,10.836934,10.763617,10.71245,10.699325000000002,10.711981,10.72136,10.704323,10.63409,10.514884,10.360638999999999,10.190532,10.014512000000002,9.823811,9.597251000000009,9.325646
"IIASA-WiC POP 2023","SSP5","Germany","Population","million",83.267652,84.342144,84.704344,85.165378,85.769685,86.565488,87.416591,88.113159,88.559436,88.698955,88.731104,88.7177719999999,88.504123,87.8396740000001,86.43137300000001,84.190397,81.3413510000001
"IIASA-WiC POP 2023","SSP5","Djibouti","Population","million",1.082341,1.147435,1.201622,1.245396,1.278051,1.302552,1.316557,1.32077,1.314306,1.300061999999999,1.2792949999999998,1.252358,1.219231,1.180294,1.135692,1.086476,1.034247
"IIASA-WiC POP 2023","SSP5","Denmark","Population","million",5.810771,5.946723,6.061019,6.174032,6.281357,6.392196,6.514644,6.6301559999999995,6.735253,6.823113999999999,6.899746,6.968995,7.0276440000000004,7.06365,7.058242,6.9787240000000015,6.836726
"IIASA-WiC POP 2023","SSP5","Dominican Republic","Population","million",10.939341,11.401798000000001,11.744294,11.978701,12.102323,12.138611000000001,12.103957000000001,12.003169,11.841972,11.645538,11.419673000000001,11.170743,10.900644,10.614242,10.312994000000002,9.998502,9.668965
"IIASA-WiC POP 2023","SSP5","Algeria","Population","million",43.0909919999999,46.404609,48.993266000000006,51.047961,52.7885969999999,54.400587,55.771665999999996,56.656704,56.9909909999999,56.855449999999905,56.392233000000004,55.72430000000001,54.923753,54.018961000000004,53.02765,51.971749,50.8403000000001
"IIASA-WiC POP 2023","SSP5","Ecuador","Population","million",17.487158,18.276079000000003,18.961947000000002,19.474456,19.810687,20.035465000000002,20.143525,20.131272000000003,19.999004000000003,19.77691,19.475675,19.10084,18.658476999999998,18.153745999999998,17.590651,16.965424,16.270126
"IIASA-WiC POP 2023","SSP5","Egypt","Population","million",106.538717,115.42333,123.82468,131.72757199999998,139.080733,145.884887,151.67431,156.28763800000002,159.716289,162.012876,163.30568100000002,163.795009,163.589324,162.732383,161.375707,159.45365900000002,156.937223
"IIASA-WiC POP 2023","SSP5","Eritrea","Population","million",3.5236520000000002,3.733213,3.9004849999999998,4.025557,4.10155300000001,4.138771,4.135702,4.092425,4.013077,3.925256,3.828509,3.724266,3.616132,3.5040880000000003,3.388966,3.271293,3.154739
"IIASA-WiC POP 2023","SSP5","Western Sahara","Population","million",0.551241,0.612213999999999,0.6667000000000001,0.716484,0.7623019999999999,0.8052980000000001,0.844831,0.879815,0.9091710000000001,0.9285009999999999,0.9381729999999999,0.9388070000000001,0.931807000000001,0.9179689999999999,0.8973150000000001,0.869505,0.8342689999999999
"IIASA-WiC POP 2023","SSP5","Spain","Population","million",47.329955000000005,48.34506,49.420839,50.65967500000001,52.070712,53.643062,55.352848,56.844547,58.056627,58.8666569999999,59.361745000000006,59.57750899999991,59.504813000000006,58.96990400000001,58.07853300000001,56.800423,55.077262000000005
"IIASA-WiC POP 2023","SSP5","Estonia","Population","million",1.329091,1.344221,1.307458,1.276194,1.251755,1.234173,1.220424,1.206195,1.190207,1.172402,1.153039,1.132541,1.111038,1.0882,1.063875,1.038379,1.011432
"IIASA-WiC POP 2023","SSP5","Ethiopia","Population","million",115.638354,129.190762,141.55739499999999,153.007816,163.383294,173.09060000000002,181.825919,189.235676,195.156264,199.471111,202.294011,203.48948000000001,203.103974,201.335948,198.31433900000002,194.133841,188.9435
"IIASA-WiC POP 2023","SSP5","Finland","Population","million",5.525213,5.5742329999999995,5.59786200000001,5.629262,5.665809999999991,5.709448,5.767926999999999,5.81462500000001,5.856605,5.89636,5.937354,5.972003,5.98445,5.937902,5.838174,5.695482,5.525751
"IIASA-WiC POP 2023","SSP5","Fiji","Population","million",0.9180899999999991,0.911868999999999,0.895332999999999,0.8711470000000001,0.8416429999999999,0.808885,0.773057,0.735462,0.696889,0.6620599999999991,0.630074,0.6009169999999999,0.574959,0.55201,0.532117,0.5146860000000001,0.49928000000000006
"IIASA-WiC POP 2023","SSP5","France","Population","million",64.45775499999999,65.37643200000001,66.384344,67.53034500000011,68.733648,69.905905,70.972391,71.837637,72.575086,73.21092900000001,73.783319,74.26852800000009,74.596281,74.65879799999999,74.2418770000001,73.43933500000001,72.2832849999999
"IIASA-WiC POP 2023","SSP5","Micronesia","Population","million",0.6408830000000001,0.645786,0.645025,0.638135,0.625865999999998,0.611599,0.594973,0.5757479999999999,0.5543359999999999,0.534351,0.515864,0.49901199999999996,0.48338299999999995,0.46857899999999997,0.454075,0.439859,0.425985
"IIASA-WiC POP 2023","SSP5","Gabon","Population","million",2.267994,2.5169639999999998,2.7460500000000003,2.951493,3.133912,3.300206,3.4510300000000003,3.5721860000000003,3.658117,3.709988,3.730506,3.727918,3.706238,3.667399,3.613002,3.542129,3.45505
"IIASA-WiC POP 2023","SSP5","United Kingdom","Population","million",66.95117200000001,68.474198,70.111778,71.845844,73.6918820000001,75.69868,77.806572,79.652923,81.22354700000001,82.509019,83.641812,84.650833,85.431155,85.7901550000001,85.5971639999999,84.6907349999999,83.1887989999999
"IIASA-WiC POP 2023","SSP5","Georgia","Population","million",3.769183,3.477647,3.196402,2.9373690000000003,2.7077400000000003,2.5023739999999988,2.31317,2.134665,1.967927,1.8270270000000002,1.709276,1.6100400000000001,1.525037,1.451673,1.388797,1.335912,1.291267
"IIASA-WiC POP 2023","SSP5","Ghana","Population","million",31.849247,34.983354,37.836608999999996,40.457385,42.847336000000006,45.105634,47.134536000000004,48.768678,49.995022,50.835009,51.360764,51.589000999999996,51.524955999999996,51.207215,50.65427,49.874096,48.888817
"IIASA-WiC POP 2023","SSP5","Guinea","Population","million",13.041590000000001,14.34158,15.482688,16.479533,17.317747,18.048748,18.634529,19.057138,19.311184,19.4528,19.488508999999997,19.411549,19.240778,18.973338000000002,18.643587,18.260628,17.833464
"IIASA-WiC POP 2023","SSP5","Guadeloupe","Population","million",0.39509299999999997,0.39125699999999997,0.38778099999999904,0.382439999999999,0.375589,0.36748000000000003,0.358682,0.34966,0.34048799999999996,0.332097,0.32476900000000003,0.318775,0.314233,0.31087699999999996,0.308034,0.304836999999999,0.300713
"IIASA-WiC POP 2023","SSP5","Gambia","Population","million",2.541048,2.8100810000000003,3.06146,3.29258100000001,3.490703,3.666968,3.812201,3.921421,3.9905,4.031882,4.046834,4.036012,4.001189,3.94787,3.8768089999999997,3.789421,3.686863
"IIASA-WiC POP 2023","SSP5","Guinea-Bissau","Population","million",1.993302,2.190919,2.371976,2.531157,2.6680200000000003,2.788952,2.894145,2.97147,3.020549,3.046375,3.050411,3.034823,3.003346,2.958139,2.898535,2.824861,2.7376389999999997
"IIASA-WiC POP 2023","SSP5","Equatorial Guinea","Population","million",1.578364,1.814037,2.048189,2.276048,2.492294,2.701088,2.901679,3.078848,3.228742,3.345805,3.427362,3.473841,3.485386,3.46882,3.425611,3.355015,3.255369
"IIASA-WiC POP 2023","SSP5","Greece","Population","million",10.543345,10.416388999999999,10.330539000000002,10.280922,10.264158,10.274323,10.301454,10.309156999999999,10.285912,10.22085,10.123858,10.002561,9.859323,9.690803,9.49361200000001,9.262669,8.982968999999999
"IIASA-WiC POP 2023","SSP5","Grenada","Population","million",0.12316099999999999,0.12418499999999999,0.123883,0.122776,0.121413,0.12009299999999999,0.118507,0.116544,0.114163,0.11179800000000001,0.109527,0.107192,0.10472400000000001,0.10204300000000001,0.09920000000000001,0.09640699999999901,0.093675
"IIASA-WiC POP 2023","SSP5","Guatemala","Population","million",17.231175,18.344076,19.352937999999998,20.156762,20.771642,21.235777,21.513544000000003,21.608657,21.550245,21.394529,21.145291,20.801804,20.363234000000002,19.845253,19.260137999999998,18.618364000000003,17.933823
"IIASA-WiC POP 2023","SSP5","French Guiana","Population","million",0.287814,0.321778,0.352392999999999,0.38019200000000003,0.404904999999999,0.427548,0.44751100000000005,0.46395000000000003,0.476695,0.48572099999999996,0.49155200000000004,0.49529399999999996,0.49742699999999995,0.49773300000000004,0.495882,0.49110099999999995,0.48299400000000003
"IIASA-WiC POP 2023","SSP5","Guam","Population","million",0.168571,0.168648,0.168176,0.16709000000000002,0.165147,0.162857,0.16003699999999998,0.15674700000000003,0.153297,0.150279,0.147622,0.145289,0.143072,0.140854,0.13847399999999901,0.13588,0.133047
"IIASA-WiC POP 2023","SSP5","Guyana","Population","million",0.7918449999999999,0.773934999999999,0.7487369999999991,0.7178680000000001,0.683296,0.647563,0.6111289999999999,0.575253,0.540401000000001,0.5101840000000001,0.48379700000000003,0.46044199999999996,0.43947600000000003,0.42038600000000004,0.40278800000000003,0.38659299999999996,0.37176699999999996
"IIASA-WiC POP 2023","SSP5","Hong Kong","Population","million",7.501908,7.613948000000001,7.720853,7.8191580000000105,7.91901,8.027275,8.152216000000001,8.246965,8.293967,8.278899999999991,8.219846,8.12450900000001,7.990626000000001,7.810741,7.580529999999999,7.3055,6.994793
"IIASA-WiC POP 2023","SSP5","Honduras","Population","million",10.041782999999999,10.729864,11.325942,11.811318,12.176189,12.451238,12.641057000000002,12.747527999999999,12.76778,12.717692,12.595445999999999,12.410454,12.172398,11.890460000000001,11.566616,11.201067,10.792055000000001
"IIASA-WiC POP 2023","SSP5","Croatia","Population","million",4.114644,3.941731,3.7821990000000003,3.640226,3.513451,3.403006,3.306704,3.219694,3.138334,3.061246,2.987568,2.915899,2.844043,2.769792,2.691564,2.607678,2.516668
"IIASA-WiC POP 2023","SSP5","Haiti","Population","million",11.234504999999999,11.858022000000002,12.355618,12.725726000000002,12.967489,13.125813,13.18125,13.122993000000001,12.950699,12.715591,12.427788000000001,12.098302,11.733062,11.337029000000001,10.914938000000001,10.474704,10.025173
"IIASA-WiC POP 2023","SSP5","Hungary","Population","million",9.77012300000001,9.642887,9.52828400000001,9.403395000000002,9.27706700000001,9.16258300000001,9.06391700000002,8.970604999999999,8.86654,8.728842,8.554210999999999,8.356948000000001,8.153771,7.949486,7.733354,7.496472,7.237265000000001
"IIASA-WiC POP 2023","SSP5","Indonesia","Population","million",270.825846,279.707619,287.911781,293.73361800000004,297.023369,298.464415,297.978857,295.860004,292.000788,286.629985,280.071421,272.62834200000003,264.548034,255.970874,246.92619200000001,237.39569699999998,227.37247399999998
"IIASA-WiC POP 2023","SSP5","India","Population","million",1389.966394,1439.595915,1484.725001,1516.708883,1535.4925830000002,1544.043294,1541.934803,1530.971382,1511.4416440000002,1484.123727,1450.088392,1409.383059,1362.401302,1310.0553710000002,1253.647344,1194.204464,1132.94202
"IIASA-WiC POP 2023","SSP5","Ireland","Population","million",4.925076,5.183377999999999,5.394909,5.62075800000001,5.86092,6.112680999999999,6.36608,6.591060000000001,6.7835730000000005,6.940118999999989,7.069136,7.172816,7.249668,7.280679,7.262397,7.211685,7.105401
"IIASA-WiC POP 2023","SSP5","Iran","Population","million",86.990161,90.85744000000001,94.380567,97.280327,99.73393300000001,101.908078,103.69454300000001,104.99955800000001,105.63667699999999,105.567176,104.892931,103.666364,101.924999,99.7192840000001,97.188057,94.5237919999999,91.8537599999999
"IIASA-WiC POP 2023","SSP5","Iraq","Population","million",42.042956,46.702029,51.039947999999995,55.095620000000004,58.842095,62.279298000000004,65.242413,67.698109,69.59809600000001,70.983489,71.921785,72.51611200000009,72.788126,72.7279309999999,72.312003,71.51455100000001,70.11721700000001
"IIASA-WiC POP 2023","SSP5","Iceland","Population","million",0.36433000000000004,0.37755000000000005,0.38924799999999904,0.400192999999999,0.41018099999999996,0.419620999999999,0.42870199999999903,0.43645799999999996,0.44299499999999997,0.44838799999999995,0.45266599999999996,0.455655,0.45679699999999995,0.453866,0.446019,0.43502100000000005,0.42314799999999997
"IIASA-WiC POP 2023","SSP5","Israel","Population","million",8.685595,9.427985000000001,10.144162,10.840821,11.536976000000001,12.24166,12.92886,13.569895,14.144474,14.656844999999999,15.119439,15.542143000000001,15.925939000000001,16.264536,16.552383000000003,16.789016,16.976990999999998
"IIASA-WiC POP 2023","SSP5","Italy","Population","million",59.639898,59.458975,59.396811,59.505127,59.759216,60.134665999999996,60.585782,60.86428300000001,60.922359,60.695907,60.284923000000006,59.749118,59.092912,58.116958,56.786528,55.053003,52.962759
"IIASA-WiC POP 2023","SSP5","Jamaica","Population","million",2.814476,2.792867,2.766004,2.724357,2.669102,2.605023,2.5332470000000002,2.453427999999999,2.366838,2.281434,2.196493,2.112003999999999,2.027221,1.942124,1.857241,1.773349,1.685479
"IIASA-WiC POP 2023","SSP5","Jordan","Population","million",10.817082000000001,11.922964,12.965719,13.916337,14.746661,15.477746999999999,16.061092000000002,16.498627,16.787648,16.962529999999997,17.039944,17.032474999999998,16.931476,16.741006000000002,16.462908,16.106215,15.676149
"IIASA-WiC POP 2023","SSP5","Japan","Population","million",125.542768,122.976188,120.518186,117.991185,115.405393,112.83369400000001,110.380466,108.066746,105.768492,103.247212,100.35873,97.05201,93.4423049999999,89.712605,85.96757799999999,82.128016,77.88375900000001
"IIASA-WiC POP 2023","SSP5","Kazakhstan","Population","million",18.861057000000002,19.501107,19.987791,20.316472,20.536938,20.697663000000002,20.758836,20.682332,20.450674,20.162795,19.857757000000003,19.551458999999998,19.246949,18.940848000000003,18.636561,18.336739,18.032069
"IIASA-WiC POP 2023","SSP5","Kenya","Population","million",51.460216,56.454985,61.3832429999999,65.97681,70.06468600000001,73.77923,77.15377000000001,79.809973,81.790829,83.11656500000001,83.8323550000001,84.023983,83.75556200000001,83.05606900000001,81.933356,80.36757799999991,78.39512699999999
"IIASA-WiC POP 2023","SSP5","Kyrgyzstan","Population","million",6.372332999999999,6.792223,7.121176,7.381019,7.589968,7.763001,7.869463,7.9025490000000005,7.86489200000001,7.792826,7.701821,7.595991,7.474213,7.340868,7.199704,7.060420000000001,6.924003
"IIASA-WiC POP 2023","SSP5","Cambodia","Population","million",16.296273,17.151524000000002,17.801687,18.276506,18.571444,18.701442,18.678524000000003,18.527348000000003,18.273304,17.948826,17.543484,17.048081999999997,16.473548,15.852141,15.209223,14.542394,13.837315
"IIASA-WiC POP 2023","SSP5","Kiribati","Population","million",0.12525799999999998,0.13354000000000002,0.13959200000000002,0.14350100000000002,0.145901999999999,0.147838,0.14885,0.14844900000000003,0.146321,0.143294,0.139821,0.136209,0.13256099999999998,0.128831,0.12483100000000001,0.120578999999999,0.11618200000000001
"IIASA-WiC POP 2023","SSP5","South Korea","Population","million",51.858125,51.509167999999995,51.053083,50.444207000000006,49.605388,48.582048,47.467666,46.014566,44.212965,42.24543,40.25403300000001,38.288288,36.388178999999994,34.540683,32.682128,30.766560000000002,28.81116
"IIASA-WiC POP 2023","SSP5","Kuwait","Population","million",4.468361,4.795713,5.076318,5.322556,5.539555,5.72922800000001,5.877389,5.9748670000000015,6.020884000000001,6.004604,5.936196,5.8321570000000005,5.70826299999999,5.574857,5.435746,5.285971,5.110259
"IIASA-WiC POP 2023","SSP5","Laos","Population","million",7.265649000000001,7.653465000000001,7.9305769999999995,8.117258,8.222651000000011,8.262328,8.22613800000001,8.126555999999999,7.97342700000001,7.787308,7.573893,7.334114,7.071737000000001,6.79407,6.511072,6.228102,5.947451
"IIASA-WiC POP 2023","SSP5","Lebanon","Population","million",5.694528,5.927929,6.193189999999999,6.41921400000001,6.601031,6.751288,6.8563040000000015,6.91211499999999,6.927973,6.91171000000001,6.870678,6.80557400000001,6.717864000000009,6.603267,6.460142,6.285937,6.07828300000001
"IIASA-WiC POP 2023","SSP5","Liberia","Population","million",5.034186,5.6292290000000005,6.212301,6.761774000000001,7.261006,7.7220130000000005,8.142384,8.49553800000001,8.771643000000001,8.98752699999999,9.135764,9.222673,9.25145100000001,9.231431,9.162973000000001,9.046316000000001,8.882839
"IIASA-WiC POP 2023","SSP5","Libya","Population","million",6.61202,7.014706,7.373638,7.68842800000001,7.965179,8.204657,8.382568,8.490191999999999,8.536562,8.538720999999999,8.507370000000002,8.454947,8.383934,8.294740000000012,8.18542600000001,8.049116,7.8523130000000005
"IIASA-WiC POP 2023","SSP5","Saint Lucia","Population","million",0.17891800000000002,0.179636,0.180337,0.180044999999999,0.17877500000000002,0.17690599999999998,0.17449399999999998,0.17152199999999998,0.16800700000000002,0.16408399999999998,0.15984500000000001,0.15536000000000003,0.15062599999999998,0.145536,0.14007899999999998,0.134253999999999,0.128108
"IIASA-WiC POP 2023","SSP5","Sri Lanka","Population","million",21.683158,22.028242,22.181729,22.190763,22.066611,21.839604,21.502233,21.062949,20.535369,19.973326,19.392376000000002,18.793407,18.183206,17.56777,16.946263,16.310950000000002,15.645636000000001
"IIASA-WiC POP 2023","SSP5","Lesotho","Population","million",2.239604,2.313684,2.370138,2.4049300000000002,2.417869999999999,2.415871,2.405061,2.373069,2.320027999999999,2.25644,2.187145,2.114855,2.041301,1.9677149999999992,1.895082,1.8236910000000002,1.7535910000000001
"IIASA-WiC POP 2023","SSP5","Lithuania","Population","million",2.835902,2.667372,2.477255,2.306056,2.153895,2.022873,1.907334,1.798328,1.694944,1.6040519999999998,1.525611,1.458679,1.401087,1.349728,1.302008,1.257095,1.21497
"IIASA-WiC POP 2023","SSP5","Luxembourg","Population","million",0.626072,0.671199,0.709708999999999,0.7477670000000001,0.785544999999999,0.823875999999999,0.8630080000000001,0.8981720000000001,0.9279400000000001,0.9496680000000001,0.964622,0.9739209999999999,0.9778929999999999,0.975804,0.9668410000000001,0.950874,0.9284929999999991
"IIASA-WiC POP 2023","SSP5","Latvia","Population","million",1.907241,1.804633,1.68092,1.5756350000000001,1.490269,1.422599999999999,1.367363,1.317542,1.271997,1.230992,1.19427,1.160982999999999,1.129829,1.099308,1.068509,1.037038,1.004167
"IIASA-WiC POP 2023","SSP5","Macao","Population","million",0.6700170000000001,0.7166119999999999,0.759405,0.7989479999999991,0.836483,0.8726160000000001,0.9071349999999999,0.935126999999999,0.95603,0.967380999999998,0.971438999999999,0.9690949999999999,0.9597009999999999,0.9419989999999999,0.9153690000000001,0.880914,0.841032
"IIASA-WiC POP 2023","SSP5","Morocco","Population","million",36.488841,38.028896,39.115213000000004,39.827176,40.173454,40.258979000000004,40.095282,39.709826,39.100080000000005,38.348554,37.453703000000004,36.442295,35.3449,34.205722,33.040754,31.855189,30.638883999999997
"IIASA-WiC POP 2023","SSP5","Moldova","Population","million",3.095022,2.9841930000000003,2.797383,2.620988,2.466665,2.33418,2.216192,2.103253999999999,1.994914,1.8965830000000001,1.806956,1.7250510000000001,1.650178,1.58222,1.521414,1.46741,1.418228
"IIASA-WiC POP 2023","SSP5","Madagascar","Population","million",27.879129000000002,30.972575000000003,33.81362,36.413714,38.740815000000005,40.913583,42.835135,44.418584,45.67077,46.615523,47.264387000000006,47.615266000000005,47.688731000000004,47.508372,47.084544,46.437536,45.570677
"IIASA-WiC POP 2023","SSP5","Maldives","Population","million",0.510881,0.555505,0.594328999999999,0.6289859999999999,0.661789,0.694016,0.7240659999999991,0.749869999999999,0.770495000000001,0.783875,0.790646,0.79042,0.7819809999999999,0.763625,0.7347349999999999,0.6973250000000001,0.6563179999999991
"IIASA-WiC POP 2023","SSP5","Mexico","Population","million",125.61046400000001,129.37978999999999,133.03541800000002,135.751911,137.487821,138.490663,138.68185,138.12370900000002,136.81211,135.015203,132.842876,130.366105,127.633665,124.652367,121.380074,117.748463,113.531664
"IIASA-WiC POP 2023","SSP5","North Macedonia","Population","million",2.114026,2.093429,2.099928,2.098508,2.088794,2.07498,2.059026,2.040988,2.019123,1.9916230000000001,1.958232,1.9195540000000002,1.876396,1.829507,1.7792750000000002,1.7256019999999999,1.6672950000000002
"IIASA-WiC POP 2023","SSP5","Mali","Population","million",20.886783,23.902442999999998,26.856258000000004,29.715646,32.365677,34.866434000000005,37.094657,38.995153,40.513979,41.794366000000004,42.839252,43.630734,44.192961000000004,44.4484019999999,44.408682,44.070418,43.499391
"IIASA-WiC POP 2023","SSP5","Malta","Population","million",0.509586,0.522780999999999,0.53264,0.539597,0.544658999999999,0.549864,0.556713,0.562983999999999,0.567449,0.568178,0.565202,0.5584260000000001,0.5477659999999991,0.533019999999999,0.514147,0.491892999999999,0.467724
"IIASA-WiC POP 2023","SSP5","Myanmar","Population","million",53.227974,54.415345,54.967553,54.888165,54.275239,53.388348,52.260028,50.883777,49.267631,47.517763,45.653183,43.715538,41.756252,39.789281,37.837012,35.900656000000005,33.99714
"IIASA-WiC POP 2023","SSP5","Montenegro","Population","million",0.629888,0.6457919999999999,0.63639,0.6276390000000001,0.6203390000000001,0.614516,0.6093200000000001,0.603395,0.596380999999999,0.588519,0.579966,0.570842,0.561009,0.550362999999999,0.53876,0.5260090000000001,0.511742
"IIASA-WiC POP 2023","SSP5","Mongolia","Population","million",3.26646,3.472605,3.634911,3.775858,3.899415,4.015467,4.115991,4.184786,4.211511000000001,4.211575,4.19056,4.154466,4.108757,4.056951,4.000269,3.93967,3.870832
"IIASA-WiC POP 2023","SSP5","Mozambique","Population","million",30.720751,34.576873,38.192677,41.601363,44.741072,47.706807999999995,50.464725,52.8207079999999,54.72006,56.205152999999896,57.309900999999996,57.988534,58.263895,58.114398,57.606822,56.776481000000004,55.648139
"IIASA-WiC POP 2023","SSP5","Mauritania","Population","million",4.440927999999999,4.930051000000001,5.386983,5.8062190000000005,6.178209,6.520123,6.815444,7.05578000000001,7.23475099999999,7.366349,7.452313,7.490147,7.480518,7.4339520000000014,7.354299,7.243362,7.102898000000001
"IIASA-WiC POP 2023","SSP5","Martinique","Population","million",0.37095000000000006,0.361166999999999,0.353029999999999,0.345082,0.33617199999999997,0.325955,0.314633,0.30290100000000003,0.29135300000000003,0.28135099999999996,0.27313899999999997,0.266741,0.261946,0.258277,0.25509200000000004,0.251761,0.24784399999999998
"IIASA-WiC POP 2023","SSP5","Mauritius","Population","million",1.296971,1.2902230000000001,1.2804959999999999,1.263837,1.239253999999999,1.20943,1.175441,1.13873,1.100467,1.062057,1.02348,0.984471,0.9450029999999999,0.905218,0.8648,0.8232480000000001,0.780391
"IIASA-WiC POP 2023","SSP5","Malawi","Population","million",19.120889,21.497490000000003,23.88689,26.227849,28.396331,30.442561,32.336662000000004,33.968455000000006,35.3125659999999,36.390631,37.209500999999996,37.749478,38.027833,38.048566,37.856376,37.469093,36.897068
"IIASA-WiC POP 2023","SSP5","Malaysia","Population","million",33.003633,34.960943,36.740571,38.322563,39.688339,40.923446000000006,42.003282,42.897791,43.5712649999999,43.95825,44.07213900000001,43.920479,43.504507,42.825974,41.902506,40.767525,39.442069000000004
"IIASA-WiC POP 2023","SSP5","Mayotte","Population","million",0.300354,0.353912,0.40971399999999997,0.46715399999999996,0.526197999999999,0.5893539999999999,0.65471,0.72047,0.7851440000000001,0.851515999999999,0.920315999999999,0.9921639999999999,1.06724,1.145348,1.226386,1.31081,1.39916
"IIASA-WiC POP 2023","SSP5","Namibia","Population","million",2.467078,2.660133,2.846211,3.005395,3.143092,3.266511,3.377712,3.459083,3.505394,3.527781,3.5279059999999998,3.511416,3.480398,3.435927,3.378876,3.31,3.232110999999999
"IIASA-WiC POP 2023","SSP5","New Caledonia","Population","million",0.285619,0.30040300000000003,0.313226,0.32449499999999903,0.334734,0.344043,0.352028,0.35838899999999996,0.36291799999999996,0.365479,0.36636799999999997,0.36591799999999997,0.364268,0.361394,0.357226999999999,0.35184000000000004,0.34524900000000003
"IIASA-WiC POP 2023","SSP5","Niger","Population","million",23.88169,28.17135,32.571681,37.145138,41.790237000000005,46.569976999999895,51.327042000000006,55.877196000000005,60.089588000000006,63.972577,67.48118799999989,70.582703,73.17749399999991,75.278605,76.813292,77.750874,78.051503
"IIASA-WiC POP 2023","SSP5","Nigeria","Population","million",205.78060000000002,229.85295100000002,253.91642900000002,278.340973,302.701784,327.607995,351.91523800000004,374.334227,394.345647,412.326292,428.200692,441.885369,453.069871,461.277382,466.50217200000003,468.458999,467.41422600000004
"IIASA-WiC POP 2023","SSP5","Nicaragua","Population","million",6.709703999999999,7.037127000000001,7.270702,7.427905,7.509154,7.532641,7.502351,7.4220310000000005,7.290657,7.135291,6.956363,6.760763,6.552246,6.336783,6.116943,5.895931,5.675727
"IIASA-WiC POP 2023","SSP5","Netherlands","Population","million",17.402279,17.67105,17.914571,18.143508,18.336383,18.511498,18.689212,18.83029,18.93923,19.019839,19.091966,19.163148000000003,19.109330000000003,18.925165,18.560703,18.058443,17.480082
"IIASA-WiC POP 2023","SSP5","Norway","Population","million",5.367948,5.575016,5.771287999999999,5.975346,6.1830300000000005,6.396904,6.6208979999999915,6.823418,7.006216,7.161497000000001,7.294993000000001,7.407825,7.483011999999999,7.48637,7.409455999999991,7.264003,7.077196
"IIASA-WiC POP 2023","SSP5","Nepal","Population","million",28.999223,30.04159,30.691371,30.963223000000003,30.936418000000003,30.738477,30.371184000000003,29.842318,29.15123,28.424702000000003,27.669401,26.892941,26.100917000000003,25.290507,24.464442,23.628318,22.800176
"IIASA-WiC POP 2023","SSP5","New Zealand","Population","million",5.026485,5.219085,5.4049340000000115,5.581634,5.748683,5.911352,6.065510000000001,6.196328999999999,6.302957,6.383412000000001,6.443066,6.482965,6.500382,6.489371,6.443575,6.361219,6.246601
"IIASA-WiC POP 2023","SSP5","Oman","Population","million",4.589135000000001,5.011465,5.381941,5.6901969999999995,5.953672,6.203349,6.42981700000001,6.60891,6.722481,6.762229,6.731656,6.636723,6.488975000000001,6.299469,6.088849000000001,5.8790119999999995,5.682009
"IIASA-WiC POP 2023","SSP5","Pakistan","Population","million",225.11285900000001,245.34627,264.53536099999997,281.869962,296.810216,310.20036,321.781332,330.803465,337.195882,341.493986,343.917078,344.55441600000006,343.485577,341.008626,337.393176,332.81937400000004,327.501458
"IIASA-WiC POP 2023","SSP5","Panama","Population","million",4.265542000000001,4.528180000000001,4.759219,4.955577,5.109878,5.234562,5.32059200000001,5.373292999999999,5.39606100000001,5.39187000000001,5.36340099999999,5.310766,5.23736100000001,5.143209,5.030187,4.897062,4.74186
"IIASA-WiC POP 2023","SSP5","Peru","Population","million",33.090275000000005,34.170001,35.102347,35.709007,35.979526,36.036196000000004,35.873783,35.505801000000105,34.923954,34.204105000000006,33.367953,32.445344,31.466058,30.448334,29.401844,28.332099,27.239053000000002
"IIASA-WiC POP 2023","SSP5","Philippines","Population","million",111.287624,118.802215,125.529644,131.19241699999998,135.64954500000002,139.247968,141.866087,143.391216,143.75020600000002,143.35225,142.33657399999998,140.73611300000002,138.63878200000002,135.991907,132.843666,129.283429,125.398615
"IIASA-WiC POP 2023","SSP5","Papua New Guinea","Population","million",9.648816,10.670283,11.590772999999999,12.419004000000001,13.15139,13.807144000000001,14.369242,14.814647,15.142336,15.326383,15.389169,15.339991,15.184318,14.91693,14.545156,14.074752,13.518692999999999
"IIASA-WiC POP 2023","SSP5","Poland","Population","million",38.477961,39.000816,38.231662,37.47279,36.759449000000004,36.105735,35.516239,34.87712200000001,34.195667,33.467486,32.681747,31.830913000000002,30.92772,29.99958,29.081155,28.201399000000002,27.371812000000002
"IIASA-WiC POP 2023","SSP5","Puerto Rico","Population","million",3.2802189999999998,3.017363,2.788669,2.586296,2.408384,2.255375,2.127831,2.018243,1.9253779999999998,1.8485129999999992,1.783679,1.726998,1.674693,1.623631,1.57163,1.5169949999999992,1.458437
"IIASA-WiC POP 2023","SSP5","North Korea","Population","million",25.813238000000002,26.382769,26.506324,26.354021,26.06917,25.703479,25.287391,24.789625,24.127953,23.349889,22.545174,21.769912,21.02271,20.265287999999998,19.463878,18.624865000000003,17.784517
"IIASA-WiC POP 2023","SSP5","Portugal","Population","million",10.298401,10.233439,10.161977,10.122667,10.100987,10.095303,10.09956,10.093364,10.067260000000001,10.009390999999999,9.927907,9.826486000000001,9.706208,9.55701,9.34204,9.080905000000001,8.760195
"IIASA-WiC POP 2023","SSP5","Paraguay","Population","million",6.573036,6.917051000000001,7.21171000000001,7.422995,7.566886000000011,7.65389700000001,7.686212,7.65781500000001,7.577582,7.471445,7.342551,7.192728,7.02110200000001,6.832473,6.630013,6.419944000000001,6.204046000000001
"IIASA-WiC POP 2023","SSP5","Palestine","Population","million",4.961984,5.47936,5.933758,6.31771199999999,6.629692,6.890905,7.096493000000001,7.228514,7.289734,7.311487,7.303338,7.278752000000001,7.242993,7.194724,7.139468,7.075367,7.007337000000001
"IIASA-WiC POP 2023","SSP5","French Polynesia","Population","million",1.009624,1.024959,1.032138,1.031487,1.024445,1.012974,0.9965859999999991,0.973827,0.9458769999999991,0.9185629999999999,0.8926149999999999,0.8683690000000001,0.8457190000000001,0.824279999999999,0.8041050000000001,0.7856969999999991,0.7691140000000001
"IIASA-WiC POP 2023","SSP5","Qatar","Population","million",2.828629,3.294597,3.738133,4.168037,4.58901400000001,5.000514,5.387041,5.73898500000001,6.046638,6.2680620000000005,6.40433800000001,6.454246,6.417657,6.297712000000001,6.107063,5.866939,5.596289
"IIASA-WiC POP 2023","SSP5","R?union","Population","million",0.95352,0.9967159999999999,1.030041,1.05652,1.079174,1.097624,1.110726,1.118531,1.121071,1.120499,1.118525,1.116392,1.114101,1.111154,1.106507,1.099284,1.088493
"IIASA-WiC POP 2023","SSP5","Romania","Population","million",19.489725,18.679014,17.919244,17.152849,16.418666,15.717802,15.042868,14.383701,13.716814000000001,13.05897,12.424485,11.842681,11.326156000000001,10.86828,10.458403,10.090698,9.745796
"IIASA-WiC POP 2023","SSP5","Russian Federation","Population","million",145.761661,146.489421,145.90106899999998,145.640539,145.897074,146.721008,147.793949,148.575801,148.980811,148.845807,148.255017,147.259185,145.869272,144.08991,141.987546,139.62906,136.929927
"IIASA-WiC POP 2023","SSP5","Rwanda","Population","million",12.987328999999999,14.428929,15.78457,17.012145,18.102529999999998,19.109469,20.041167,20.802585,21.375788,21.771684,22.004408,22.076078000000003,22.006966000000002,21.833606,21.571557000000002,21.217477,20.774551
"IIASA-WiC POP 2023","SSP5","Saudi Arabia","Population","million",36.229969,39.3787739999999,42.065149,44.349039,46.246550000000006,47.830091,49.05097,49.88637000000001,50.313438000000005,50.282477,49.845846,49.090042000000004,48.1309219999999,47.053387,45.870466,44.5421,43.051821000000004
"IIASA-WiC POP 2023","SSP5","Sudan","Population","million",43.82806,49.296627999999906,54.39553300000001,59.106795,63.403656000000005,67.506943,71.310517,74.632537,77.37060000000001,79.572284,81.23630100000001,82.340191,83.012354,83.215705,83.052023,82.535413,81.69586
"IIASA-WiC POP 2023","SSP5","Senegal","Population","million",16.215468,18.070400000000003,19.782856,21.393453,22.870265,24.278986,25.532879,26.558373,27.344499,27.954766,28.404939,28.707669000000003,28.85338,28.833441,28.674113000000002,28.392694,27.993807
"IIASA-WiC POP 2023","SSP5","Singapore","Population","million",5.893521,6.261249,6.611673,6.930044,7.21392300000001,7.470835,7.705887,7.90066,8.052432,8.13264200000001,8.153166,8.119563,8.031076,7.882446,7.668369,7.386807,7.039645
"IIASA-WiC POP 2023","SSP5","Solomon Islands","Population","million",0.6828970000000001,0.755567,0.8198900000000001,0.8771909999999999,0.927449,0.9717049999999999,1.007688,1.03449,1.05143,1.061686,1.064757,1.06193,1.053106,1.039692,1.021933,0.999962999999999,0.9734149999999999
"IIASA-WiC POP 2023","SSP5","Sierra Leone","Population","million",8.140207,8.955899000000011,9.67127500000002,10.291114,10.808445,11.242066999999999,11.575827,11.795107,11.895271000000001,11.901693999999999,11.821136000000001,11.656616,11.424932,11.136091,10.794394,10.409531000000001,9.99041099999999
"IIASA-WiC POP 2023","SSP5","El Salvador","Population","million",6.280916,6.17722,6.036202,5.85003500000001,5.630797999999999,5.39849999999999,5.152236,4.893991,4.625987,4.377733,4.147832999999999,3.935124,3.7369019999999997,3.5514140000000003,3.376217,3.210593,3.056429999999999
"IIASA-WiC POP 2023","SSP5","Somalia","Population","million",16.272863,18.610028999999997,20.885343000000002,23.117338,25.274772000000002,27.436223000000002,29.462891,31.219203,32.643523,33.874496,34.939687,35.839013,36.549299,37.039875,37.313112000000004,37.360822999999996,37.234277999999996
"IIASA-WiC POP 2023","SSP5","Serbia","Population","million",7.384063,7.193159,7.13432,7.083562,7.034815,6.999848,6.977815,6.960989,6.937741,6.888899,6.815093,6.72096199999999,6.611238,6.4876000000000005,6.347961999999991,6.18910100000001,6.006861
"IIASA-WiC POP 2023","SSP5","South Sudan","Population","million",10.545439,10.522793,10.432528,10.299769000000001,10.091796,9.797467000000001,9.39549499999999,8.928353,8.443536000000009,8.029948000000001,7.675149999999999,7.35912,7.066555000000011,6.793509,6.539086,6.302308,6.086836000000001
"IIASA-WiC POP 2023","SSP5","Sao Tome and Principe","Population","million",0.21622000000000002,0.23138699999999998,0.243711999999999,0.253331,0.25991800000000004,0.264312,0.266044,0.264933,0.26131000000000004,0.256496,0.250662,0.24418499999999999,0.237481,0.23066000000000003,0.223581,0.21609499999999998,0.20825800000000003
"IIASA-WiC POP 2023","SSP5","Suriname","Population","million",0.603807,0.627217999999999,0.646949,0.661374999999998,0.67054,0.676134,0.678053,0.67615,0.6705479999999999,0.6625570000000001,0.652826,0.6417209999999991,0.629208999999999,0.61545,0.6001179999999999,0.5834170000000001,0.565206
"IIASA-WiC POP 2023","SSP5","Slovakia","Population","million",5.457542,5.506861,5.479681999999999,5.434712,5.378675,5.323344,5.269362,5.21058,5.140333,5.053799,4.951561,4.83733,4.717506,4.5968990000000005,4.476339,4.355624,4.23461
"IIASA-WiC POP 2023","SSP5","Slovenia","Population","million",2.116256,2.126489,2.130823,2.135085,2.140565,2.14796,2.153923,2.155241,2.151161,2.139593,2.122524,2.100779,2.073706999999999,2.040317,2.000394,1.9544139999999999,1.902264
"IIASA-WiC POP 2023","SSP5","Sweden","Population","million",10.321414,10.706226000000001,11.065007,11.430549000000001,11.817463,12.244382,12.708665000000002,13.148757,13.550068,13.892423,14.190464,14.448381,14.646472,14.696568,14.571477000000002,14.312691000000001,14.00084
"IIASA-WiC POP 2023","SSP5","Eswatini","Population","million",1.17422,1.2061410000000001,1.231872,1.2451240000000001,1.246289,1.239241,1.224712,1.197733,1.159525,1.119257,1.07764,1.035061,0.9919709999999999,0.9491569999999999,0.9074329999999999,0.867054,0.828149999999999
"IIASA-WiC POP 2023","SSP5","Seychelles","Population","million",0.105011,0.109012,0.112387,0.114948,0.116643,0.11763599999999999,0.11793000000000001,0.117581999999999,0.11666000000000001,0.11519399999999999,0.11326000000000001,0.110917,0.10818699999999999,0.10510800000000001,0.101714,0.097991,0.09392
"IIASA-WiC POP 2023","SSP5","Syria","Population","million",20.486035,22.01589,23.535734,25.041783,26.348437,27.425081,28.228689,28.828646000000003,29.268099,29.607599999999998,29.850434000000003,29.994987000000002,30.036856,29.971315999999998,29.800872,29.472155,28.707677
"IIASA-WiC POP 2023","SSP5","Chad","Population","million",16.37919,18.929577000000002,21.383842,23.830099,26.215057,28.567899,30.811920999999998,32.87491000000001,34.697849000000005,36.304612,37.667075,38.792277999999996,39.632572,40.213163,40.479537,40.420095,40.058642
"IIASA-WiC POP 2023","SSP5","Togo","Population","million",8.34223400000001,9.25839,10.089114,10.836291,11.489629,12.076579,12.567898999999999,12.950520000000001,13.212768,13.38976,13.468949,13.46364,13.372865000000001,13.212717000000001,12.990745,12.711235,12.378881
"IIASA-WiC POP 2023","SSP5","Thailand","Population","million",71.389373,72.148801,72.3863859999999,72.104193,71.2896930000001,70.0870740000001,68.492761,66.558255,64.384671,62.037428999999996,59.58646100000001,57.057012,54.464381,51.79661,49.05617,46.2726349999999,43.474538
"IIASA-WiC POP 2023","SSP5","Tajikistan","Population","million",9.44281400000001,10.265602999999999,10.947709999999999,11.542309,12.057200000000002,12.49107,12.779361000000002,12.927671,12.951808000000002,12.913255,12.820488,12.67425,12.477092,12.245134,11.988997,11.719819,11.435928
"IIASA-WiC POP 2023","SSP5","Turkmenistan","Population","million",6.20436199999999,6.658645000000001,7.002311000000009,7.270576,7.489721999999999,7.682328000000001,7.829601,7.904675000000011,7.908563,7.86171800000001,7.782529,7.680862,7.558714,7.416863,7.258439000000011,7.087961,6.905006
"IIASA-WiC POP 2023","SSP5","Timor-Leste","Population","million",1.289747,1.371481,1.444032,1.5029029999999999,1.545125,1.574137,1.589739,1.5906069999999999,1.576342,1.5530979999999999,1.523117,1.486953999999999,1.444995,1.396319,1.341928,1.284166999999999,1.2257850000000001
"IIASA-WiC POP 2023","SSP5","Tonga","Population","million",0.10487600000000001,0.10216700000000001,0.09838400000000001,0.09401200000000001,0.089393,0.08479300000000001,0.08018499999999999,0.07542700000000001,0.070545,0.066373,0.06289900000000001,0.060073999999999995,0.057748,0.055865000000000005,0.054268000000000004,0.052929000000000004,0.051794
"IIASA-WiC POP 2023","SSP5","Trinidad and Tobago","Population","million",1.5139010000000002,1.5130759999999999,1.5011670000000001,1.480666,1.453166999999999,1.422126,1.386331,1.346535,1.3031730000000001,1.25878,1.21344,1.167117999999999,1.119886,1.073271,1.028706,0.9864189999999999,0.945631999999999
"IIASA-WiC POP 2023","SSP5","Tunisia","Population","million",12.106245000000001,12.537813,12.851146000000002,13.024279,13.102791999999999,13.1384,13.120278,13.026121999999999,12.847128000000001,12.603359000000001,12.312427,11.991286,11.652074,11.302607,10.949858,10.600487,10.253593
"IIASA-WiC POP 2023","SSP5","Turkey","Population","million",83.811677,86.85261500000011,89.391722,91.348922,92.844112,93.9568729999999,94.53258100000001,94.5535680000001,93.97149800000001,92.943185,91.573273,89.909272,88.007717,85.914223,83.672086,81.326384,78.91111599999999
"IIASA-WiC POP 2023","SSP5","Taiwan","Population","million",23.800895,23.261947,22.663847,21.982534,21.188059000000003,20.324051,19.440592000000002,18.509017,17.569078,16.66819,15.796221,14.940894,14.124407,13.366511000000001,12.677668,12.052145000000001,11.473647000000001
"IIASA-WiC POP 2023","SSP5","Tanzania","Population","million",60.771967,69.440212,77.887454,86.07037100000011,93.8798,101.567303,108.96834299999999,115.470199,121.02647900000001,125.778313,129.71539,132.963406,135.365877,136.86142800000002,137.495207,137.381645,136.587949
"IIASA-WiC POP 2023","SSP5","Uganda","Population","million",43.685862,50.1365579999999,56.5592209999999,62.757518,68.560487,74.187149,79.55803200000001,84.1945860000001,88.1034810000001,91.4321690000001,94.27215699999991,96.48236199999991,98.0380499999999,98.93131,99.2173080000001,99.01969000000001,98.40330100000001
"IIASA-WiC POP 2023","SSP5","Ukraine","Population","million",44.090697999999996,36.47543,37.301362999999995,37.619351,37.530201999999996,37.188111,36.752773999999995,36.259364999999995,35.742845,35.158493,34.507872000000006,33.796258,33.025389999999895,32.198657,31.330026000000004,30.429494,29.477838000000002
"IIASA-WiC POP 2023","SSP5","Uruguay","Population","million",3.428267,3.384696,3.342518,3.2937659999999997,3.235515,3.170576,3.096054,3.010927,2.916232,2.818155,2.718266,2.616584,2.512792,2.4060829999999997,2.295013,2.177564,2.051986
"IIASA-WiC POP 2023","SSP5","United States","Population","million",335.388236,345.660218,357.460486,369.492879,381.27802399999996,392.805178,403.942975,413.78093800000005,422.728721,430.58531800000003,437.610972,443.621368,448.12786,450.578954,450.632128,448.10172700000004,442.286855
"IIASA-WiC POP 2023","SSP5","Uzbekistan","Population","million",33.243472000000004,35.790670999999904,37.842863,39.5201459999999,40.9496549999999,42.232346,43.242202,43.840402000000005,44.024139000000005,43.928808,43.647715,43.206751,42.609762,41.879318,41.066731,40.220794999999896,39.33316000000001
"IIASA-WiC POP 2023","SSP5","Saint Vincent and the Grenadines","Population","million",0.104708,0.09837799999999901,0.093544,0.08872000000000001,0.08406100000000001,0.07970000000000001,0.075472,0.071398,0.067528999999999,0.064156999999999,0.061215000000000006,0.058614,0.056295000000000005,0.054151000000000005,0.052157999999999996,0.050280000000000005,0.048451999999999995
"IIASA-WiC POP 2023","SSP5","Venezuela","Population","million",28.628829000000003,29.621807,30.59526,31.387185000000002,31.922482000000002,32.259523,32.398830000000004,32.375829,32.211477,31.939822,31.588859,31.173778,30.701293000000003,30.176636,29.589521,28.912195,28.012302000000002
"IIASA-WiC POP 2023","SSP5","United States Virgin Islands","Population","million",0.100544,0.096749,0.09352099999999999,0.09071499999999999,0.088284,0.08644,0.085023,0.083888999999999,0.082911,0.08201900000000001,0.08119599999999999,0.08043600000000001,0.079621,0.078666,0.07748000000000001,0.07584600000000001,0.07362
"IIASA-WiC POP 2023","SSP5","Viet Nam","Population","million",96.203591,99.4723479999999,101.801005,103.169916,103.79317999999999,103.940272,103.636161,102.82409200000001,101.406976,99.4637069999999,97.09678699999999,94.417333,91.512705,88.42482700000001,85.167807,81.77134600000001,78.283393
"IIASA-WiC POP 2023","SSP5","Vanuatu","Population","million",0.30798000000000003,0.338731,0.36563399999999996,0.389882,0.411361,0.43106500000000003,0.447613,0.46012699999999995,0.468796,0.474549,0.47767200000000004,0.478296,0.477072,0.47428800000000004,0.47007099999999996,0.464495,0.45726799999999995
"IIASA-WiC POP 2023","SSP5","Samoa","Population","million",0.21306200000000003,0.21579,0.214773,0.211142,0.20576799999999998,0.19977899999999998,0.19294599999999998,0.184962,0.176006,0.16806200000000002,0.161081,0.15509499999999998,0.150123,0.145983,0.14251,0.13962100000000002,0.137216
"IIASA-WiC POP 2023","SSP5","Yemen","Population","million",31.927134,35.337459,38.519076,41.302502999999994,43.678089,45.795611,47.561794000000006,48.902330000000006,49.808172,50.330885,50.451052000000004,50.208209000000004,49.691416,48.978152,48.094567999999896,47.040425000000006,45.799317
"IIASA-WiC POP 2023","SSP5","South Africa","Population","million",58.466146,60.841813000000094,63.364961,65.327298,66.736143,67.763683,68.48778200000001,68.6929380000001,68.395961,67.689936,66.59423299999999,65.145784,63.347557,61.274782,59.00280000000001,56.60377,54.10299
"IIASA-WiC POP 2023","SSP5","Zambia","Population","million",18.654917,21.135009999999998,23.53719,25.842076000000002,27.988919000000003,30.02279,31.913697,33.531473,34.857892,35.892138,36.641621,37.103838,37.273819,37.1987939999999,36.892362,36.349766,35.590811
"IIASA-WiC POP 2023","SSP5","Zimbabwe","Population","million",15.505219,16.660563999999997,17.684956999999997,18.539342,19.202561000000003,19.744255000000003,20.148303000000002,20.339114000000002,20.305361,20.154828000000002,19.910661,19.626524000000003,19.319482,18.990959,18.625383000000003,18.228939,17.806251
"© SSP Scenario Explorer https://data.ece.iiasa.ac.at/ssp"
