"Model","Scenario","Region","Variable","Unit","2025","2030","2035","2040","2045","2050","2055","2060","2065","2070","2075","2080","2085","2090","2095","2100"
"IIASA GDP 2023","SSP1","Aruba","GDP|PPP","billion USD_2017/yr",4.55177125809898,5.17514674091562,5.85006168183137,6.53351091324465,7.17428240762845,7.76799149882503,8.38069792743347,9.12776447494673,9.9814952766391,10.8548270705955,11.7661048379643,12.7026156480177,13.6322519889113,14.5010004302871,15.253422716109,15.615742479738
"IIASA GDP 2023","SSP1","Afghanistan","GDP|PPP","billion USD_2017/yr",38.776222554997,56.64874233855,82.829380138455,120.291453479629,172.685996103396,242.960986078637,327.105955063261,423.640014479225,527.886109816487,637.688750286834,745.606295378209,846.558704775608,937.135060887325,1018.19428210819,1090.5675008987,1127.37236516377
"IIASA GDP 2023","SSP1","Angola","GDP|PPP","billion USD_2017/yr",233.488317667248,274.637229893673,317.522757085201,375.740634839622,451.796877978475,555.834153818924,691.600416362242,864.812783881869,1070.29205491251,1304.3897944005,1555.30639494512,1810.33585101411,2054.59187009517,2279.96869657207,2476.90406267239,2578.52061211957
"IIASA GDP 2023","SSP1","Albania","GDP|PPP","billion USD_2017/yr",47.4110750626342,52.2696408614509,57.6288647786683,64.9542094621442,70.5568075207739,74.9761219823683,79.0010850270371,83.9249460591236,90.6016211700558,96.0855508215184,100.143829851086,102.783202316081,104.634990374111,105.650176335187,106.269103788501,104.419452686196
"IIASA GDP 2023","SSP1","United Arab Emirates","GDP|PPP","billion USD_2017/yr",784.698183913743,978.983956460074,1194.38991470019,1367.2782921148,1506.20885307508,1614.98785742772,1742.08538300923,1893.91286043743,2063.33008988812,2206.30651219753,2277.82533188918,2285.44028039229,2251.57261998579,2196.30094509542,2130.79179345638,2032.80897370153
"IIASA GDP 2023","SSP1","Argentina","GDP|PPP","billion USD_2017/yr",1081.92765621917,1219.6979838267,1373.77667667048,1539.24523567433,1717.45395588383,1902.11926728036,2074.9226785642,2257.3996240456,2429.16368702722,2583.21820773033,2698.61997333644,2782.90328663044,2847.273306532,2900.02094122248,2965.31827921986,2998.12989570186
"IIASA GDP 2023","SSP1","Armenia","GDP|PPP","billion USD_2017/yr",51.6853896320902,54.5842938454208,58.2545016858072,63.3848324266722,68.8749790158569,74.4041756731918,80.4892688237549,87.7315514041134,95.6302975087793,102.600596304402,108.786065980939,114.472709095509,120.072154206882,125.31197074867,130.086247888214,131.371951052655
"IIASA GDP 2023","SSP1","Antigua and Barbuda","GDP|PPP","billion USD_2017/yr",2.194934952628,2.54621259628721,2.93863233512469,3.42372938073959,3.93487370080867,4.44827936213937,4.89738873313254,5.3661218360138,5.78455492747338,6.14077020195387,6.41747769782652,6.61611024096687,6.72948612441202,6.83614157740175,6.98224581231373,7.01542793860992
"IIASA GDP 2023","SSP1","Australia","GDP|PPP","billion USD_2017/yr",1455.10647846814,1586.82456007503,1723.62660202781,1855.84918118522,2010.14913783266,2186.28693008988,2376.6317256528,2595.25741657477,2830.69382694341,3064.77048537613,3287.08361791339,3504.91679975027,3708.67363188174,3886.24443852116,4023.96200455345,4029.61388776688
"IIASA GDP 2023","SSP1","Austria","GDP|PPP","billion USD_2017/yr",528.959839653004,559.452227955064,592.414628981349,632.163917166905,667.799550665819,704.868536292783,739.876935263876,797.637033533946,861.807185300388,928.507949187773,992.735243659346,1052.6603119925,1101.99865039651,1140.99596142325,1167.20207309658,1158.46690352015
"IIASA GDP 2023","SSP1","Azerbaijan","GDP|PPP","billion USD_2017/yr",165.984342600039,181.634656130631,195.063974580733,214.896105914872,240.828109317156,267.812577213054,294.756123487833,324.653656461613,357.757722123351,390.306237084088,418.565649674045,443.678581636256,468.370152349425,491.661063818327,511.477593371499,516.811077459394
"IIASA GDP 2023","SSP1","Burundi","GDP|PPP","billion USD_2017/yr",10.5909606924959,16.9835887180634,26.7392749905024,41.3946180982682,63.0459550142238,94.0261757097174,134.554633782906,182.944552249476,236.573994583401,292.768292684872,348.382239463358,400.093438420712,447.112656196113,488.895720447925,525.411954648075,544.077649219507
"IIASA GDP 2023","SSP1","Belgium","GDP|PPP","billion USD_2017/yr",639.292101029425,694.198725751776,748.985563481372,810.056332485942,863.507574875228,914.762421401091,969.796588397641,1047.07942705171,1132.87482825822,1218.05060414757,1302.28256479699,1387.57898272356,1469.31007304802,1540.19486425599,1595.7990181567,1596.87652112422
"IIASA GDP 2023","SSP1","Benin","GDP|PPP","billion USD_2017/yr",54.5182165627528,75.1060910447226,103.504353734333,142.262954843618,195.488323553969,265.962237409564,350.275617060359,446.040598061135,548.927667181007,656.126161098241,760.219907682104,856.926327303472,941.385342789987,1015.09300445654,1078.78328278813,1109.63564160839
"IIASA GDP 2023","SSP1","Burkina Faso","GDP|PPP","billion USD_2017/yr",58.2860616531115,77.9819404118471,104.556994871098,142.164024226519,191.475937001026,258.233803261832,340.912617085797,439.384666004841,547.476467675948,662.822306283468,781.194747794253,897.355774942588,1005.11600062107,1101.98767383873,1187.74362015065,1235.5181846918
"IIASA GDP 2023","SSP1","Bangladesh","GDP|PPP","billion USD_2017/yr",1377.56960395801,1668.2752136328,2041.83384341301,2540.04858165858,3133.54194988525,3829.95064843767,4605.35972520441,5510.49101603641,6483.42951433659,7480.64670458347,8417.13216247308,9218.32270127032,9819.95841567577,10254.8752993418,10563.8882716817,10605.1538530236
"IIASA GDP 2023","SSP1","Bulgaria","GDP|PPP","billion USD_2017/yr",187.8609134527,193.669702730177,201.479692157038,210.672523087354,217.825620361625,226.381791768765,236.17277281156,250.658592832783,264.731778293349,275.009994953365,282.426502282381,288.806859330864,294.97570617033,301.024211450502,306.347966720001,303.805184929863
"IIASA GDP 2023","SSP1","Bahrain","GDP|PPP","billion USD_2017/yr",83.6479249918645,91.4350548496696,100.605511405173,112.046067469241,119.4445570787,128.193808371559,136.563998617048,151.283820161722,166.349001130371,180.79757454407,192.431389220523,200.89032134946,206.458926780381,209.957364060727,211.493345775633,208.141418470971
"IIASA GDP 2023","SSP1","Bahamas","GDP|PPP","billion USD_2017/yr",14.7539251891303,16.349899988395,17.9168593066646,19.2189894254367,20.4885211319755,21.8255211785068,23.0248806279918,24.1137341912198,25.0288858689028,25.7898791717202,26.4974458945555,27.5037017795436,28.625795577687,29.7421020296467,30.7499800458039,31.1081161260326
"IIASA GDP 2023","SSP1","Bosnia and Herzegovina","GDP|PPP","billion USD_2017/yr",58.7695322050768,64.0616479384929,70.1901304979962,76.6878170796509,82.0712566362601,86.9224981292407,92.0812012240705,97.8107159866573,103.315467522395,108.351485979489,112.322257878726,115.334303099499,117.755388078367,119.890520864856,121.659002277291,120.702474052393
"IIASA GDP 2023","SSP1","Belarus","GDP|PPP","billion USD_2017/yr",181.010312153658,197.688897423831,213.889967126075,225.751037677903,239.721187358158,253.915181162311,269.800720432,287.370433159435,302.126708406887,313.675134663941,323.712833654693,332.985883758614,341.543150488761,348.918719582942,354.074400689129,349.736460636183
"IIASA GDP 2023","SSP1","Belize","GDP|PPP","billion USD_2017/yr",4.18457132618583,6.09127618463392,8.6183914729527,11.5097333029895,14.54343385431,17.5966441747474,20.5244717049776,23.5358395481116,26.4096574707068,29.0999052973474,31.4475199318688,33.3397176005001,34.729854009854,35.7827897206782,36.5501044371752,36.4409059743498
"IIASA GDP 2023","SSP1","Bolivia","GDP|PPP","billion USD_2017/yr",106.314083359068,135.830669183863,171.427284667151,212.061712335734,255.543299421389,300.802398499173,343.75821601842,387.384348709693,428.990654025604,467.535329239163,501.302607587651,529.331085794726,551.848627769825,569.632107777692,582.068944788906,579.980432258365
"IIASA GDP 2023","SSP1","Brazil","GDP|PPP","billion USD_2017/yr",3392.20226731634,3785.96786676873,4245.38131931208,4812.60668280683,5429.38794374664,6128.31290735066,6813.14786344046,7600.91843062828,8329.55323445407,9002.56058943677,9548.15945358756,9944.23488818469,10199.4211264852,10380.8352685873,10447.8318411172,10264.3294382755
"IIASA GDP 2023","SSP1","Barbados","GDP|PPP","billion USD_2017/yr",4.76360632680045,5.38102009956248,6.12789761131265,7.07676352729131,8.14754407437395,9.2571922364835,10.2799997257487,11.3492145349834,12.3483721128109,13.2454608924137,14.03905413391,14.7169299812529,15.2385929249466,15.6285128772935,15.8782985763917,15.6836830931844
"IIASA GDP 2023","SSP1","Brunei Darussalam","GDP|PPP","billion USD_2017/yr",29.0655958852504,31.3295257390344,33.6501760439041,36.0096780812851,38.3754737576813,40.9361862086969,43.7230194260761,47.1235075942591,50.653550293664,54.0274699706505,57.0927537439753,59.62372402563,61.7424847751511,63.4664348321766,64.4439568258415,63.4109837885794
"IIASA GDP 2023","SSP1","Bhutan","GDP|PPP","billion USD_2017/yr",9.66589411185819,11.5864986136421,13.967851937826,16.722386837233,19.6359409761721,22.5642489393146,25.5709049885584,28.5726870407769,31.6198456252531,34.3213944658866,36.2760242341554,37.1921340261997,37.447722860794,37.2288436885638,36.8082950354468,35.6523017002342
"IIASA GDP 2023","SSP1","Botswana","GDP|PPP","billion USD_2017/yr",46.1822203881881,57.9058828078972,71.2989471806034,85.2925720239914,99.6292961679065,116.186521818428,132.309175127125,147.842906573781,161.988127512449,174.30833966668,184.00439308064,191.207180814124,195.919786873701,199.130840818357,200.284065487093,198.39496128283
"IIASA GDP 2023","SSP1","Central African Republic","GDP|PPP","billion USD_2017/yr",5.0676651179145,8.37567637054538,13.8326250925972,22.4562810121321,34.9648807257333,52.5639934952107,75.4619932644149,102.901701399756,133.556004224835,166.8501702043,202.658934861304,239.038102393539,274.47265195276,307.970592032115,339.891871735963,362.112408835119
"IIASA GDP 2023","SSP1","Canada","GDP|PPP","billion USD_2017/yr",2019.170471196,2165.09766522032,2285.78070091938,2395.53480878014,2514.25910418309,2664.37975914612,2810.13099710764,2981.68144308796,3174.97078619225,3368.10991882217,3560.93091194738,3762.78327983754,3963.84131727022,4141.52034717169,4279.67811054553,4277.39715451131
"IIASA GDP 2023","SSP1","Switzerland","GDP|PPP","billion USD_2017/yr",650.854584532633,702.712394137593,758.46264954867,814.714031573671,876.951651256544,944.87937351727,1017.04290734592,1099.50780921859,1185.49445851468,1266.59447412299,1336.52976768617,1395.24205543015,1440.56817106966,1474.46772492422,1496.58427982359,1470.78875287394
"IIASA GDP 2023","SSP1","Chile","GDP|PPP","billion USD_2017/yr",505.883156545841,580.23821088366,656.374629747883,727.212754173839,801.75513812646,868.695678393436,922.358961397729,968.197472807931,1008.31869674803,1038.4225054918,1054.34801624444,1060.76692336704,1061.49093857043,1072.23411336548,1082.56925435748,1075.701773127
"IIASA GDP 2023","SSP1","China","GDP|PPP","billion USD_2017/yr",22283.426,25340.1843665103,28856.864725338,33325.484138454,39000.6613071716,43765.9669129184,47129.4905519983,51548.4774878423,55594.4244586896,58015.787456977,58950.9308165893,58918.5771772082,58609.6710943064,58845.4733017675,58199.9179811425,56758.5595156615
"IIASA GDP 2023","SSP1","C?te d'Ivoire","GDP|PPP","billion USD_2017/yr",188.857810972143,243.801957733312,318.642840861384,421.920828076121,555.75974760673,729.780682236536,929.511603383322,1145.0476088581,1362.26688187808,1575.48933322353,1773.92228287918,1951.06165208382,2107.61762945321,2244.47072270452,2367.33519943772,2431.99374612103
"IIASA GDP 2023","SSP1","Cameroon","GDP|PPP","billion USD_2017/yr",118.784401667742,174.461035109676,253.260596876,359.180387080287,491.591812778723,656.266577228982,840.212544832243,1040.35219690941,1241.4400063635,1433.24094946225,1609.76101512618,1765.92346891365,1899.9443945541,2016.43260530607,2118.50448500837,2161.56059983154
"IIASA GDP 2023","SSP1","Democratic Republic of the Congo","GDP|PPP","billion USD_2017/yr",136.66455079956,221.872484927112,355.151791586867,556.03704596525,847.762709852576,1259.10380871746,1804.1393336626,2489.99519999174,3287.62910906897,4165.46346397616,5085.96608473042,6009.19002590484,6899.59081896504,7735.95486230241,8510.83024229964,9000.88788094825
"IIASA GDP 2023","SSP1","Congo","GDP|PPP","billion USD_2017/yr",22.9554304483698,30.5007929000027,40.6685713451716,55.2123109795984,74.058138262517,97.7705271973419,125.111098773834,156.38956185313,189.339918254596,221.742112814352,251.99556376184,279.823514520067,305.458174942906,328.764567861751,349.931177709648,361.891809895328
"IIASA GDP 2023","SSP1","Colombia","GDP|PPP","billion USD_2017/yr",868.618228589418,1057.9417563335,1271.50905288026,1486.58900957836,1696.66215861727,1890.23933152568,2063.71995936386,2229.07547766455,2374.18876687689,2508.25416983677,2616.96501116966,2691.35092339795,2727.21010670736,2740.47525871843,2732.10425033775,2689.74218494135
"IIASA GDP 2023","SSP1","Comoros","GDP|PPP","billion USD_2017/yr",3.01945633146699,4.48091352614435,6.48988492830398,9.05186408305654,12.1519000957203,15.7425463751079,19.5074189764671,23.3312641512513,26.9458386130512,30.2200308387166,33.0401155524231,35.4615600892372,37.5138002278464,39.2608110269322,40.7392753787284,41.0497937733186
"IIASA GDP 2023","SSP1","Cabo Verde","GDP|PPP","billion USD_2017/yr",5.04697165351149,6.22466633320085,7.68605000085888,9.52710506846383,11.6014663435222,13.9557561722175,16.4186593721277,18.9797540834559,21.5596072469334,24.036903056375,26.1829471006178,27.7890589119592,28.8706183218092,29.5692616847358,30.0202392050778,29.8068481453486
"IIASA GDP 2023","SSP1","Costa Rica","GDP|PPP","billion USD_2017/yr",121.175875529843,138.455373066456,158.647081673286,181.600328293926,206.011271772195,230.472793596615,253.783286799962,279.601618296948,302.595452370932,322.888835562291,337.36567481472,346.840361683907,351.819238748431,353.890525455656,353.694694548826,350.776082195671
"IIASA GDP 2023","SSP1","Cyprus","GDP|PPP","billion USD_2017/yr",43.0416234629113,51.2498928923703,59.5047184366276,66.293910228666,72.526555600386,78.3431189103928,84.359951941093,90.9791361795515,96.7100984811982,100.716871861845,103.673173901671,106.062355046947,108.908548919917,112.462560080992,115.961730598053,116.942169356508
"IIASA GDP 2023","SSP1","Czechia","GDP|PPP","billion USD_2017/yr",462.081129318046,475.865940275451,492.779450272103,517.598488826081,539.645931959782,566.038844935932,591.998524435988,627.001824207137,657.175671167241,677.459684363065,689.767607195433,708.128435135153,733.288819177259,764.749686275287,798.882932838609,813.963919379656
"IIASA GDP 2023","SSP1","Germany","GDP|PPP","billion USD_2017/yr",4667.03275848271,4816.18437459749,4993.04051087922,5232.14448230181,5383.78454921573,5566.22531051037,5727.48562007078,6100.46582205355,6495.19670671669,6939.35646347878,7383.87065705841,7803.11880801745,8186.52717587349,8521.22709325569,8783.46539881081,8781.4195721142
"IIASA GDP 2023","SSP1","Djibouti","GDP|PPP","billion USD_2017/yr",6.4756236837176,8.27947963051102,10.5020812664038,13.1754624693985,16.1870514301969,19.6170204523187,23.2054891574652,27.0191578799766,30.730299394191,34.2659600375792,37.4224523359827,40.0192981036931,41.9687426422818,43.3414132093227,44.1950149975666,43.7324398138763
"IIASA GDP 2023","SSP1","Denmark","GDP|PPP","billion USD_2017/yr",361.315657463635,376.384486035929,393.809206568702,413.277998517102,432.582763726503,458.878899124476,488.667120933676,523.28764001541,562.208306011624,602.384472557785,643.059580604451,684.537457302743,724.81308642389,762.489955704431,793.580709337341,795.700846201598
"IIASA GDP 2023","SSP1","Dominican Republic","GDP|PPP","billion USD_2017/yr",249.716185034686,292.951032246809,340.613248850857,391.764418449753,445.793936248754,499.126581921421,547.529651023658,594.22273774548,640.614986496449,679.371136541895,708.625040768816,728.064124534548,740.812373661475,749.301656758757,753.150391430793,741.210117366385
"IIASA GDP 2023","SSP1","Algeria","GDP|PPP","billion USD_2017/yr",530.710596835812,684.064117883777,872.174700411127,1093.03399128595,1328.05211766418,1559.46604204817,1787.31833252737,2034.816870197,2261.58715301257,2438.83077866691,2566.43121371553,2663.7370658326,2751.3124036184,2845.64154143761,2997.51755457552,3129.90300509477
"IIASA GDP 2023","SSP1","Ecuador","GDP|PPP","billion USD_2017/yr",212.656797266798,266.761072574178,327.989507446433,393.829492728319,458.211650259145,521.140890891382,581.114981776556,643.544557773503,702.172647058202,754.659532058236,797.593568439604,829.863128430392,853.089718169152,867.477166766719,875.441479118375,863.524670483767
"IIASA GDP 2023","SSP1","Egypt","GDP|PPP","billion USD_2017/yr",1630.49694392023,1971.60638746851,2395.62849283396,2925.25418709193,3562.78202740769,4303.8425536202,5107.29727859903,5954.68442955377,6766.54896846649,7538.8898736858,8248.60788488773,8868.24963299115,9452.65130361906,10001.5398723846,10486.4043241143,10695.724966148
"IIASA GDP 2023","SSP1","Eritrea","GDP|PPP","billion USD_2017/yr",7.04021233485556,9.82623502782197,13.6467751352312,18.8012258362523,25.211164769187,33.0371263564563,41.6668568027321,51.0407837426194,60.5376871653408,70.1924475761466,79.6839892709969,88.7403578965774,96.9167130283642,104.052689196873,110.31863795087,113.485877367102
"IIASA GDP 2023","SSP1","Spain","GDP|PPP","billion USD_2017/yr",2006.039814467,2178.66059798133,2364.8171815002,2586.87164403412,2773.85936133839,2952.63199368717,3105.41709905307,3355.42802695797,3620.33771343367,3843.09373524129,4035.91345022245,4236.4454387695,4432.63180941465,4621.22055478987,4766.87914922827,4754.50603404974
"IIASA GDP 2023","SSP1","Estonia","GDP|PPP","billion USD_2017/yr",53.8606681973858,54.9684337955396,55.3056397417798,57.2447450569677,59.0658611964122,61.6021570777886,64.3568543471527,68.6906034757092,72.216382655949,74.7040495410986,76.63858427203,78.5600788785968,80.3053430552855,81.7726881353684,82.8165126468702,81.6599110730956
"IIASA GDP 2023","SSP1","Ethiopia","GDP|PPP","billion USD_2017/yr",364.128455195493,480.911268417588,635.684320589301,847.507404718728,1125.03124933123,1485.39975140636,1909.57979294167,2404.76224151479,2946.29140195658,3526.1439714352,4108.22348507376,4655.3418270122,5137.96748229575,5558.4909515501,5916.98874766578,6092.09043556669
"IIASA GDP 2023","SSP1","Finland","GDP|PPP","billion USD_2017/yr",282.872594522071,314.478888409282,342.834993045308,356.692077177234,375.247483733909,392.647534648009,412.791220763822,432.890127641002,456.707234563243,480.336872078307,503.74922585096,530.139291638212,556.519759311015,579.040594955053,594.851639510435,589.788518908553
"IIASA GDP 2023","SSP1","Fiji","GDP|PPP","billion USD_2017/yr",12.9135270098024,15.4968931234522,18.3993936779246,21.3236407200043,24.0356115186348,26.4473426414259,28.5168736621113,30.5850784245514,32.3498748643179,33.8352755356242,34.8890505623279,35.7459750877375,36.3992570042429,37.0876223494802,37.7694221588255,37.6352443082985
"IIASA GDP 2023","SSP1","France","GDP|PPP","billion USD_2017/yr",3259.59509244807,3600.33526613918,3929.98557829382,4244.17589503601,4600.49815418926,4977.94110535176,5371.00904633206,5808.32805852431,6250.7808287652,6683.04791688539,7121.92227255652,7562.98826901406,7992.75008738587,8368.29477628974,8678.08106519243,8689.84211515186
"IIASA GDP 2023","SSP1","Micronesia","GDP|PPP","billion USD_2017/yr",0.351408271704047,0.400645422037931,0.453326891989624,0.518637188204614,0.582851904969849,0.646344413886656,0.700260959195029,0.759938076669987,0.818615278168828,0.878055587589662,0.93454805186008,0.984890841577764,1.02573637508188,1.05925963145864,1.0858380358961,1.0898550060529
"IIASA GDP 2023","SSP1","Gabon","GDP|PPP","billion USD_2017/yr",36.3754111664013,44.064588345842,53.4205102667881,65.2255954271522,78.6899141787934,94.357686762824,110.978009237646,128.743856051843,145.898606729228,161.117797378296,173.515107096475,183.131327363946,191.039257180466,198.017562020991,204.013110414823,204.666972757168
"IIASA GDP 2023","SSP1","United Kingdom","GDP|PPP","billion USD_2017/yr",3236.79899188594,3439.88342503575,3630.42226940953,3853.53195311728,4125.96747989628,4372.01164623385,4594.9201280225,4840.67422442124,5150.33464820703,5480.5786043139,5835.02021750743,6223.02036786244,6622.65012430255,7011.77790512108,7350.73970809291,7448.93039226415
"IIASA GDP 2023","SSP1","Georgia","GDP|PPP","billion USD_2017/yr",72.6148718589055,73.2377490367574,72.8788269737359,73.4233278384055,76.1221779749754,80.7346423798656,85.6751495997174,90.2421390510473,94.062409874134,97.6355479026277,101.216678699882,105.018211650165,109.030951238464,113.162259015754,117.001393374909,118.258878998106
"IIASA GDP 2023","SSP1","Ghana","GDP|PPP","billion USD_2017/yr",202.044150839662,250.717051814311,301.726669494466,380.67290584929,488.581332498666,630.397717137534,804.907713596442,1017.80404816167,1260.04200188741,1517.74390668204,1782.61653602431,2045.13847095937,2300.68549945133,2545.41165088793,2770.43522856539,2919.66121292197
"IIASA GDP 2023","SSP1","Guinea","GDP|PPP","billion USD_2017/yr",44.1092445420644,70.1052820250177,109.105772212813,161.778289986957,228.098958103708,309.914980005654,396.109217795419,482.844530816693,563.984282107015,640.469896009698,706.641137734666,761.206754752423,805.883899826896,842.871530564495,874.646880757388,881.511246971876
"IIASA GDP 2023","SSP1","Gambia","GDP|PPP","billion USD_2017/yr",6.79833402901597,9.70808590946142,13.7019324071557,19.1222086201619,26.4604040356622,35.922722778909,46.9293984326443,59.2896588717403,72.4171964492663,85.8437712415506,98.9284635728932,111.394494347428,122.988265155555,133.699920279372,143.001784118078,147.882627668689
"IIASA GDP 2023","SSP1","Guinea-Bissau","GDP|PPP","billion USD_2017/yr",5.35080159759508,6.89411833626812,8.76723837954766,11.1096272398946,14.0483427368693,17.8854886645177,22.7553807841747,28.9164503366837,36.3741615041364,45.1255312434606,54.9091793355535,65.469275381323,76.4580453122609,87.4230032116797,97.8257108186087,105.294507268426
"IIASA GDP 2023","SSP1","Equatorial Guinea","GDP|PPP","billion USD_2017/yr",19.5757421653159,22.9066544380233,25.8053116234284,31.1431923643282,37.7417969182606,46.4695369434027,56.7917198390574,69.5725041801936,82.9739998602162,95.8922582694983,106.948903317346,116.403974306666,124.323181117926,130.813113286314,135.908497277205,137.105751656806
"IIASA GDP 2023","SSP1","Greece","GDP|PPP","billion USD_2017/yr",351.053029717688,394.554113840807,435.967109188525,473.952899884214,507.894630060843,539.802065654114,568.851069326429,597.06873565965,616.610337125289,634.993308017317,657.833389393958,686.197899979589,718.077227250685,751.642421828568,783.178959670744,794.335195105917
"IIASA GDP 2023","SSP1","Grenada","GDP|PPP","billion USD_2017/yr",2.02204801641706,2.31905155852136,2.65540261144422,3.07389516294104,3.49636725076312,3.91027139689199,4.29098165969274,4.74314059355171,5.17911025066772,5.56119101010435,5.86642916100716,6.11952701351938,6.32929130794679,6.49846083678923,6.62713128984526,6.60084825202531
"IIASA GDP 2023","SSP1","Guatemala","GDP|PPP","billion USD_2017/yr",176.127286998994,211.408208937142,256.625285051943,314.20991143046,380.403979263768,458.706400524597,546.01523655152,642.533884348599,739.983751086395,837.682891647928,931.294689049161,1012.10630640846,1076.93257870102,1127.17023319491,1164.08700036891,1171.77926807422
"IIASA GDP 2023","SSP1","Hong Kong","GDP|PPP","billion USD_2017/yr",471.694224170903,510.251229570884,555.505201611171,588.788028283204,636.176002672774,690.452292703898,750.036482708241,819.578006801497,890.121081705418,946.182477641664,986.259297747951,1016.78982373256,1039.01876485142,1056.9158642648,1066.74592535545,1048.19892667612
"IIASA GDP 2023","SSP1","Honduras","GDP|PPP","billion USD_2017/yr",66.3333673841409,85.2268514139243,109.27214990671,138.892435887034,174.38573373027,215.803762221351,261.361554786762,311.097350280094,363.784169638947,416.885918847298,466.2764069208,507.576171150509,538.842762329348,562.459244576453,580.351411700151,583.562522951829
"IIASA GDP 2023","SSP1","Croatia","GDP|PPP","billion USD_2017/yr",140.003450917203,146.040239699307,153.962343968046,164.659534171981,173.182750562226,181.343928405816,189.964937743776,201.676124334907,213.01395337029,222.585945056158,230.063381201639,236.015705168461,240.868747243541,244.845636953536,249.917432082773,252.515351229259
"IIASA GDP 2023","SSP1","Haiti","GDP|PPP","billion USD_2017/yr",33.2815285100113,42.3549051616859,53.2255477536056,66.8800733995912,82.3989418853721,101.146349462065,123.282241345261,151.945118339731,186.713372495222,228.039453106143,274.712574273737,325.83053093205,379.925915400393,435.644926307526,489.593463941697,529.788369805814
"IIASA GDP 2023","SSP1","Hungary","GDP|PPP","billion USD_2017/yr",371.278751225674,398.458535352521,426.592196844435,459.635876855453,477.116658418216,497.663308804159,510.51149514869,542.212080156663,564.561492630275,577.959283959647,585.342318743675,589.250309009299,599.973731552658,615.927482235342,635.052511902614,642.167501878352
"IIASA GDP 2023","SSP1","Indonesia","GDP|PPP","billion USD_2017/yr",3451.7241,3976.41076579672,4601.55642692061,5368.09098968993,6270.79736665007,7315.98292780528,8439.61375000634,9623.3450156712,10752.5952307582,11780.5085949332,12597.2995331449,13220.1744727826,13692.0874781471,14025.1632781085,14220.293260835,14057.2767086452
"IIASA GDP 2023","SSP1","India","GDP|PPP","billion USD_2017/yr",12006.6099114987,14966.9490100734,18669.5765258175,23219.8506859696,28373.9028136229,33792.2816126771,39170.5600676674,44966.1445552883,50612.0533761582,55893.3501658041,60312.1600732962,63689.9113109246,66107.6647683074,67817.4908528022,68765.8458562592,67942.4106173817
"IIASA GDP 2023","SSP1","Ireland","GDP|PPP","billion USD_2017/yr",661.556962025926,715.963295673947,777.055548316407,842.962801370024,914.573193499131,985.219902475707,1055.26490768523,1132.62098707593,1203.00279504804,1259.11380945781,1306.67616266742,1351.48796351286,1390.91402531132,1422.38875677971,1443.01905909858,1410.14025765319
"IIASA GDP 2023","SSP1","Iran","GDP|PPP","billion USD_2017/yr",1437.16471921122,1695.64563561698,2000.87086674234,2340.51241446084,2733.1608770629,3138.99792433349,3569.93260370359,4103.48547218757,4650.45100531995,5119.15866338517,5462.68583298356,5716.183301961,5920.67182914484,6122.7985617729,6268.50236630427,6257.0321327247
"IIASA GDP 2023","SSP1","Iraq","GDP|PPP","billion USD_2017/yr",483.811357306205,627.172930103654,804.207228496874,1018.86132659895,1266.7570278458,1540.56046392423,1819.48950640063,2093.67377991235,2348.65276920857,2582.43800418275,2787.53186619477,2952.75173311208,3097.99118058291,3223.79612813763,3326.5583116426,3336.70072756417
"IIASA GDP 2023","SSP1","Iceland","GDP|PPP","billion USD_2017/yr",22.6502870185014,24.8034247732568,26.8966501379171,28.8416535997992,30.7079656129057,32.7663879475959,35.1702228196834,37.9102450233994,40.8975101109489,43.8441278007824,46.6473208590683,49.3169934414099,51.6209791082311,53.393057882997,54.6316370216604,54.0259449647674
"IIASA GDP 2023","SSP1","Israel","GDP|PPP","billion USD_2017/yr",464.218654823903,542.498088188425,621.726796058768,697.542132785376,769.951240061245,850.553855973897,931.637632696236,1016.98166043833,1109.79964597783,1210.54453729722,1316.51265597491,1425.63127855862,1537.83047246817,1654.3540565476,1771.52621231495,1824.03959172585
"IIASA GDP 2023","SSP1","Italy","GDP|PPP","billion USD_2017/yr",2659.36962307793,2860.27474609182,3050.85989193265,3254.16497474935,3447.48868487668,3620.15229300661,3810.43840478801,4099.57221390543,4409.42196174628,4683.88453196487,4930.29056407397,5165.20368928752,5364.43732819959,5524.53467621629,5623.86333840617,5534.91747045211
"IIASA GDP 2023","SSP1","Jamaica","GDP|PPP","billion USD_2017/yr",29.9504180167319,37.0754726828255,45.0218949760242,53.6410101046016,61.4850057033337,68.9397092274514,75.5955742994357,83.1824719218093,90.2898640282833,96.6451620386817,101.415436225473,104.951357272148,107.126646029402,108.505854938552,109.170810582376,107.329488579938
"IIASA GDP 2023","SSP1","Jordan","GDP|PPP","billion USD_2017/yr",114.730110235439,137.416829663735,164.943295153297,201.628851461923,246.594239998299,296.873679632066,349.245830309038,404.432692415207,461.893150889584,518.330392006351,569.485960088775,616.967550515415,660.247857234303,696.556351278308,725.188963454167,736.059328734053
"IIASA GDP 2023","SSP1","Japan","GDP|PPP","billion USD_2017/yr",5351.99120175152,5505.63601944008,5112.20704851728,5994.91491158605,6155.12128392795,6372.61545639458,6024.60807103418,6419.16976683494,6766.52908056486,7063.86764769945,7293.34710517176,7458.66771219057,7566.26543518097,7626.26093360651,7634.37598978508,7443.72346774093
"IIASA GDP 2023","SSP1","Kazakhstan","GDP|PPP","billion USD_2017/yr",577.509298375532,614.340063144321,653.794617608762,703.255647483337,757.123606757096,814.951988239591,868.69020198327,924.736357040663,980.998831130089,1030.62829685222,1073.24065746992,1113.38035628177,1153.41086592628,1192.93127479132,1233.1322525216,1245.00080866612
"IIASA GDP 2023","SSP1","Kenya","GDP|PPP","billion USD_2017/yr",310.293106808272,416.820892347895,557.202659289562,742.57527026264,964.865633209151,1224.25906306919,1513.66182512332,1839.06976766843,2175.97586704195,2502.93658385864,2817.836525042,3116.3730507378,3386.89355763204,3626.08768531418,3830.18433703911,3925.44104576128
"IIASA GDP 2023","SSP1","Kyrgyzstan","GDP|PPP","billion USD_2017/yr",38.3844727521784,45.1319429803728,52.0229525529272,59.3144312232881,68.8966087337048,79.0290768833783,89.5945300374889,100.506276545543,112.953851452499,126.00169271858,139.043558722581,151.754762412737,164.85458367491,178.497950264137,192.468470231713,202.735518291782
"IIASA GDP 2023","SSP1","Cambodia","GDP|PPP","billion USD_2017/yr",90.6974818978033,114.015284183754,144.936866820313,186.896767435163,235.764144463261,286.579721619204,341.910412344632,408.571011895782,480.304727625418,547.823351467648,605.685481640337,652.249122913692,687.992311695435,716.814299741663,738.152851654459,740.098023984176
"IIASA GDP 2023","SSP1","Kiribati","GDP|PPP","billion USD_2017/yr",0.253508946647128,0.283938635749051,0.31865075480803,0.360834295629175,0.410909786862197,0.471033241441837,0.539956898678915,0.621265630640911,0.711691778857359,0.808718784058365,0.902940170298879,0.99514984216611,1.08895476146091,1.18094845795142,1.26199411781178,1.29748176002764
"IIASA GDP 2023","SSP1","South Korea","GDP|PPP","billion USD_2017/yr",2500.61692153945,2671.24928292205,2826.09292073275,3201.42411350292,3349.07231957117,3505.43413500501,3339.4814024493,3481.1288402107,3594.74952635376,3626.54796467461,3604.66227012472,3597.35949419048,3597.76974077263,3575.60347874159,3524.63269174291,3386.40338271109
"IIASA GDP 2023","SSP1","Kuwait","GDP|PPP","billion USD_2017/yr",223.195805537891,241.58346338793,259.194536966791,275.499876301011,288.445280391062,304.87842766205,329.227821472996,371.632774115381,407.226379130237,436.439672923414,458.999021941533,474.171680036044,485.453130010759,493.899301221474,498.13867122728,488.917820737345
"IIASA GDP 2023","SSP1","Laos","GDP|PPP","billion USD_2017/yr",65.644306316898,81.320075264836,101.880204899826,128.769608934132,158.246829412905,192.472047543239,227.687398839514,266.466303234754,302.266763485653,335.274597334515,362.296237893621,382.266821796945,395.797721194947,405.605128103574,411.937312326845,407.337056990061
"IIASA GDP 2023","SSP1","Lebanon","GDP|PPP","billion USD_2017/yr",75.3907914047014,89.8931964565546,106.090887208293,125.777786493965,146.466542957551,165.746210746207,183.368472048028,200.296413500917,213.757044314754,225.276533245382,235.264625381601,243.032663980194,249.98622717278,254.812424716658,257.584376545263,258.087959651288
"IIASA GDP 2023","SSP1","Liberia","GDP|PPP","billion USD_2017/yr",8.84107442807144,12.109023237825,16.2838474718001,21.8666640296029,28.8201213165422,37.9589244614602,49.684128235074,64.949654319367,83.5141661289435,105.346993022584,130.064929126466,157.266978806345,185.900223744141,214.695496518803,242.350381324079,263.642238902032
"IIASA GDP 2023","SSP1","Libya","GDP|PPP","billion USD_2017/yr",160.523141308348,194.794172079237,235.879239392898,283.847316871578,337.229695607183,398.364499632221,461.301880382074,522.000541576943,572.177437018761,615.411481183794,653.493578433132,687.934041405401,717.208336150606,741.470739489127,763.969421974159,779.618782568346
"IIASA GDP 2023","SSP1","Saint Lucia","GDP|PPP","billion USD_2017/yr",2.89214798076083,3.33320524468234,3.81698511512199,4.37914094030649,4.95453533042178,5.51120968788676,5.96934941058097,6.44583550109891,6.90570184402322,7.3302372434842,7.66244580549939,7.89775641133096,8.01819480327012,8.06780356125149,8.05031674470419,7.93686657587491
"IIASA GDP 2023","SSP1","Sri Lanka","GDP|PPP","billion USD_2017/yr",273.493735420331,320.96862232759,376.377745220416,435.384568422461,495.788863296196,553.972085034886,611.053507239006,663.459677592876,708.862894775105,747.051545219034,779.650546175966,807.339584359702,829.812552960285,846.806783172335,857.454540678898,848.351182971644
"IIASA GDP 2023","SSP1","Lesotho","GDP|PPP","billion USD_2017/yr",5.9455959345825,8.45902826140725,11.9065053660761,16.3944460580979,21.871773239799,28.2467143319007,35.08133517212,42.2971731225945,49.6248587351069,56.5770920073524,62.7058293296889,67.7305898713151,71.7949205114682,75.2039729150655,78.0097785596594,78.7642574476614
"IIASA GDP 2023","SSP1","Lithuania","GDP|PPP","billion USD_2017/yr",118.099813723365,115.237257645639,111.236172498396,106.227731184294,107.983533257451,110.676183443422,113.497995296215,115.343421302351,119.149450639053,121.114304971907,122.588423422408,124.600489137551,126.825457669873,129.033698506225,130.649234622265,129.104265274395
"IIASA GDP 2023","SSP1","Luxembourg","GDP|PPP","billion USD_2017/yr",79.5948534480371,86.5158712230379,94.1672846971154,103.399542264515,113.070408586169,123.717434783162,134.380102662482,148.006215992991,161.479615745039,173.056285857902,182.694890718185,190.872675232947,197.673531582513,203.085684177065,206.521717928018,203.194771009545
"IIASA GDP 2023","SSP1","Latvia","GDP|PPP","billion USD_2017/yr",65.9260816770814,66.068447463973,66.3066391602301,68.2359543905796,70.1282045596969,72.3739966704961,75.0771301806258,79.428297674694,83.3412400614701,85.8501902932346,87.5966123702593,89.3587360820758,90.977716595761,92.5889618730277,93.6672971097317,92.9424428400438
"IIASA GDP 2023","SSP1","Macao","GDP|PPP","billion USD_2017/yr",67.8437454017609,74.7320576631629,83.5096440369303,91.764195675749,101.062941488354,111.327147561981,121.118542574282,133.197169236738,144.944396820485,154.683761578395,161.67493229798,166.528042712449,169.321053202124,170.574778157428,169.09230771743,162.578112330408
"IIASA GDP 2023","SSP1","Morocco","GDP|PPP","billion USD_2017/yr",335.887979671586,414.193244101604,512.307444403262,641.003248432425,784.564605917424,945.576882235407,1114.40626939183,1307.23014769553,1492.137296512,1657.5330146776,1790.38530556376,1893.19341621604,1973.61520248762,2041.99266750255,2093.74379971419,2097.41601530816
"IIASA GDP 2023","SSP1","Moldova","GDP|PPP","billion USD_2017/yr",37.5417461170246,38.2769801727059,39.6815416041845,41.9359820501204,44.2488019287335,47.3101389231408,50.7892295391588,55.9980196248547,61.4451601652071,66.4837368193848,70.7107113857065,74.4435202361327,78.10546708381,82.0978236953586,86.0069384474459,87.7474857199471
"IIASA GDP 2023","SSP1","Madagascar","GDP|PPP","billion USD_2017/yr",51.0719666851475,76.1887451977015,113.482434155592,167.830368669177,244.065362794462,347.470538303866,473.123066043861,619.042640162563,777.931673400105,946.593940354431,1114.63804933484,1269.82761097886,1406.00584850779,1527.03778169874,1636.38614127217,1705.19798432142
"IIASA GDP 2023","SSP1","Maldives","GDP|PPP","billion USD_2017/yr",13.2677513754523,16.1281605255325,19.4083196663694,22.7980237368921,25.8786666835041,28.9995890171834,32.2893159651069,35.9936486505653,39.4601649184596,42.3364913382376,43.9904580248903,44.5519455054547,44.4005561459563,44.038909833255,43.3214108353014,41.7469870147336
"IIASA GDP 2023","SSP1","Mexico","GDP|PPP","billion USD_2017/yr",2639.13542053343,3113.09929074606,3631.18895725172,4179.88361914582,4737.73565405727,5284.03002322668,5793.54381137337,6273.6039791466,6733.40983669576,7134.31606636003,7449.77039984082,7670.33663090253,7823.99689509667,8028.42263532465,8260.13023161135,8356.13201659655
"IIASA GDP 2023","SSP1","North Macedonia","GDP|PPP","billion USD_2017/yr",38.3480561789904,41.0918678407233,44.3550874179213,49.0340581946417,54.2200812076604,60.0506256111401,66.2597368956218,73.8931437058914,82.0679390881936,90.0044992511063,97.1783884542715,103.081322908906,108.051002905052,112.214491858178,115.685197267947,116.089536319034
"IIASA GDP 2023","SSP1","Mali","GDP|PPP","billion USD_2017/yr",55.9786426495079,85.781664026069,130.836289721801,195.914586624955,284.150697476895,397.085461290983,525.756822925873,665.404804524724,805.992795153146,944.983308275655,1075.36787791821,1192.52731709545,1294.95289912646,1383.88734447224,1462.57002259266,1492.91363208234
"IIASA GDP 2023","SSP1","Malta","GDP|PPP","billion USD_2017/yr",28.4090943341889,33.7293432506825,38.9876321313034,42.6036674273401,45.3086559034472,47.5332462477156,49.7901926233269,53.1756874012404,57.3985104307787,61.1490919574664,64.2659329228021,66.785499488135,68.6883804436172,70.1118181791568,71.019012322076,70.0356041015515
"IIASA GDP 2023","SSP1","Myanmar","GDP|PPP","billion USD_2017/yr",238.776552914578,299.294797042883,375.231914806112,470.730471736269,579.936860686922,702.787162976084,831.669211444097,973.234496759381,1106.17328935902,1216.86567092532,1298.74587511811,1351.53607292962,1383.61882912672,1406.08344797157,1419.90063898986,1398.30106065476
"IIASA GDP 2023","SSP1","Montenegro","GDP|PPP","billion USD_2017/yr",14.9551865290612,15.6492019898976,16.5577391997126,17.8175817180669,19.3450351690921,20.9117118867382,22.6480494704542,24.4619434004974,26.4797478779348,28.2666547875286,29.8587657418257,31.2707027650772,32.5469179319744,33.6875880095491,34.6536108172918,34.6489668141079
"IIASA GDP 2023","SSP1","Mongolia","GDP|PPP","billion USD_2017/yr",47.8621523477306,56.1032753078876,65.9883387998556,78.3926855129166,93.9001552673998,111.703951472847,130.644639661952,151.948950010385,172.324772491326,190.361676997772,205.607285798428,220.050138305977,234.434497585777,248.726327937443,261.80709687444,267.336599241156
"IIASA GDP 2023","SSP1","Mozambique","GDP|PPP","billion USD_2017/yr",48.9487475545762,71.6552077671881,104.228694495311,150.861571712875,215.558525137486,305.863965480343,421.321684449421,562.42958616458,723.187323524113,900.253782056504,1085.23381049591,1266.70614604971,1438.98492144964,1599.28297826695,1746.19195574891,1839.70500951431
"IIASA GDP 2023","SSP1","Mauritania","GDP|PPP","billion USD_2017/yr",30.0654149644795,41.1205799242946,56.2282159641728,76.7043226405366,102.374856211922,134.343331342657,170.515285894619,209.121037642264,247.055503087664,283.211778211798,316.532388871019,346.061521671004,371.78846396615,393.74821232685,412.217249572015,419.297360640885
"IIASA GDP 2023","SSP1","Mauritius","GDP|PPP","billion USD_2017/yr",32.3692876386321,34.3966876487557,37.1254867854225,40.5124255357934,44.0349154719852,47.871794088631,51.8313452331276,55.5838091987611,59.2195495102766,62.3586019820299,65.0384622946312,66.8893186768719,67.6558807969306,68.6262170368522,69.7816164542923,69.913033874336
"IIASA GDP 2023","SSP1","Malawi","GDP|PPP","billion USD_2017/yr",33.4099104332771,49.2850034117643,71.9502830998058,104.217557175645,148.040246744596,207.605325228704,285.132522280445,385.495199040737,507.147248027975,648.149464388865,803.882954058782,968.817330662427,1136.37446089121,1298.53556954966,1452.1665112454,1562.98312275465
"IIASA GDP 2023","SSP1","Malaysia","GDP|PPP","billion USD_2017/yr",1095.28384037636,1287.53993978045,1497.14989397096,1706.76594211377,1898.89284181523,2073.56269724397,2229.96331967383,2424.47305167162,2595.1797824981,2741.86260275403,2850.19394386945,2966.00437044073,3096.25852163731,3240.75923624438,3382.18201625793,3454.09014254438
"IIASA GDP 2023","SSP1","Namibia","GDP|PPP","billion USD_2017/yr",25.9697072800231,30.9527002507655,37.069234896345,44.9617820658788,54.918624645938,66.8975376891867,80.276233635477,94.916074949767,110.70379470232,126.436736630936,141.098528653978,154.095804336247,165.60591754084,175.95735691557,185.382586376868,189.806594739055
"IIASA GDP 2023","SSP1","Niger","GDP|PPP","billion USD_2017/yr",42.6123239943194,67.007351509291,105.281660552504,164.102953611731,251.81380181305,379.826009202489,548.376776807496,752.821001488054,984.896259861738,1239.01073233303,1503.96066001012,1766.85060338497,2018.42687736627,2256.24263437559,2480.13009130454,2617.87432241842
"IIASA GDP 2023","SSP1","Nigeria","GDP|PPP","billion USD_2017/yr",1187.62697833403,1581.60130061786,2101.46756696246,2787.06379257939,3678.75552328356,4794.10814939641,6113.01313783775,7612.86974112599,9217.52877052031,10870.6169716649,12566.8535477083,14291.6580282008,15981.2089785546,17582.8848286084,19063.148175517,19893.2390160764
"IIASA GDP 2023","SSP1","Nicaragua","GDP|PPP","billion USD_2017/yr",44.2434675830559,59.7637076246054,79.4406590564921,102.889713579346,128.681395463937,156.919150103402,185.290252054841,215.569989093766,245.20916521999,273.601096190217,297.885809143415,317.201311990724,331.752458645419,343.765167650193,353.567312154771,355.611314666824
"IIASA GDP 2023","SSP1","Netherlands","GDP|PPP","billion USD_2017/yr",1082.42209751997,1155.84882757235,1231.0086372226,1302.96283855217,1410.37393631778,1516.45648443917,1633.88652529515,1737.72060211806,1860.50044795827,1983.14025040979,2106.45320246323,2218.71476596095,2314.59001916373,2385.25325625248,2429.10949797287,2393.74855121617
"IIASA GDP 2023","SSP1","Norway","GDP|PPP","billion USD_2017/yr",385.855286006426,416.969958036555,450.946881415619,487.553441046441,524.137555058258,561.731155977281,600.103508270164,654.86442163106,711.143904910984,761.267749298023,806.719924659199,850.838222374955,889.520201562688,919.27390478183,936.767796387193,919.543540393689
"IIASA GDP 2023","SSP1","Nepal","GDP|PPP","billion USD_2017/yr",140.575475105776,168.533984003032,202.913778075467,245.124105508853,297.547905800821,360.962383949638,434.501248147489,517.450176284087,611.924543569774,719.222522733042,834.633579233644,949.425279790369,1056.75117736149,1152.7470427598,1238.62934074261,1292.38793736543
"IIASA GDP 2023","SSP1","New Zealand","GDP|PPP","billion USD_2017/yr",235.055202726274,256.512942125575,278.323406258352,300.809499284846,323.591631870875,343.298053143137,360.612602665884,380.480380328035,399.404454543798,418.97044666446,442.58619857072,469.167498116666,497.750207629997,526.368500640645,552.813274344156,563.811705636977
"IIASA GDP 2023","SSP1","Oman","GDP|PPP","billion USD_2017/yr",176.86736837196,202.548175996997,229.379836447673,254.00878758544,276.903630904814,301.406932488502,326.088762155135,356.526936720091,392.17310984471,416.683851140599,430.271703557359,441.281467275767,451.20466334146,461.66083315577,473.762093948776,478.860275183659
"IIASA GDP 2023","SSP1","Pakistan","GDP|PPP","billion USD_2017/yr",1395.66078099173,1881.4215482169,2532.3764766732,3411.14741569744,4459.38567520432,5684.77110121333,7039.97638223937,8553.3852554827,10094.09411213,11625.2776496955,13122.9058183644,14517.9519933984,15804.0182850055,16959.9540665746,17974.5172162804,18534.3194737222
"IIASA GDP 2023","SSP1","Panama","GDP|PPP","billion USD_2017/yr",157.844493567714,174.47668297062,193.058161759005,214.705486151146,236.635980333827,259.332180203341,280.43270927996,302.883422375485,322.643122909053,339.452293677581,352.551091860786,361.377544319121,366.837775899276,369.157848629147,374.110737482076,373.826337317789
"IIASA GDP 2023","SSP1","Peru","GDP|PPP","billion USD_2017/yr",481.750150671463,562.975348521554,654.684280462631,756.154110762649,858.991957335181,965.98454791723,1074.04959041733,1192.8578910788,1305.85480326442,1405.14209030841,1486.72656823776,1555.07993636075,1611.58176061209,1656.56595473729,1691.66678045517,1688.16039522716
"IIASA GDP 2023","SSP1","Philippines","GDP|PPP","billion USD_2017/yr",1180.64805373717,1564.97454841163,2024.73407922176,2533.2204005681,3056.79654987274,3588.16064457283,4097.77185935714,4625.01670222162,5112.55534586427,5548.27722703481,5929.43237723181,6275.56088645063,6563.67845160487,6790.46546450892,6966.22427913543,6955.25698121906
"IIASA GDP 2023","SSP1","Papua New Guinea","GDP|PPP","billion USD_2017/yr",37.0469882401036,45.6226168987697,57.1772369304589,73.9147817668666,96.4508036765841,125.832848412634,160.953698837714,202.465893456271,248.114933946301,295.667691588109,341.722198803126,383.214269460736,418.993583635029,449.59071358636,474.290436675103,484.864458953674
"IIASA GDP 2023","SSP1","Poland","GDP|PPP","billion USD_2017/yr",1477.21268765591,1502.90784416303,1521.01604612453,1655.46192881624,1748.30571741269,1839.45407310763,1877.50857341275,1963.31806565444,2033.86910328237,2076.53320185046,2096.80263970007,2118.11872491869,2133.39788827201,2152.89045103524,2197.71443225291,2208.59036186748
"IIASA GDP 2023","SSP1","Puerto Rico","GDP|PPP","billion USD_2017/yr",109.164091635592,109.251154076516,109.304140305823,108.009283521495,108.830355630803,110.268941254113,110.699539281546,111.061531075003,111.350008681942,111.403526798627,111.243712261866,110.926333951811,110.267316785078,110.831534231765,111.903328272688,111.347784446924
"IIASA GDP 2023","SSP1","Portugal","GDP|PPP","billion USD_2017/yr",389.803229677983,424.385276362465,464.400984850879,508.277054374532,553.840574969089,600.949312579266,639.700737540754,676.103393650694,706.102030318916,742.419133538502,782.172215700503,823.669749815855,863.87820631567,899.885664614815,930.273427917599,930.84224667444
"IIASA GDP 2023","SSP1","Paraguay","GDP|PPP","billion USD_2017/yr",102.838449065189,125.209160377513,152.23569125605,183.423153044679,216.102689859334,250.267359038469,282.695925602576,316.09771718129,346.699678549519,375.055127070059,398.238852944274,415.928610174722,427.263611988087,435.48626788568,440.580134808164,436.873855825103
"IIASA GDP 2023","SSP1","Palestine","GDP|PPP","billion USD_2017/yr",32.6890723878529,45.2003125204503,60.5966790346043,77.530092358717,96.6823132939106,117.199870601927,137.121668493038,156.052860908235,173.810374183535,190.002134758485,204.873334486547,218.379156518988,230.8013822073,242.658904243587,253.292487084975,257.370420478225
"IIASA GDP 2023","SSP1","Qatar","GDP|PPP","billion USD_2017/yr",280.489036712632,317.871162438305,360.544136169429,403.768635594288,437.869986040023,469.440991670964,503.466703904608,554.18951689952,614.976596168994,673.513325552943,713.046923615334,733.412334531122,737.793781200604,730.458005245128,712.701463775407,677.724385000645
"IIASA GDP 2023","SSP1","Romania","GDP|PPP","billion USD_2017/yr",687.654092217838,705.195952704107,733.402652553198,780.68316314187,801.29467658311,833.680577884116,857.332004057635,922.578731461541,968.963027549053,994.762681114887,1006.62504411428,1013.66161435235,1019.02603372923,1025.94081992735,1033.78948537361,1031.86622173031
"IIASA GDP 2023","SSP1","Russian Federation","GDP|PPP","billion USD_2017/yr",4162.90703799802,4380.23915589671,4581.10940387867,4913.07632267551,5236.1476556452,5595.2036602628,5889.93381955626,6318.57225609583,6680.57805963851,6937.8325836401,7142.83315406525,7333.13957722315,7528.60638412174,7719.86987634503,7942.42135020265,8043.94993388958
"IIASA GDP 2023","SSP1","Rwanda","GDP|PPP","billion USD_2017/yr",39.4835810209948,56.468838263242,81.2615847662171,115.718427679414,161.154894531989,219.194340817856,288.5049677845,368.882698067863,454.55160361931,543.210749676691,629.745727345619,708.813008242774,777.429371020597,836.94952336231,889.38244660788,917.075424924385
"IIASA GDP 2023","SSP1","Saudi Arabia","GDP|PPP","billion USD_2017/yr",1993.35008107682,2173.7846856579,2361.49172013141,2545.00589080362,2710.17531203905,2928.63784828839,3165.72089343138,3397.10380190517,3627.75776943575,3864.03251154147,4079.90370774904,4266.90015204596,4428.9733108142,4567.1073665865,4678.83723727305,4685.93394130085
"IIASA GDP 2023","SSP1","Sudan","GDP|PPP","billion USD_2017/yr",184.796791175529,250.682767333227,340.888522850441,465.786382784626,626.155799713919,828.608010084947,1070.2222962584,1352.43782358231,1653.06119121155,1954.34709636189,2249.63795627051,2532.69056589918,2802.55208467104,3058.74955361649,3307.6623406072,3439.0704847472
"IIASA GDP 2023","SSP1","Senegal","GDP|PPP","billion USD_2017/yr",77.5793629353977,110.607783935803,157.458629686562,222.136571734647,305.328319451781,412.818905014044,539.758023590975,679.600471900586,820.272483779633,956.994297377169,1087.90663702162,1207.47547262379,1313.59118710789,1407.83314252816,1490.29849345082,1527.62397927337
"IIASA GDP 2023","SSP1","Singapore","GDP|PPP","billion USD_2017/yr",646.864231208372,717.43604216069,807.64927276402,893.475218916998,990.681535677587,1071.85955655798,1134.80280481245,1198.57875574132,1261.25551884167,1302.51826047336,1329.99383471941,1346.6515337555,1351.75471824601,1347.88121494511,1333.17661244572,1285.51615320241
"IIASA GDP 2023","SSP1","Solomon Islands","GDP|PPP","billion USD_2017/yr",1.53731055501661,2.2189930499459,3.16348473302868,4.44932256239814,6.14027242097932,8.30994835315662,10.872050339655,13.8024670160359,16.9290588806758,20.1418429513748,23.2341222924007,26.0772077156652,28.6059164775328,30.889200623332,32.8925718223226,34.0360059762745
"IIASA GDP 2023","SSP1","Sierra Leone","GDP|PPP","billion USD_2017/yr",15.8823751048985,22.1187508792584,31.0661005483228,43.4956035532709,60.3402260593589,82.7615580587355,110.391185866616,142.510494517175,176.853779578715,211.973900922998,245.792572016587,276.664184003787,303.61278813094,326.451560010751,345.911474144758,354.888738274505
"IIASA GDP 2023","SSP1","El Salvador","GDP|PPP","billion USD_2017/yr",62.8426728334798,72.5703780284174,83.9872657164364,98.1161056843552,113.657668040268,130.675294042265,146.974302594151,163.583879219125,180.113785418221,197.20951738705,212.361338920786,224.038657680565,233.26136128024,240.203978306357,245.229067914822,244.751411535006
"IIASA GDP 2023","SSP1","Somalia","GDP|PPP","billion USD_2017/yr",19.3836328828507,31.4036930668727,50.5349765099145,79.7994670540071,121.789263770461,180.664044876513,255.586045012716,345.910102638896,446.054633239784,554.471497568792,666.196089813105,776.658733495593,882.659854659405,983.326793475344,1079.48073536077,1140.28609825946
"IIASA GDP 2023","SSP1","Serbia","GDP|PPP","billion USD_2017/yr",152.217613021804,163.700629869092,177.532016462482,194.951147622321,212.328740800899,231.602019152036,251.046670022763,280.337172617026,310.035590545825,334.935745333638,355.797981758958,372.729396577686,387.452335523408,400.372632089276,411.236271480649,411.177095410514
"IIASA GDP 2023","SSP1","South Sudan","GDP|PPP","billion USD_2017/yr",6.91269572631045,11.2407855415105,17.7969834157215,27.2397506195352,40.159243486008,56.5786078847361,75.6460418065105,96.291324106874,118.00555799617,140.138726289482,162.640964707125,184.467470306626,206.072490031346,226.508809945204,244.863451227163,256.317673961979
"IIASA GDP 2023","SSP1","Sao Tome and Principe","GDP|PPP","billion USD_2017/yr",0.976092894216838,1.12998277580995,1.33394775266599,1.62767126683144,2.04366926687874,2.62693950352029,3.40179507525646,4.35797694753655,5.45533188430878,6.65811450531148,7.91841594020565,9.16071195402101,10.3184535785501,11.363093979125,12.2796045981155,12.8245964082195
"IIASA GDP 2023","SSP1","Suriname","GDP|PPP","billion USD_2017/yr",9.95379239833108,11.7479300003683,13.8655470205083,16.2167756864125,18.6484661739375,21.1127919395587,23.6696010562691,26.4328513297359,29.0382311067466,31.4158298511906,33.5172757839979,35.2404057472398,36.5778111235066,37.6027588010674,38.3749933725794,38.239483786232
"IIASA GDP 2023","SSP1","Slovakia","GDP|PPP","billion USD_2017/yr",194.572108078021,210.952560480002,226.659431134379,241.177060282672,255.180503167382,268.628185609807,280.922616622989,294.47852420519,306.936987655018,316.103099262967,322.184633200539,326.585522002666,330.358434560924,338.850222687284,350.364759840526,355.877218276585
"IIASA GDP 2023","SSP1","Slovenia","GDP|PPP","billion USD_2017/yr",95.2730361495822,103.254675783743,111.140006732594,120.422771569091,128.034342159749,135.302214288702,140.923470812883,148.857362825358,154.739213062444,158.747183235757,163.746945155075,169.871898364078,176.996295084366,184.693301864091,192.187653162198,194.923582700814
"IIASA GDP 2023","SSP1","Sweden","GDP|PPP","billion USD_2017/yr",602.202401795705,655.918722952436,707.372172429312,762.140301381905,818.347067379579,874.596547953044,932.635220050708,1017.50610710206,1111.57686434842,1199.93745138333,1282.25763788591,1362.8957555394,1433.53410633488,1490.17501595293,1529.35624181117,1515.93390201432
"IIASA GDP 2023","SSP1","Eswatini","GDP|PPP","billion USD_2017/yr",11.4725858852963,13.1989980864359,15.3702623725284,18.5066824977475,21.915101463864,25.8191536990171,30.1400648333219,35.2832869589456,40.5854522804303,45.5946383613835,50.1499611165054,54.2829172041329,57.9366623816165,61.0708583534905,63.5865580020087,64.3253572202422
"IIASA GDP 2023","SSP1","Seychelles","GDP|PPP","billion USD_2017/yr",3.48167946696396,3.89989325754193,4.36242970105719,4.86236625996968,5.3480705998839,5.83163122659284,6.24318653788949,6.67104841935642,7.06070467255303,7.36701389951983,7.56753221496635,7.69306536043242,7.82072604653492,8.00226472251821,8.19693946075257,8.23876525865342
"IIASA GDP 2023","SSP1","Syria","GDP|PPP","billion USD_2017/yr",135.39350859375,171.023369939092,218.971212742789,292.792362904219,381.133540634729,482.025021891391,585.479136329734,696.917908873988,806.039612559093,915.058378239174,1022.95026287037,1130.58063231235,1235.37139742897,1318.69727499724,1387.55566884375,1412.58770657815
"IIASA GDP 2023","SSP1","Chad","GDP|PPP","billion USD_2017/yr",28.0191824350029,40.0169905132594,57.3429321381871,83.2670105431639,121.134327161218,175.547459001432,247.117369713016,335.373258725603,437.252448485944,549.827493389254,667.410137369739,784.480016526999,896.623575388881,1001.6517062023,1099.11412263121,1161.51279867733
"IIASA GDP 2023","SSP1","Togo","GDP|PPP","billion USD_2017/yr",22.7330731652276,32.8189750992046,47.2048968103778,67.5483823013254,95.4615979637459,131.60752082893,173.636314997372,220.361992714374,269.300336318183,318.970657603886,365.82584917807,407.598004291969,443.342209754319,474.08695737452,500.843146376457,513.833672990205
"IIASA GDP 2023","SSP1","Thailand","GDP|PPP","billion USD_2017/yr",1388.75139405796,1575.96185925798,1784.35468671542,2048.92849412099,2319.38426052717,2576.04758123272,2767.58328942554,2958.83789110239,3089.67777918264,3191.50320368392,3244.98952730106,3253.53485245133,3230.81240771441,3206.40345716047,3218.59223480106,3191.71791741451
"IIASA GDP 2023","SSP1","Tajikistan","GDP|PPP","billion USD_2017/yr",46.9848557668437,57.6860467378099,70.0704125946912,87.9944911683109,106.221789727009,126.618755180203,146.6467717144,176.220249136003,208.398138502131,241.663291263186,274.797991782371,307.100355280355,339.666346777088,372.878948834361,406.681960538632,432.933684119189
"IIASA GDP 2023","SSP1","Turkmenistan","GDP|PPP","billion USD_2017/yr",108.025968709838,114.257667215357,120.916258962993,127.676854031885,135.326974688232,145.09512537938,156.159824381123,168.144243531785,180.190709257163,191.018731549969,200.605767117858,209.069686434488,217.132096084562,225.252957049158,232.885881968372,235.111264381459
"IIASA GDP 2023","SSP1","Timor-Leste","GDP|PPP","billion USD_2017/yr",4.1876005699281,6.11917761594897,8.82261838238489,12.3252953000733,16.6184381230705,21.3839740545988,26.3087578390751,31.4075853944222,36.4865577248661,41.3001675441059,45.8467604060906,49.9933432388449,53.4216487515683,56.1296277150498,58.0628816902139,58.2279248492001
"IIASA GDP 2023","SSP1","Tonga","GDP|PPP","billion USD_2017/yr",0.612315349051986,0.735381822385975,0.880453568373671,1.03698006486854,1.19959163389425,1.35262533349814,1.49386222172512,1.61931203063118,1.72687649988108,1.81873093622298,1.90544712399978,1.98922822298426,2.07097375985431,2.14894528239711,2.21985265287869,2.24454646982479
"IIASA GDP 2023","SSP1","Trinidad and Tobago","GDP|PPP","billion USD_2017/yr",39.0624957226148,43.7555751415373,49.5844958602343,54.8236220316477,58.1878250138225,60.07389940131,62.8640528368727,68.2042234576269,71.7043345759891,73.8490338333618,74.8829088264714,76.9611405363658,79.7252072698968,83.0807875457591,86.671377131782,89.0385784129688
"IIASA GDP 2023","SSP1","Tunisia","GDP|PPP","billion USD_2017/yr",138.067684081033,172.405720611289,214.224825010791,257.305776463309,305.36482108423,362.436638643301,437.857123620122,500.945408952354,553.888370436399,590.644545693811,614.643646058531,631.346094508435,646.371663228794,660.643793258005,676.910499379974,692.514684619266
"IIASA GDP 2023","SSP1","Turkey","GDP|PPP","billion USD_2017/yr",3109.770705833,3570.11003643467,4106.69963803099,4603.13318353481,5102.86293161256,5560.96524354672,6094.04027330125,6692.88750319872,7154.70771341029,7487.10823026584,7749.48982773369,8050.54121157904,8371.15727779606,8721.72480349743,9050.51810428403,9154.24868869248
"IIASA GDP 2023","SSP1","Taiwan","GDP|PPP","billion USD_2017/yr",1463.0162317423,1578.73437188543,1711.94016299948,1775.63123665557,1803.75270243203,1820.75926071209,1862.04197981821,1932.01433454319,2001.54713635691,2039.80434391555,2060.53126096695,2073.66937784966,2070.42594233684,2061.94728690603,2057.99834428735,2009.57436821853
"IIASA GDP 2023","SSP1","Tanzania","GDP|PPP","billion USD_2017/yr",210.166250146719,321.392696949857,494.250317754889,751.726975517661,1110.00009647537,1596.4509729944,2188.87444674163,2864.26660265391,3567.4004113504,4283.46801403473,4984.67981757768,5628.92553010842,6195.41145748441,6714.63843732348,7192.84315573061,7475.22678150391
"IIASA GDP 2023","SSP1","Uganda","GDP|PPP","billion USD_2017/yr",134.64958420613,215.718957728293,343.16619944332,531.209636434658,785.973830178969,1116.28414601893,1505.81626838721,1939.63293046384,2398.59441952911,2868.7373845723,3340.13182708592,3786.90624416986,4196.78258660581,4568.89381911239,4912.68981521401,5124.87044342655
"IIASA GDP 2023","SSP1","Ukraine","GDP|PPP","billion USD_2017/yr",398.503477286996,453.361439105229,503.681156398071,548.936359135937,586.419735333165,627.370909449901,678.258982544596,732.662758018669,786.825998195482,830.568498891442,866.962792089703,900.749179768619,931.512825207997,958.924997901056,981.039221414783,974.798776175324
"IIASA GDP 2023","SSP1","Uruguay","GDP|PPP","billion USD_2017/yr",88.2714053305311,94.4028963306405,101.380472263309,109.822736146895,118.817143604755,129.165735136003,139.086987509301,150.028120521301,160.287790813214,169.326916191722,175.628242338845,179.344985367157,181.303318375279,182.204079912144,180.487056155674,177.14301682136
"IIASA GDP 2023","SSP1","United States","GDP|PPP","billion USD_2017/yr",22529.2095665784,23902.5087466407,25379.8228720408,27014.756123984,28824.8942083332,30907.5105086598,33008.1417324253,35431.7848802395,37907.2941840895,40292.6875017297,42646.585535416,45117.476362602,47539.3834426386,49748.0412918613,51525.6955540804,51470.9937401765
"IIASA GDP 2023","SSP1","Uzbekistan","GDP|PPP","billion USD_2017/yr",337.097835168504,388.938548802689,444.131392819982,509.588295969541,568.732853304982,629.875421281035,688.839242017084,760.792044982925,834.478192912834,903.225221493842,966.201716576085,1022.2491683213,1072.31890485767,1119.35107135468,1166.11355148947,1189.34210667996
"IIASA GDP 2023","SSP1","Saint Vincent and the Grenadines","GDP|PPP","billion USD_2017/yr",1.75767255636222,2.02043837082223,2.31496799740662,2.63497948740907,2.95336534477898,3.27115853305515,3.57918146585612,3.87373710152833,4.15371632694587,4.40450058403773,4.59929484704976,4.74434565512064,4.87034567062888,4.97181487723751,5.04116208226483,4.99736068940349
"IIASA GDP 2023","SSP1","Venezuela","GDP|PPP","billion USD_2017/yr",181.623203006816,229.548227921508,291.26221018728,366.786947472001,454.536213872067,547.021644329003,644.041651986793,749.756617077416,851.258622902345,946.589986501518,1036.87581825312,1125.61282322496,1212.12223806633,1294.27120940071,1364.0260985558,1400.1358661081
"IIASA GDP 2023","SSP1","Viet Nam","GDP|PPP","billion USD_2017/yr",1350.0294860482,1639.68811501348,1994.09172811703,2413.5287645629,2921.31091466058,3523.85498391912,4169.48063528201,4834.33911285253,5513.59914702564,6120.90419626818,6580.76350403664,6900.97438446975,7110.4601676796,7280.74800428569,7389.79729541144,7339.077685079
"IIASA GDP 2023","SSP1","Vanuatu","GDP|PPP","billion USD_2017/yr",0.879309531432609,1.17774399907701,1.56439441905429,2.07636303613639,2.71956714429523,3.49911053246035,4.39098812247697,5.42550809349746,6.56165559484605,7.72187153054006,8.83438256932905,9.85892696242211,10.8091168795043,11.6914590770464,12.5091519902229,13.011404487998
"IIASA GDP 2023","SSP1","Samoa","GDP|PPP","billion USD_2017/yr",1.11882767811139,1.44921585269154,1.84266770289106,2.28642213661215,2.79118235222815,3.38262455066483,3.98479454094848,4.55701268385537,5.0769610315176,5.5478710541887,5.98441504859499,6.3976748896537,6.79860269439179,7.20419839804152,7.60979679307675,7.86359051697191
"IIASA GDP 2023","SSP1","Yemen","GDP|PPP","billion USD_2017/yr",61.9475697269741,79.6612690333097,108.581991303349,144.031700288072,187.24719566925,257.219574035995,351.755479758947,473.601532220944,624.246725093609,809.183391697926,1029.18502287292,1264.28195363425,1511.36349669712,1763.38890535843,2011.49202476688,2204.71522624918
"IIASA GDP 2023","SSP1","South Africa","GDP|PPP","billion USD_2017/yr",835.494537499221,965.568705226619,1112.380169051,1288.04738405373,1480.19799353458,1670.66922926872,1866.78426708515,2097.52230258697,2361.10338172959,2612.32191901342,2817.38811456633,2984.49798794979,3113.9833945581,3210.25288868462,3271.64785751365,3240.84887161415
"IIASA GDP 2023","SSP1","Zambia","GDP|PPP","billion USD_2017/yr",73.7984637411846,103.160596867561,143.903576309879,201.03776679919,276.717164203153,374.176052030981,488.974135367521,620.200046091723,759.468301484514,900.308890245228,1035.63171116052,1160.85083705786,1274.67702240121,1377.66884951516,1469.14246702706,1517.88197290778
"IIASA GDP 2023","SSP1","Zimbabwe","GDP|PPP","billion USD_2017/yr",36.5137679630562,51.5060291189174,70.9691505505672,94.4901522531335,121.920006815382,154.043331201862,190.910662138007,232.106100185987,275.474622784229,319.741746473201,365.327771808,410.536782147965,455.662545444553,499.967567180187,540.917311579993,566.074179442134
"IIASA GDP 2023","SSP2","Aruba","GDP|PPP","billion USD_2017/yr",4.55177125809898,5.10945481813021,5.69377188147697,6.24390120071471,6.79698320621527,7.31553553693415,7.89410568341526,8.47503725335688,9.02606479543679,9.6295638950327,10.3381215021082,11.1357236106164,11.9987968836543,12.8859844656992,13.7623528144643,14.2154351864694
"IIASA GDP 2023","SSP2","Afghanistan","GDP|PPP","billion USD_2017/yr",38.776222554997,52.5975717262771,70.191921947662,91.0302082495228,115.991796987625,145.670315239265,180.386276674978,220.292886645808,265.74407128991,317.418944919233,375.105136598678,438.91204598214,508.232256842835,583.564479726909,664.391181934376,722.208091560786
"IIASA GDP 2023","SSP2","Angola","GDP|PPP","billion USD_2017/yr",233.488317667248,270.129535691329,312.925681685651,362.677802741509,418.086920475582,481.80025081751,552.926550604821,632.076447110906,717.51385561694,809.485708574987,905.83789126922,1004.81979917854,1104.69745314927,1206.41433296067,1308.543508687,1354.44765683695
"IIASA GDP 2023","SSP2","Albania","GDP|PPP","billion USD_2017/yr",47.4110750626342,50.0030985035764,52.7758839396217,56.8782042828071,59.585447012098,61.4120233043385,63.163203562477,65.3832139737909,68.8912942693674,72.0951984087684,74.8721420052507,77.1020734735159,79.0942494349523,80.7903337725284,82.6521015722267,82.5557780821302
"IIASA GDP 2023","SSP2","United Arab Emirates","GDP|PPP","billion USD_2017/yr",784.698183913743,982.054050065406,1202.27958658689,1382.17269521706,1534.67511041265,1655.94497155735,1792.36544186704,1930.77224885342,2067.70161146321,2167.56944746504,2214.71348446314,2225.06179655923,2221.63906153122,2217.68539665603,2217.94049915919,2167.02575170243
"IIASA GDP 2023","SSP2","Argentina","GDP|PPP","billion USD_2017/yr",1081.92765621917,1188.29089510836,1305.36857948621,1427.35001433671,1568.12755068462,1716.92450076723,1863.72905984062,2008.45725107093,2154.28721161121,2296.56120393068,2420.67227347399,2532.39573665661,2637.30740107477,2737.66714413479,2819.89940086072,2805.46868526381
"IIASA GDP 2023","SSP2","Armenia","GDP|PPP","billion USD_2017/yr",51.6853896320902,53.3328301270738,55.5486494076192,58.7835037940445,62.2727314689431,65.750256383029,69.7435055044308,74.3328582895519,79.4712365057712,84.2533610347982,88.8809353289739,93.5348460851438,98.558051148039,103.794551901078,109.164469081685,110.885102068945
"IIASA GDP 2023","SSP2","Antigua and Barbuda","GDP|PPP","billion USD_2017/yr",2.194934952628,2.4965726110059,2.82277662272287,3.21475940158702,3.63530833353736,4.04850050028728,4.41213923543831,4.76409740013487,5.09674319689247,5.40983358402617,5.69806117407838,5.95692181890939,6.17415548253818,6.34890698390388,6.47891846099481,6.37394152224977
"IIASA GDP 2023","SSP2","Australia","GDP|PPP","billion USD_2017/yr",1455.10647846814,1582.20569362809,1713.63100792283,1838.97638091098,1980.43808402244,2139.23021718231,2310.94345735353,2497.30879874191,2693.28440523169,2885.40461718726,3074.46291520409,3266.39283926077,3459.33978648162,3649.3923380197,3830.39152138973,3880.45980669777
"IIASA GDP 2023","SSP2","Austria","GDP|PPP","billion USD_2017/yr",528.959839653004,556.772280505189,586.197832640166,618.026316691289,647.193611584149,677.027084291249,706.4934626552,747.880164834301,793.401230782399,841.234788910186,888.545512979358,934.720463232556,979.127704458386,1022.73889498488,1064.78212277154,1075.58176271441
"IIASA GDP 2023","SSP2","Azerbaijan","GDP|PPP","billion USD_2017/yr",165.984342600039,177.866842262283,187.678939438144,202.075856642285,221.022737883633,239.894122682779,258.295853477441,277.593450932867,298.648223159269,319.47704149389,338.288224847535,355.871075441149,374.153386762984,392.629382077338,409.960452710105,412.772349462091
"IIASA GDP 2023","SSP2","Burundi","GDP|PPP","billion USD_2017/yr",10.5909606924959,15.9826306027026,23.1845138965229,31.6216116076486,41.4729641151847,52.4190589649801,64.4842249484973,77.7689872937504,92.7208377421417,108.996969421269,126.713787273243,145.939125339371,167.343617777102,190.708904519722,216.017604100125,233.975235318227
"IIASA GDP 2023","SSP2","Belgium","GDP|PPP","billion USD_2017/yr",639.292101029425,689.944239053022,739.869678602094,793.227937503849,841.715024887328,885.134057656628,929.246923296218,987.392447222222,1051.43161172092,1115.32124468803,1180.45340682773,1249.65925158486,1321.59288511397,1393.72493504405,1462.39444621207,1481.58308320565
"IIASA GDP 2023","SSP2","Benin","GDP|PPP","billion USD_2017/yr",54.5182165627528,70.6983610628992,90.6363884510128,113.870754345587,141.609276915403,174.182203902452,211.426134364571,253.107071139926,299.101819301586,349.488689446727,403.049160676606,459.435595989643,517.217909843409,576.447664601451,636.603298905731,671.229259569228
"IIASA GDP 2023","SSP2","Burkina Faso","GDP|PPP","billion USD_2017/yr",58.2860616531115,75.7704783219452,96.2795887458376,118.403245552982,141.396608756042,164.979477949111,189.509105058673,215.860146712053,244.564461609843,275.669910674412,309.040315915155,345.149764698379,384.467739141934,427.969545946109,476.19301499205,508.927229923278
"IIASA GDP 2023","SSP2","Bangladesh","GDP|PPP","billion USD_2017/yr",1377.56960395801,1569.83377225954,1791.56877553777,2046.70867348926,2330.08242771458,2637.99350319387,2982.08158318732,3366.77142131743,3792.27821548519,4254.80744535935,4758.8565586596,5282.9334215663,5801.66878673703,6301.03756899727,6791.92335596473,7076.48877709685
"IIASA GDP 2023","SSP2","Bulgaria","GDP|PPP","billion USD_2017/yr",187.8609134527,190.527586697804,194.483174504407,198.038088465984,201.315651116743,205.081129927547,210.209124734111,216.845817418582,224.069871310054,230.051117078967,235.020495557076,240.222018184586,246.096419547773,252.608014827781,259.155142297548,257.670127311137
"IIASA GDP 2023","SSP2","Bahrain","GDP|PPP","billion USD_2017/yr",83.6479249918645,91.0109884921833,99.7314068336896,110.504990594113,117.468025899167,125.54979342364,133.699541727705,146.051055990375,155.724350700652,163.14122411082,168.965606061407,173.426034438361,177.177159429238,180.682880659081,183.680802128243,180.936817481557
"IIASA GDP 2023","SSP2","Bahamas","GDP|PPP","billion USD_2017/yr",14.7539251891303,16.2586305406391,17.7175863313308,18.9129005447626,20.0963470517676,21.3424726748722,22.4605282600943,23.369411218621,24.1630147202117,24.8813099118355,25.5438281952927,26.1448096194784,26.6281810516322,27.1108742364592,27.7569254939346,27.7148608913754
"IIASA GDP 2023","SSP2","Bosnia and Herzegovina","GDP|PPP","billion USD_2017/yr",58.7695322050768,62.884766316087,67.533754180501,72.1302518866882,75.7073873680762,78.7149076490333,81.9647625943422,85.0552807088618,88.0594452730664,90.9853944898808,93.6524832662843,96.1432028364948,98.635889744719,101.247197262827,103.857970198325,103.713156393068
"IIASA GDP 2023","SSP2","Belarus","GDP|PPP","billion USD_2017/yr",181.010312153658,195.37024044312,208.550566077788,216.460595270927,226.809786463982,237.185772685536,248.785043401505,259.740107819016,268.366713859567,275.139194024513,282.232436064181,290.067834192659,298.415150855009,306.299762974572,312.610241217121,308.166073532194
"IIASA GDP 2023","SSP2","Belize","GDP|PPP","billion USD_2017/yr",4.18457132618583,5.78007142062216,7.74937300357884,9.83748203520056,12.0097173930624,14.1789419942781,16.3553440832264,18.5484257778245,20.7694520895982,22.9822285527781,25.1362500032119,27.1557949255713,28.964581391916,30.6010503210537,32.1160647331927,32.5843792832728
"IIASA GDP 2023","SSP2","Bolivia","GDP|PPP","billion USD_2017/yr",106.314083359068,130.743577884858,158.656933686577,188.896129466347,220.775995072946,253.171078658597,284.778235782537,316.297436220446,348.13672328095,379.329172056509,409.519476656208,437.782960127288,464.58057181425,489.755177397019,512.832926853962,517.091588135465
"IIASA GDP 2023","SSP2","Brazil","GDP|PPP","billion USD_2017/yr",3392.20226731634,3707.68528355879,4060.62246336009,4471.2053844637,4916.13571541632,5401.69818174966,5873.04691674638,6369.39424159862,6831.40401267073,7275.50813934234,7674.44616251158,8015.93869855991,8304.45679711629,8567.30402647402,8785.59113041927,8737.67357069632
"IIASA GDP 2023","SSP2","Barbados","GDP|PPP","billion USD_2017/yr",4.76360632680045,5.24097100128772,5.80326462989379,6.50751979396207,7.31529065999537,8.12244726026714,8.86500085667965,9.59255568608372,10.3164307526061,11.0286721551502,11.7414601004885,12.4353042840233,13.0796693457842,13.6732826957714,14.2213755316574,14.3062140972544
"IIASA GDP 2023","SSP2","Brunei Darussalam","GDP|PPP","billion USD_2017/yr",29.0655958852504,31.380141550891,33.7642304692674,36.0991014375427,38.4858209638333,41.0092725852185,43.7575009372953,46.6267460535625,49.4444639698183,52.0883546008046,54.6656571376424,57.0722714842371,59.4892613955572,61.9244985130006,64.2762752125246,64.6348446380361
"IIASA GDP 2023","SSP2","Bhutan","GDP|PPP","billion USD_2017/yr",9.66589411185819,10.8611301850443,12.2727955588933,13.8780860361723,15.6352489215277,17.4072236491551,19.3624949389466,21.2874957589377,23.248806996269,25.0182698654883,26.5387147183955,27.6482532179036,28.4671820385533,29.0147251707167,29.43229079919,28.9437350256534
"IIASA GDP 2023","SSP2","Botswana","GDP|PPP","billion USD_2017/yr",46.1822203881881,55.9312473833292,66.4567123725887,76.789633411831,87.507918478498,99.575677461538,111.497576151333,122.743037342488,133.504925765926,143.421782895941,152.069321599487,159.537337393869,165.88912266731,171.471941913549,175.874630597979,172.702771969727
"IIASA GDP 2023","SSP2","Central African Republic","GDP|PPP","billion USD_2017/yr",5.0676651179145,7.46944517723869,10.7279416144395,14.816390667671,19.8071324829484,25.8496505037136,33.3258207680914,42.4032816175493,53.4208912394684,66.6279340449525,82.6099154851157,101.626261187558,123.621411419376,148.230520097619,175.374177997134,197.097537272098
"IIASA GDP 2023","SSP2","Canada","GDP|PPP","billion USD_2017/yr",2019.170471196,2153.7644459129,2262.34941814657,2360.57916342459,2471.09697629934,2603.44691981939,2708.79151534364,2830.98833413817,2971.52953362095,3109.13107720246,3253.462800783,3409.94358449645,3572.59365542474,3731.67005125512,3881.06213560703,3900.36150831357
"IIASA GDP 2023","SSP2","Switzerland","GDP|PPP","billion USD_2017/yr",650.854584532633,701.93214043076,756.594498276899,810.839113329914,871.170110659109,935.749013150253,1005.45085021911,1080.25564225892,1155.4863546449,1223.86465327548,1286.21616401777,1346.04605769143,1404.17701262454,1460.69707776124,1513.43450682153,1512.91640948099
"IIASA GDP 2023","SSP2","Chile","GDP|PPP","billion USD_2017/yr",505.883156545841,574.615966118321,644.251514247544,708.953733956525,774.03903674828,832.909491936494,880.579626579534,916.377283598626,943.356813011695,963.813149621243,978.208511723815,987.867144099146,994.10761482307,997.254611078207,994.739177123648,965.490937703714
"IIASA GDP 2023","SSP2","China","GDP|PPP","billion USD_2017/yr",22283.426,24259.2501657859,26485.5949517015,29331.455570515,33277.2956887524,36568.3666235775,38931.0224185108,41673.4921232232,44288.7437421827,46167.5089251533,47162.2716077162,47585.1233214235,47983.9982954884,48835.4573959866,48932.9031590261,47254.0337899772
"IIASA GDP 2023","SSP2","C?te d'Ivoire","GDP|PPP","billion USD_2017/yr",188.857810972143,228.859735924865,277.285282946924,334.941821447311,403.641940014053,483.985656280263,575.658823653315,676.039367908888,785.3336643762,901.523535336996,1022.56006053376,1148.75413939926,1280.82538651972,1414.94907477644,1552.36255907655,1630.88674035003
"IIASA GDP 2023","SSP2","Cameroon","GDP|PPP","billion USD_2017/yr",118.784401667742,163.977833574336,221.979806798062,290.807276945106,370.362642316636,460.982320708019,560.84142479985,669.454675074847,784.768695998506,903.515507348805,1022.83131611645,1142.34970574769,1260.15759129203,1377.13421993924,1492.12321942978,1545.83346190214
"IIASA GDP 2023","SSP2","Democratic Republic of the Congo","GDP|PPP","billion USD_2017/yr",136.66455079956,207.608096386244,308.158717405911,437.535894438112,598.503977700466,799.716179083868,1044.0753526119,1335.27829717074,1676.32727168515,2074.45403072843,2532.58235622286,3048.91244170226,3620.83478643361,4244.92927112787,4921.18322201865,5429.9654572491
"IIASA GDP 2023","SSP2","Congo","GDP|PPP","billion USD_2017/yr",22.9554304483698,27.7641016626088,33.4181545000094,40.2618197754079,48.3471374532405,57.7752979314497,68.6439390520927,81.201999226682,95.5530496890614,111.071768931843,127.612375194215,145.526811801047,165.060036299061,185.938855981837,207.95793562646,222.833457488372
"IIASA GDP 2023","SSP2","Colombia","GDP|PPP","billion USD_2017/yr",868.618228589418,1036.08914667644,1218.86593340291,1396.76227361493,1568.09800882528,1721.49217199846,1863.84818164215,1992.1497162994,2110.55641555879,2219.37397661186,2315.07622356489,2392.3144107935,2451.40425405755,2499.13770472341,2537.81224249857,2501.96224250711
"IIASA GDP 2023","SSP2","Comoros","GDP|PPP","billion USD_2017/yr",3.01945633146699,4.23098243824944,5.7526472068056,7.48689126117752,9.4775875281932,11.7011060362727,14.0805225553197,16.5752416296393,19.1506288576837,21.7726426300817,24.3959194530736,27.0162432078389,29.6437999549301,32.3044852723125,34.9262126444119,36.1377159009313
"IIASA GDP 2023","SSP2","Cabo Verde","GDP|PPP","billion USD_2017/yr",5.04697165351149,5.86338123081224,6.76748504478914,7.79315822209273,8.89645250607584,10.0716885952399,11.2408542944964,12.4128335670699,13.6352856988882,14.8554585962672,15.9853924492283,17.0278920125487,17.9901053312704,18.9016258191353,19.8063148476703,20.1254156827915
"IIASA GDP 2023","SSP2","Costa Rica","GDP|PPP","billion USD_2017/yr",121.175875529843,134.247013081641,149.121225690424,165.353820345747,183.383172143145,201.295454258746,219.072181625734,237.508144470609,255.215012697516,272.033393861736,286.212361777476,298.268206594123,308.439837192173,317.322786982763,323.715789056446,320.076540892215
"IIASA GDP 2023","SSP2","Cyprus","GDP|PPP","billion USD_2017/yr",43.0416234629113,50.8032175505056,58.4404732993859,64.4152583600396,69.9775976541574,75.1160101028319,80.4105310630283,85.5753422450118,89.8104253495346,92.64718509959,94.9115472843875,96.8911574373335,98.414417729888,99.5675948393067,100.242775941756,98.693611317273
"IIASA GDP 2023","SSP2","Czechia","GDP|PPP","billion USD_2017/yr",462.081129318046,471.847171062564,484.13584257031,502.792587133701,519.067289452226,538.355543423058,557.822577485906,582.263291389612,602.808352817407,616.653936840982,626.797152375765,637.121314099586,649.403123937295,663.61443976685,685.297711907318,690.174882663909
"IIASA GDP 2023","SSP2","Germany","GDP|PPP","billion USD_2017/yr",4667.03275848271,4782.13664925672,4919.42867869792,5116.44779050325,5237.76430244473,5381.19315221578,5498.58961841856,5767.02574047185,6059.64950666041,6382.9766358751,6713.40003461425,7030.64928156935,7335.85192077329,7639.06634001561,7943.20098152378,8014.76762164062
"IIASA GDP 2023","SSP2","Djibouti","GDP|PPP","billion USD_2017/yr",6.4756236837176,7.80166164535968,9.22370581096526,10.6112658677889,11.992314598509,13.3788830236748,14.7954879363812,16.240279880946,17.7538703646103,19.3782871137503,21.1401540744846,23.0175788761778,24.9754496385892,26.9645161655254,28.9713131786404,29.9410618995675
"IIASA GDP 2023","SSP2","Denmark","GDP|PPP","billion USD_2017/yr",361.315657463635,374.134509161532,388.914795627957,405.441041045574,423.026425139433,446.544815657064,470.111380442103,494.551504251689,522.112610254326,550.972124746797,581.475247314316,613.511894516557,645.47927860709,677.524292681438,709.68932779768,716.635803651216
"IIASA GDP 2023","SSP2","Dominican Republic","GDP|PPP","billion USD_2017/yr",249.716185034686,286.61974572466,326.313272075131,367.225515721251,412.293621416894,457.112712129938,500.407258744456,539.494544221349,579.59216595396,616.116684274441,648.300229816601,674.935868674192,698.243624800546,719.253981771623,737.307448291232,731.348141219227
"IIASA GDP 2023","SSP2","Algeria","GDP|PPP","billion USD_2017/yr",530.710596835812,672.709130895046,843.695739318803,1038.39510802967,1253.62797173527,1473.92220699261,1700.78184357597,1931.02830197461,2157.72971814531,2358.55268782428,2531.59412016413,2686.61627317228,2844.74652405308,3008.22097004214,3162.4619277782,3197.73036576065
"IIASA GDP 2023","SSP2","Ecuador","GDP|PPP","billion USD_2017/yr",212.656797266798,256.698665995039,303.748654062728,351.30868001415,397.501226717521,443.415127728674,489.283123977764,534.503200566982,578.223941075398,619.421208071789,657.199956135401,690.612356755669,720.731596017156,746.043121355735,768.517315381573,767.262359462493
"IIASA GDP 2023","SSP2","Egypt","GDP|PPP","billion USD_2017/yr",1630.49694392023,1929.22009802913,2296.46927356873,2736.79266496785,3275.2008775675,3920.47734140763,4627.66436414346,5354.2369831865,6093.78148103229,6868.50686031894,7640.27509768985,8366.16255577061,9099.24566590897,9835.06042873216,10530.8067586392,10815.7976421301
"IIASA GDP 2023","SSP2","Eritrea","GDP|PPP","billion USD_2017/yr",7.04021233485556,8.99095568234946,11.2527252895636,13.6790662618957,16.2654035646567,19.0527539169867,22.0345680936081,25.2711824145173,28.8019663002004,32.6756231747514,37.031789090924,41.9920688416338,47.5277615704965,53.5354735949617,60.0539876545879,64.8961339255625
"IIASA GDP 2023","SSP2","Spain","GDP|PPP","billion USD_2017/yr",2006.039814467,2157.19887286877,2316.90951966936,2489.98175836205,2654.19246331376,2797.49065740819,2924.68311136015,3058.23323922399,3180.05066135543,3286.6865706699,3396.52349647257,3543.40904702733,3723.85482406118,3923.51824388547,4108.26834160408,4152.41306917898
"IIASA GDP 2023","SSP2","Estonia","GDP|PPP","billion USD_2017/yr",53.8606681973858,54.060414964994,53.5736007909514,54.3534910710743,55.2606026187461,56.8198560085426,58.678109970793,61.3448676927702,63.4514979744419,65.0835716065494,66.5921283572152,68.3007150939816,70.0880645707868,71.7843879114782,73.2483921831028,72.1827877388464
"IIASA GDP 2023","SSP2","Ethiopia","GDP|PPP","billion USD_2017/yr",364.128455195493,451.831064386632,549.658459338855,653.121157962316,762.948583687029,880.487598782779,1006.04603449859,1141.95603934104,1288.64627952856,1448.95455728372,1623.36559702717,1814.98389291989,2021.21827858713,2243.57562779293,2479.77842854441,2640.00660154346
"IIASA GDP 2023","SSP2","Finland","GDP|PPP","billion USD_2017/yr",282.872594522071,313.376327838655,340.139685919546,351.851952454133,368.394583069261,381.604220993617,397.113809497168,411.553402033494,428.581529616941,445.654049080743,463.510523216379,484.929594997284,509.072744168178,533.306987009163,556.028125675874,558.522999400131
"IIASA GDP 2023","SSP2","Fiji","GDP|PPP","billion USD_2017/yr",12.9135270098024,15.0700737086547,17.4136303744756,19.6661108162957,21.8007517608746,23.72130206062,25.4354038951219,26.9716573658709,28.4062384296863,29.7922551140733,31.0042157827906,32.2049425762153,33.3906786125974,34.6927696107577,36.0678473753174,36.2508915683533
"IIASA GDP 2023","SSP2","France","GDP|PPP","billion USD_2017/yr",3259.59509244807,3590.04484226189,3909.4429070949,4209.73642085209,4541.30477500759,4890.54473100208,5261.3290286938,5641.24727585931,6022.31603816737,6397.27802449942,6794.58391665304,7216.7180645702,7656.61626903244,8092.8210945095,8512.36426460352,8618.28785644738
"IIASA GDP 2023","SSP2","Micronesia","GDP|PPP","billion USD_2017/yr",0.351408271704047,0.386870975590701,0.421569588164889,0.458699161230667,0.494732744424336,0.528901191282832,0.557604947723814,0.58692846207374,0.619804596173529,0.658054440638994,0.700244500092575,0.744505796184656,0.789333956678794,0.834641809167861,0.881696700344406,0.904152656968743
"IIASA GDP 2023","SSP2","Gabon","GDP|PPP","billion USD_2017/yr",36.3754111664013,41.8734297508413,48.0692741092733,54.8592634045046,62.5270017731685,71.0043210288917,79.9597299369952,89.3387644540954,99.2684437097692,109.666404759781,120.163071346983,130.593554415911,141.209338906971,152.083801351902,162.814865878496,167.016821089508
"IIASA GDP 2023","SSP2","United Kingdom","GDP|PPP","billion USD_2017/yr",3236.79899188594,3414.17402965575,3573.66504570754,3751.39126420726,3988.71190105128,4200.82522337603,4403.04803781138,4591.38084224516,4769.62612701198,4965.02037881487,5202.17393699068,5482.7699484612,5790.08445011836,6109.24590202898,6425.91649881228,6519.38385428569
"IIASA GDP 2023","SSP2","Georgia","GDP|PPP","billion USD_2017/yr",72.6148718589055,71.4391825384313,69.366039520017,68.1259506849221,68.8998159265143,71.2847096807799,73.9319094120709,76.0121581986665,77.7741382345458,79.7804965592138,82.19038861072,85.0371030675289,88.2999565627076,91.8532696718381,95.3598475978178,96.0308193512013
"IIASA GDP 2023","SSP2","Ghana","GDP|PPP","billion USD_2017/yr",202.044150839662,231.80313430682,261.346369206327,301.467035014233,354.617338961267,418.153216172007,493.610674879563,581.867454728446,686.936459268808,807.99289927759,945.510288897948,1100.13505897173,1273.30647167184,1464.40772297599,1670.7678861842,1830.40380728628
"IIASA GDP 2023","SSP2","Guinea","GDP|PPP","billion USD_2017/yr",44.1092445420644,64.6977019204927,92.0163149876641,123.794276347453,160.538672847881,203.558104610371,251.265856768398,302.663784957267,357.596829615242,416.698431882406,478.661795488357,541.318107496803,604.250856515396,666.647793033273,728.345064612645,759.210133186264
"IIASA GDP 2023","SSP2","Gambia","GDP|PPP","billion USD_2017/yr",6.79833402901597,9.17489893644907,12.1181589407338,15.4032415841465,19.1822039444253,23.5644231641686,28.3414955679004,33.5376543967741,39.160352004131,45.2603369571111,51.75825688634,58.8055792521805,66.4314583677055,74.6444648523951,83.151487754829,88.7456622997688
"IIASA GDP 2023","SSP2","Guinea-Bissau","GDP|PPP","billion USD_2017/yr",5.35080159759508,6.71464097699984,8.26726704091595,9.84052881342271,11.4356751005926,13.1160359715285,14.8467947114773,16.6366490777936,18.5431338048168,20.598962853775,22.8368093938075,25.2807562267342,27.9541918634365,30.8769329986693,34.0594668740425,36.1754093885048
"IIASA GDP 2023","SSP2","Equatorial Guinea","GDP|PPP","billion USD_2017/yr",19.5757421653159,21.1522438317895,22.145389032363,24.3429527575773,27.4040611547865,31.3186897174135,35.9844716675056,41.8034327525428,48.4633452268584,55.6553227123455,62.9006640845571,70.3934962713347,78.0322040019222,85.5627523255175,92.761529778032,95.9752790227911
"IIASA GDP 2023","SSP2","Greece","GDP|PPP","billion USD_2017/yr",351.053029717688,391.132787769356,428.420107414005,460.594153805618,490.589297345309,517.869113635956,541.583814183822,559.505268624029,572.251726409403,580.974572835508,589.380672093197,603.969992033369,625.998137672665,652.648153992618,679.977143246246,687.617639371437
"IIASA GDP 2023","SSP2","Grenada","GDP|PPP","billion USD_2017/yr",2.02204801641706,2.26722210441471,2.53615331444749,2.86144019711966,3.20050444818613,3.52778562384279,3.83217731626649,4.16404505146621,4.50638098916875,4.83743653124755,5.14055338296803,5.42830297444317,5.71114619175513,5.99158255114613,6.27394689904976,6.35097636287078
"IIASA GDP 2023","SSP2","Guatemala","GDP|PPP","billion USD_2017/yr",176.127286998994,200.280664733219,227.832143511056,257.739038794973,290.76808496452,327.245096821604,367.967145467228,411.010391839859,457.495656288713,508.407966294616,565.174723339046,625.254245290975,687.126704592974,749.167421708464,811.128243200092,848.192888240822
"IIASA GDP 2023","SSP2","Hong Kong","GDP|PPP","billion USD_2017/yr",471.694224170903,508.266447929474,551.285882089444,581.362938481911,626.339813515928,678.041726775202,734.430444281875,793.195241044886,849.436648683788,891.872274892362,925.041964153289,954.945477587821,983.583903056936,1011.9100372317,1036.34250255014,1029.05480567479
"IIASA GDP 2023","SSP2","Honduras","GDP|PPP","billion USD_2017/yr",66.3333673841409,80.0175542609045,95.6470937433117,112.056627729141,129.715738820673,149.373761523982,170.905356985812,193.684056047896,217.79626453474,243.536399989436,271.153258365494,299.520022650133,327.626982112151,354.992570639924,382.107618142705,397.374985975834
"IIASA GDP 2023","SSP2","Croatia","GDP|PPP","billion USD_2017/yr",140.003450917203,144.235912124949,150.00426549058,157.714109455338,163.616297748774,169.061254383029,175.307212002875,182.668746283533,189.73823075398,195.931044401332,201.511701500743,206.809506984158,212.079962567714,217.158814819853,221.844498759865,219.881312082095
"IIASA GDP 2023","SSP2","Haiti","GDP|PPP","billion USD_2017/yr",33.2815285100113,41.5964190208229,50.9523902801853,61.0753810625939,71.6265649431938,82.4030046490687,93.4562463450529,105.469211356427,118.768505235674,133.565268675764,149.925325801333,168.002252394644,187.883351642438,209.93021184878,234.280456174105,253.095021522202
"IIASA GDP 2023","SSP2","Hungary","GDP|PPP","billion USD_2017/yr",371.278751225674,393.65398246727,416.248070453111,443.105014685074,455.175103145795,469.542027836267,478.686619168177,500.468069299922,514.784444869003,522.617570398711,527.343940110889,530.399213175161,533.07010768319,535.77081079854,538.072276511411,528.486798073812
"IIASA GDP 2023","SSP2","Indonesia","GDP|PPP","billion USD_2017/yr",3451.7241,3884.80158826628,4383.58979987439,4962.47416134195,5639.42325516872,6420.39949511183,7271.83434855157,8146.83109105435,9016.83979314688,9868.09761815438,10649.6967466385,11355.8148541478,12011.0542189407,12596.1050951237,13106.4102805811,13139.4376032974
"IIASA GDP 2023","SSP2","India","GDP|PPP","billion USD_2017/yr",12006.6099114987,14170.4138549536,16699.309267938,19590.8895247742,22814.9566302042,26221.7106325218,29797.1438843447,33624.570720735,37539.7629046331,41513.6011187609,45362.1695726004,48933.856566713,52285.9890661772,55428.9836245743,58301.9063484995,59080.3586272471
"IIASA GDP 2023","SSP2","Ireland","GDP|PPP","billion USD_2017/yr",661.556962025926,715.161663761793,775.155074023856,839.246547654747,909.407395492763,978.055397133949,1046.35447541906,1113.29017580585,1169.98659196747,1212.89872950384,1251.54070679773,1292.12652207708,1334.71323756976,1375.62658283212,1409.45927180416,1386.31548919183
"IIASA GDP 2023","SSP2","Iran","GDP|PPP","billion USD_2017/yr",1437.16471921122,1647.58669504447,1886.12960837143,2134.98227020888,2427.03196398666,2721.56411626434,3036.09548930256,3408.23777101178,3795.2152575021,4138.50350511403,4399.83866208376,4611.46854306599,4806.80879585886,5022.94890027132,5215.40490571133,5250.2514133231
"IIASA GDP 2023","SSP2","Iraq","GDP|PPP","billion USD_2017/yr",483.811357306205,594.060468191823,721.504561863891,866.080853235195,1035.81724970344,1225.93549161042,1432.64444523081,1643.95220610027,1862.63495185648,2085.81581962402,2309.1063226725,2523.65851519626,2741.24165422628,2953.49958626006,3152.80968893822,3232.90219489266
"IIASA GDP 2023","SSP2","Iceland","GDP|PPP","billion USD_2017/yr",22.6502870185014,24.6526550586784,26.5608945331542,28.2839107797138,29.7700737178542,31.3643498865792,33.2156504580256,35.230938574706,37.4070482033371,39.6039750599255,41.7878331767512,43.9918852118493,46.1698825964793,48.3393861548831,50.4849099955684,50.8538751618948
"IIASA GDP 2023","SSP2","Israel","GDP|PPP","billion USD_2017/yr",464.218654823903,541.025844846343,618.476092642768,690.201661738828,761.440546836147,840.170537308986,921.01583943644,1000.68406348247,1075.18912347772,1151.37678067469,1237.33575055242,1331.91807806962,1434.7114112624,1547.07574931231,1665.67275224455,1712.53318511232
"IIASA GDP 2023","SSP2","Italy","GDP|PPP","billion USD_2017/yr",2659.36962307793,2843.05586647453,3012.50068890144,3184.88245662197,3349.19797003319,3495.10803438965,3652.1804189577,3855.88303490768,4048.30056444898,4204.29354578571,4355.18801288184,4526.43379962027,4706.17958433243,4884.5457587233,5043.52222853136,5035.73711249883
"IIASA GDP 2023","SSP2","Jamaica","GDP|PPP","billion USD_2017/yr",29.9504180167319,34.8750153713128,40.0170920753374,45.1978992496383,50.2271926478842,55.1099470008505,59.6836373815996,64.1097559342819,68.5430914180716,72.9312693888508,76.9806687031903,80.8424046175073,84.2958807258364,87.5151179490862,90.5920461922784,91.161789087518
"IIASA GDP 2023","SSP2","Jordan","GDP|PPP","billion USD_2017/yr",114.730110235439,132.652996011068,153.600615577347,180.634876025745,213.621483806605,250.358811396166,289.357198945522,330.00328601414,373.358128920995,419.054958312891,464.409855695516,509.869202924635,555.03110529524,596.788981612265,634.695218018767,650.933146291784
"IIASA GDP 2023","SSP2","Japan","GDP|PPP","billion USD_2017/yr",5351.99120175152,5483.51836413216,5110.94949737758,5909.9500529049,6046.8135123882,6229.16229063847,5996.26418062828,6310.82446710015,6560.72187499617,6756.15652033771,6911.0593890527,7041.2310597452,7151.1488014245,7231.82218692981,7276.2378247986,7122.7582315163
"IIASA GDP 2023","SSP2","Kazakhstan","GDP|PPP","billion USD_2017/yr",577.509298375532,610.413488934292,645.311320937434,688.784897225426,736.473136523947,787.423676233542,835.771142944477,882.305105531649,931.823666795744,979.656644261396,1026.33722692191,1074.62453634991,1125.89619745209,1178.53846784538,1232.11345478712,1241.76432809693
"IIASA GDP 2023","SSP2","Kenya","GDP|PPP","billion USD_2017/yr",310.293106808272,390.913322858928,486.233080217494,592.993047177871,711.922256626717,838.967562694984,976.182375834366,1123.32414703686,1279.46868698125,1441.78567877644,1615.47914528124,1801.93268934408,1998.86893029068,2201.97758577807,2408.33442585065,2526.29918594017
"IIASA GDP 2023","SSP2","Kyrgyzstan","GDP|PPP","billion USD_2017/yr",38.3844727521784,44.5603046516071,50.6441930836387,56.7918305405207,64.7067758017224,72.6338065165723,80.6917358774783,88.5417441860231,97.5494773062738,107.183700464241,117.112124279022,127.063762769137,137.545623134385,148.698894604968,160.365163290206,166.861385994557
"IIASA GDP 2023","SSP2","Cambodia","GDP|PPP","billion USD_2017/yr",90.6974818978033,103.119053453194,117.420418047163,133.30353831504,150.195869822121,166.588447959481,184.696320980805,206.008432312648,230.995264406876,258.343517872615,288.01126043482,320.985008110278,357.565905644098,398.022263254627,441.024428481232,471.748172129153
"IIASA GDP 2023","SSP2","Kiribati","GDP|PPP","billion USD_2017/yr",0.253508946647128,0.281764318104716,0.313054363013815,0.348240086182353,0.387376851301357,0.429564364218141,0.473514837540596,0.518788323805887,0.567082728133179,0.618534677281889,0.670071215551044,0.722179740169672,0.778416695323973,0.839330228890008,0.904323267040603,0.937214539831557
"IIASA GDP 2023","SSP2","South Korea","GDP|PPP","billion USD_2017/yr",2500.61692153945,2668.97549642223,2821.67854868262,3177.35342531473,3311.28851266217,3425.70408408112,3295.78829161428,3372.3466690685,3411.63741702716,3367.60861671011,3290.87007328298,3242.79782468933,3209.55794639106,3158.97280471434,3093.0125354238,2947.03507015961
"IIASA GDP 2023","SSP2","Kuwait","GDP|PPP","billion USD_2017/yr",223.195805537891,241.273978149968,258.367315401984,273.357290050036,283.842565409868,295.936279680722,316.370924391329,348.441216599164,374.196886937216,394.198520121858,411.272437317623,426.151605603556,440.849082430756,454.742986745472,465.746968272511,460.021186861352
"IIASA GDP 2023","SSP2","Laos","GDP|PPP","billion USD_2017/yr",65.644306316898,74.3501423471412,84.9648967749823,98.3690943786635,114.816074542878,134.456873230146,156.729378055242,181.751397122172,209.247786698299,239.052747427513,269.432967749486,299.150581081338,327.676426815034,354.807837787494,379.577450044654,388.915434773673
"IIASA GDP 2023","SSP2","Lebanon","GDP|PPP","billion USD_2017/yr",75.3907914047014,87.8036054622099,101.444414172586,117.783093846716,135.266191752467,151.887173233966,167.781654710079,182.164885394602,195.055083583975,207.085395489583,218.769634998429,229.301189121892,239.780670967082,248.720241103488,255.993401971275,253.561347325724
"IIASA GDP 2023","SSP2","Liberia","GDP|PPP","billion USD_2017/yr",8.84107442807144,11.8583739796647,15.449675362465,19.3819570852136,23.5240275627188,27.8869623350801,32.4801235053042,37.4598003172701,42.7639440503565,48.3847643279613,54.3721472301876,60.8692540112381,67.896493429242,75.4246456713072,83.5092435583275,89.0692518661522
"IIASA GDP 2023","SSP2","Libya","GDP|PPP","billion USD_2017/yr",160.523141308348,190.138419409325,224.893687559656,264.537124682023,310.578245060603,363.470034734287,419.781973138228,472.985861059021,522.337652014645,570.121581752252,617.012017131716,662.735038715597,705.50021142649,744.114751190064,777.174312763761,782.981996131456
"IIASA GDP 2023","SSP2","Saint Lucia","GDP|PPP","billion USD_2017/yr",2.89214798076083,3.2606182871621,3.65068399922724,4.09136884941456,4.55334637254917,4.98861232437786,5.34349177526511,5.6749987306563,6.01008438947521,6.34641689263239,6.65148138686836,6.91544238253643,7.11959104674716,7.29165106975608,7.44429245345758,7.37950325934786
"IIASA GDP 2023","SSP2","Sri Lanka","GDP|PPP","billion USD_2017/yr",273.493735420331,312.444695202873,356.960749601293,403.538577260235,451.461279443603,497.982054383347,544.918978600001,587.398288241067,627.202867904809,664.130507914584,698.273952880081,731.032702406675,762.60685357168,791.238584158387,816.166844221212,813.95151107609
"IIASA GDP 2023","SSP2","Lesotho","GDP|PPP","billion USD_2017/yr",5.9455959345825,7.80325949700824,10.0486852783692,12.4972958766993,15.1157196821948,17.9031918360963,20.8000681106643,23.7488292246547,26.8138825639784,29.9820950800738,33.2688862352192,36.5788776001686,39.9398445977498,43.397744728968,46.8634490630028,48.6141465125871
"IIASA GDP 2023","SSP2","Lithuania","GDP|PPP","billion USD_2017/yr",118.099813723365,113.384739037966,107.634490222152,101.109492016723,101.213278292003,102.023743794856,103.028058408119,103.244249606238,105.163444493672,106.171766646753,107.29519690889,109.104234633707,111.25044914217,113.603052059175,115.699328529204,114.22316553377
"IIASA GDP 2023","SSP2","Luxembourg","GDP|PPP","billion USD_2017/yr",79.5948534480371,86.336930026701,93.744459841094,102.60781015832,112.039752916778,122.274314218039,132.714415828148,144.913092520886,156.557369346505,166.309061191888,174.66938929559,182.303158181355,189.397571500863,195.933627937047,201.557839854201,199.988131597308
"IIASA GDP 2023","SSP2","Latvia","GDP|PPP","billion USD_2017/yr",65.9260816770814,64.6655176652076,63.574909938059,63.8275969611775,64.346594284252,65.064966265491,66.2786890193408,68.5752587484276,70.8408177455396,72.5043513637473,73.9658057521002,75.6363542598402,77.4182714575128,79.3376224387452,81.0419574887008,80.1217216873395
"IIASA GDP 2023","SSP2","Macao","GDP|PPP","billion USD_2017/yr",67.8437454017609,74.6004059631271,83.2108556439783,90.83727597175,100.088054808398,110.135501842818,119.847732653914,130.088621928935,139.718077015249,147.538856931538,153.505484884626,158.165809977035,161.595831674925,164.218031855347,165.295486254608,161.284659273567
"IIASA GDP 2023","SSP2","Morocco","GDP|PPP","billion USD_2017/yr",335.887979671586,388.412010552104,450.001535975012,527.097705299167,620.42439777633,725.307791416878,844.534488838477,980.605046612067,1133.54994989454,1289.22430580348,1437.30666959143,1576.45424147789,1711.02524354898,1841.14160709102,1960.1464427871,2008.41585327402
"IIASA GDP 2023","SSP2","Moldova","GDP|PPP","billion USD_2017/yr",37.5417461170246,37.2829397189634,37.4708282097669,37.90961255678,38.7786356668573,40.1240117173728,41.7465166090125,43.8550592869787,46.302084348262,48.7610867253791,51.0051907463725,53.2161806868204,55.6532072283863,58.5581845127884,61.6670834481281,62.9256283915959
"IIASA GDP 2023","SSP2","Madagascar","GDP|PPP","billion USD_2017/yr",51.0719666851475,68.2895900119649,89.5635819192568,114.123997378984,142.756497122899,175.906034636067,213.682284318551,256.548109673573,304.529843195868,357.938428784557,416.744196604998,481.264853686325,551.632414157085,628.002621584488,710.876915421332,775.548452867124
"IIASA GDP 2023","SSP2","Maldives","GDP|PPP","billion USD_2017/yr",13.2677513754523,15.5279591245303,17.9269796221849,20.2229641676729,22.3439791683817,24.3656976674689,26.4791058709638,28.7116480484263,30.9900820407349,32.8782810046775,34.1459095261267,34.8460117196594,35.2816304936905,35.4590079413785,35.4808471742725,34.5534085547721
"IIASA GDP 2023","SSP2","Mexico","GDP|PPP","billion USD_2017/yr",2639.13542053343,3050.00470666901,3480.37921389604,3908.44529373867,4330.11637958058,4751.57117290629,5172.40173021529,5566.50069869339,5939.88660393859,6290.91067609601,6621.50831403529,6922.90461576116,7205.89221282045,7455.6591752457,7681.11963400711,7665.1555793341
"IIASA GDP 2023","SSP2","North Macedonia","GDP|PPP","billion USD_2017/yr",38.3480561789904,40.1624978217295,42.230772823067,45.0934089659522,48.4928435871515,52.1665367745336,55.9355114687628,59.8369021359452,64.1798255664418,68.7194661218068,73.291160916476,77.5665926303971,81.7562362128606,85.8426029791679,89.83595954066,91.1613625452313
"IIASA GDP 2023","SSP2","Mali","GDP|PPP","billion USD_2017/yr",55.9786426495079,78.0540110459989,106.329690259634,139.628221410651,178.060936112844,220.832691343931,267.644170452116,318.480002010608,373.168591365302,431.309077825401,492.289406990353,555.370294684057,620.812346939556,688.395068440416,758.148828860245,795.895670836602
"IIASA GDP 2023","SSP2","Malta","GDP|PPP","billion USD_2017/yr",28.4090943341889,33.3834235360224,38.2006254419133,41.3262487158191,43.6448233924537,45.4838807695659,47.3777201973376,49.458385162389,51.8239833115412,53.7378450854751,55.2730644346011,56.5041388676534,57.4964917195942,58.4463857711082,59.4099205847391,58.7899626282187
"IIASA GDP 2023","SSP2","Myanmar","GDP|PPP","billion USD_2017/yr",238.776552914578,273.296652151161,313.208402445892,359.565794367739,415.01584014461,477.181866630905,544.568165100418,616.691064547254,694.691458088742,775.053013113777,856.78208703851,936.089525531825,1015.17549349424,1094.0994152435,1171.18921795184,1204.098028156
"IIASA GDP 2023","SSP2","Montenegro","GDP|PPP","billion USD_2017/yr",14.9551865290612,15.4086777868656,16.0314957040301,16.9420105343551,18.0908268579142,19.234495985487,20.51495191045,21.8063480201651,23.2728727441624,24.6128494820942,25.8816051083336,27.0681461483444,28.221778779332,29.3247163712798,30.3660568950601,30.4220900776736
"IIASA GDP 2023","SSP2","Mongolia","GDP|PPP","billion USD_2017/yr",47.8621523477306,54.6406772004704,62.5861973987933,72.1236703812199,84.9551856675414,100.070062487778,116.685226574499,134.224253202449,153.033202088839,171.932033450735,190.29502021034,209.12049980648,229.109809643135,249.733943186796,269.627302366624,277.847540794643
"IIASA GDP 2023","SSP2","Mozambique","GDP|PPP","billion USD_2017/yr",48.9487475545762,66.9840000787518,89.4389873173525,114.876488061037,143.426959610404,175.341794342123,210.792472255547,250.118325808419,294.570338378429,344.566835640671,400.44979306206,462.058711255689,530.460094590296,605.650341731561,687.786349880901,747.746689626173
"IIASA GDP 2023","SSP2","Mauritania","GDP|PPP","billion USD_2017/yr",30.0654149644795,38.8952258116805,49.7342714729801,62.5640917254288,77.8104130098782,95.8312727020469,116.655671351215,140.424945646178,166.979071129839,195.893226155824,226.563935992023,258.776995576407,292.209532922073,325.764724451693,358.726777873438,377.509849441525
"IIASA GDP 2023","SSP2","Mauritius","GDP|PPP","billion USD_2017/yr",32.3692876386321,33.8673745002533,35.9046938684249,38.3585489308858,40.8303205173601,43.5040322504766,46.4253150385658,49.0929789932174,51.5972562709339,53.7383852568235,55.7632958172376,57.5456627551062,58.8871155525671,59.7822559158012,60.4097089655641,59.2775755536007
"IIASA GDP 2023","SSP2","Malawi","GDP|PPP","billion USD_2017/yr",33.4099104332771,46.7545971563792,64.0639084644561,84.9959383112355,109.218901296148,136.943952795706,168.543919098001,204.483743450891,244.571810345152,288.399863849023,336.737463951538,389.82765444973,448.463972499425,511.907018481219,581.101128928721,632.42436144495
"IIASA GDP 2023","SSP2","Malaysia","GDP|PPP","billion USD_2017/yr",1095.28384037636,1266.69021929938,1450.8899316013,1636.48141892418,1810.70937346758,1975.22937248252,2131.53273159453,2312.38540918125,2479.13907278441,2631.36407227544,2758.73199617709,2867.4510735896,2953.45914749586,3032.60015070224,3140.48291050734,3174.24889194024
"IIASA GDP 2023","SSP2","Namibia","GDP|PPP","billion USD_2017/yr",25.9697072800231,29.4929716237978,33.545473441565,37.9780882915416,43.2957487532062,49.432839759884,56.074383721228,63.0921027298878,70.8899932867798,79.469334209741,88.6278495656547,98.153203118287,108.117096690029,118.604368266975,129.69352596505,136.071411581042
"IIASA GDP 2023","SSP2","Niger","GDP|PPP","billion USD_2017/yr",42.6123239943194,62.5413785278675,89.3139079920022,122.137666554689,161.620361364903,208.474587543181,263.619091706535,327.916327651037,402.867664279009,489.695458567161,589.181329376509,702.454990110596,829.655776254318,970.949842296113,1125.9183234952,1237.85192315413
"IIASA GDP 2023","SSP2","Nigeria","GDP|PPP","billion USD_2017/yr",1187.62697833403,1525.81990234191,1947.97800491189,2455.91765541657,3065.89845107679,3804.06906984556,4663.96822465327,5637.38072949326,6717.04046583217,7924.52278256876,9284.8129954618,10795.5648974855,12442.3193104279,14186.4573495056,15998.0272273746,17131.048493522
"IIASA GDP 2023","SSP2","Nicaragua","GDP|PPP","billion USD_2017/yr",44.2434675830559,55.8403247375004,69.136054036908,83.2313550433028,98.4776924524745,114.652619564343,131.658678018595,149.424904506951,168.367805903132,188.035488149755,207.787788308193,227.108813253001,245.704687723881,264.195711308979,282.577719673467,292.335894888838
"IIASA GDP 2023","SSP2","Netherlands","GDP|PPP","billion USD_2017/yr",1082.42209751997,1152.52035101276,1221.59513197804,1280.56698373585,1384.05415360739,1477.98876081889,1579.01963056735,1658.30085136552,1758.20778533717,1858.5860482397,1963.15328048173,2070.36798838743,2175.02007788943,2275.4405477097,2370.83717292203,2388.39355661755
"IIASA GDP 2023","SSP2","Norway","GDP|PPP","billion USD_2017/yr",385.855286006426,414.903424115484,446.201447944966,479.09647049499,512.485831795077,546.522545751116,582.513332184105,628.858672286092,674.991285291304,715.676520306245,754.732983721377,795.211022289594,835.216331600353,873.39744269961,908.039131023766,908.093179396218
"IIASA GDP 2023","SSP2","Nepal","GDP|PPP","billion USD_2017/yr",140.575475105776,162.525940643947,187.442192738831,214.1923995679,243.848985268632,276.575052039315,313.462035362368,352.70365897709,396.364941061145,445.721098225495,502.148627628784,563.543849098631,628.609163758027,696.803003826466,770.994712098765,826.928699777008
"IIASA GDP 2023","SSP2","New Zealand","GDP|PPP","billion USD_2017/yr",235.055202726274,254.55674198508,274.099169822179,293.460673698813,314.287914228103,331.776296879091,348.012417896075,364.631710395054,381.048560325377,395.681075063144,409.552761698809,425.07739929774,444.588324211246,466.449624502305,488.827526953013,495.979478646492
"IIASA GDP 2023","SSP2","Oman","GDP|PPP","billion USD_2017/yr",176.86736837196,201.528543214655,227.293253540004,250.273825077256,272.520118707006,295.568982747885,318.339933419636,343.658417908251,371.719046616785,391.790292314948,402.56196830016,408.399557675196,413.791432774394,419.947720914895,428.072464941112,427.313781855519
"IIASA GDP 2023","SSP2","Pakistan","GDP|PPP","billion USD_2017/yr",1395.66078099173,1753.42615285984,2183.20655182751,2698.75096365742,3294.4538333783,3975.30713967006,4761.15716445447,5647.61051022991,6644.73593454384,7739.78284429383,8953.09326827032,10269.9436214272,11690.3579654705,13191.0793340599,14715.8252403065,15747.0873689064
"IIASA GDP 2023","SSP2","Panama","GDP|PPP","billion USD_2017/yr",157.844493567714,172.235577744114,188.065050332136,206.128440997699,225.066608114182,244.709768924448,263.866601602655,282.935235027994,301.007543297506,317.826999972602,332.889954563582,345.118228278081,355.348445107484,363.221028679208,369.848844138867,364.166744332051
"IIASA GDP 2023","SSP2","Peru","GDP|PPP","billion USD_2017/yr",481.750150671463,548.938670943135,621.368510507803,696.996271091292,771.398532811446,847.037045356162,924.851173439138,1006.70628540221,1086.286896242,1161.85757603115,1231.02334424725,1296.68193535493,1359.66207216302,1421.13915284962,1480.04067415332,1491.48158138162
"IIASA GDP 2023","SSP2","Philippines","GDP|PPP","billion USD_2017/yr",1180.64805373717,1527.28693934945,1928.4934707902,2353.62138284929,2805.76745734947,3264.16077824401,3715.55166858599,4164.88691421945,4619.48945753959,5069.91608210875,5507.96919418349,5937.53035780592,6335.2851186992,6687.75176702296,7007.00189253465,7057.80589670897
"IIASA GDP 2023","SSP2","Papua New Guinea","GDP|PPP","billion USD_2017/yr",37.0469882401036,42.2073024850004,48.6533235402368,56.875698342941,67.2596803268501,79.6689541164149,93.8411652333595,109.770873495165,127.526817862935,146.953245538662,167.730797441141,189.685014198126,212.437587677911,236.049477599493,259.797324524713,275.258562678875
"IIASA GDP 2023","SSP2","Poland","GDP|PPP","billion USD_2017/yr",1477.21268765591,1485.27502945168,1484.57265403648,1594.77064609463,1663.66234777442,1725.70757616495,1738.84398305012,1789.98342192149,1830.85573314395,1853.09091866387,1862.75990794549,1878.41508476212,1895.68059765335,1917.38122753911,1937.2714447265,1897.61586861049
"IIASA GDP 2023","SSP2","Puerto Rico","GDP|PPP","billion USD_2017/yr",109.164091635592,108.20463837337,107.143928181556,104.66159929619,104.764381992366,105.080479173933,104.711640222474,103.713504245154,103.140282690645,102.709917497891,102.932914056766,103.562236628248,104.310121026336,104.956790374742,105.186734842681,102.442922675765
"IIASA GDP 2023","SSP2","Portugal","GDP|PPP","billion USD_2017/yr",389.803229677983,418.349526923929,451.032229861667,485.986811339514,523.795878020009,562.579632808721,594.704254361697,620.380541996605,640.77193225329,656.738587395784,673.186050300627,697.873846345135,728.862855194755,763.505638592899,798.691336030668,808.798133681727
"IIASA GDP 2023","SSP2","Paraguay","GDP|PPP","billion USD_2017/yr",102.838449065189,120.452529148888,140.932880106776,163.647166393537,188.410037355162,214.112861594822,240.097335862693,266.044233265026,292.028701905223,317.674608236896,341.701555117451,363.612123185537,382.340460082118,399.508602295287,414.862713791912,416.886947102817
"IIASA GDP 2023","SSP2","Palestine","GDP|PPP","billion USD_2017/yr",32.6890723878529,44.133838071106,57.8304774955122,72.4911192300028,88.9864108659071,106.766598715141,124.618483807651,141.433101563757,157.717652196378,173.508988858212,189.20807241388,204.540237102176,219.880355714517,235.368391902298,250.15544742616,255.282341913115
"IIASA GDP 2023","SSP2","Qatar","GDP|PPP","billion USD_2017/yr",280.489036712632,316.838411425293,358.061668753098,397.786628111879,430.820558642586,459.795265271138,489.9857222924,527.387741066252,568.077414338607,603.208631234685,625.986180016046,638.830717589886,645.324900031094,648.901052284954,650.076360509502,633.037772237954
"IIASA GDP 2023","SSP2","Romania","GDP|PPP","billion USD_2017/yr",687.654092217838,692.231010473569,705.980168540631,735.873308417036,740.481773745963,753.703883795906,760.355486084448,799.167648278911,826.185431565808,841.245029891889,849.60655079098,856.54992008626,864.750256152564,875.647849520986,888.625677938229,874.825741843811
"IIASA GDP 2023","SSP2","Russian Federation","GDP|PPP","billion USD_2017/yr",4162.90703799802,4336.37898944497,4481.28751870372,4712.16303611294,4971.95028716722,5242.16572978858,5465.80306747856,5736.53205605615,5975.2567053876,6159.80541477408,6334.48950079972,6519.94519646059,6725.95545774234,6937.04531147192,7115.67593980786,7021.72416770583
"IIASA GDP 2023","SSP2","Rwanda","GDP|PPP","billion USD_2017/yr",39.4835810209948,50.2067858047694,63.0480792609597,77.2671104924328,93.0950562108603,110.71030854718,130.468750991412,152.26663478446,175.866004576649,201.186267125197,228.600720915079,258.49141716277,290.538767035844,324.785127865863,361.040400704734,384.583463775925
"IIASA GDP 2023","SSP2","Saudi Arabia","GDP|PPP","billion USD_2017/yr",1993.35008107682,2169.82990282625,2353.76379412628,2531.3041575505,2695.65085079294,2909.68667663694,3145.06355694653,3354.59925903759,3524.80054472904,3660.91992985083,3803.81507316734,3944.3360335234,4085.14929601381,4216.69475891356,4336.28007079872,4319.9473941196
"IIASA GDP 2023","SSP2","Sudan","GDP|PPP","billion USD_2017/yr",184.796791175529,230.859954011081,286.90131804567,353.383882230148,435.24036421298,535.004747095871,654.551954795168,796.12459131136,961.512051243932,1150.18470612227,1363.3449280365,1597.70725885496,1852.01016562304,2122.20125721087,2408.69429689642,2600.5652359359
"IIASA GDP 2023","SSP2","Senegal","GDP|PPP","billion USD_2017/yr",77.5793629353977,103.620203513524,136.558045838968,176.080890186755,223.676958145806,281.116436740269,349.243444781441,428.340084983627,518.190633964769,618.108415562445,727.117026976214,843.37840097572,965.454650180866,1091.08197281854,1216.90645165362,1293.02932047118
"IIASA GDP 2023","SSP2","Singapore","GDP|PPP","billion USD_2017/yr",646.864231208372,715.811424558427,803.886721155888,886.694541309624,979.335187699243,1054.15712913629,1113.81841612368,1166.10334887833,1210.25478977422,1231.12502352557,1243.57606464428,1250.46620283851,1252.34475539162,1248.27746188329,1236.83590741681,1190.89025931562
"IIASA GDP 2023","SSP2","Solomon Islands","GDP|PPP","billion USD_2017/yr",1.53731055501661,2.07545323072422,2.75006912670224,3.54056527083029,4.47454452300819,5.55772239703735,6.77302392165109,8.11469654984393,9.58688167674804,11.1904408189428,12.8969382170315,14.7198232779722,16.6397033785433,18.6903311571469,20.8242626866119,22.3341319016323
"IIASA GDP 2023","SSP2","Sierra Leone","GDP|PPP","billion USD_2017/yr",15.8823751048985,20.5249113647641,26.2724328211071,32.7061793588201,40.5546871731388,49.8545038995269,60.6943939508774,72.789192601289,86.3573829769211,101.382587622779,117.856806960211,135.604601724441,154.382388802881,173.883715018111,194.065197719438,207.14437974193
"IIASA GDP 2023","SSP2","El Salvador","GDP|PPP","billion USD_2017/yr",62.8426728334798,67.8598726501382,73.4808980178616,80.0102010767116,87.6297587537949,96.158104370121,104.851285946845,113.154625447549,122.175786930881,132.533258404172,143.795925377643,155.011227755092,166.399101299524,177.486041699033,188.411625234893,193.858755085335
"IIASA GDP 2023","SSP2","Somalia","GDP|PPP","billion USD_2017/yr",19.3836328828507,28.068110700498,39.6670086477119,53.8046164558987,70.7159069785139,90.845105996109,114.320475624412,141.446265414602,172.788239273897,208.948984723156,250.259537007234,297.273877754705,350.554343370207,409.972061847755,476.637449050498,528.070844555415
"IIASA GDP 2023","SSP2","Serbia","GDP|PPP","billion USD_2017/yr",152.217613021804,160.525619117094,170.369679537364,182.560373194465,194.494553048108,207.445976447708,221.002427832598,240.093469410824,258.846680534548,274.821768482076,289.420960797421,302.657450956164,315.365694309078,327.134081670178,337.90134038549,337.818556628007
"IIASA GDP 2023","SSP2","South Sudan","GDP|PPP","billion USD_2017/yr",6.91269572631045,10.7436759781952,15.9794399296173,22.069713213046,28.6842395208627,35.4580480636577,42.413406694047,49.2745943931987,56.5114453365168,63.7806459176009,71.3312117669682,79.4364916763267,88.72462043123,99.2118849307202,110.742230565555,118.984812493646
"IIASA GDP 2023","SSP2","Sao Tome and Principe","GDP|PPP","billion USD_2017/yr",0.976092894216838,1.10312274380178,1.25897106811955,1.44667655492154,1.66868625289849,1.93028092304567,2.24397610024778,2.59908612088693,2.98413256402768,3.39073432404131,3.82945690993229,4.30473002998414,4.81262370867091,5.35063839005541,5.91953519386272,6.31046718727747
"IIASA GDP 2023","SSP2","Suriname","GDP|PPP","billion USD_2017/yr",9.95379239833108,11.3001925776685,12.8067396044984,14.3021258114018,15.7833896284604,17.243735722948,18.8019411021962,20.3567749812563,21.8796850430095,23.4038102006837,24.9798022695413,26.5372014063971,28.054965130508,29.5122552244446,30.9474706355425,31.3868135425124
"IIASA GDP 2023","SSP2","Slovakia","GDP|PPP","billion USD_2017/yr",194.572108078021,208.989423716944,222.239893700637,233.448621706448,244.432097300468,254.169019783538,262.756510039128,271.101136744667,278.781525404249,284.502980919646,288.769932764882,292.689169090734,297.00522919806,302.052096067147,307.343050553819,303.197887012833
"IIASA GDP 2023","SSP2","Slovenia","GDP|PPP","billion USD_2017/yr",95.2730361495822,102.586679017906,109.655351558695,117.762960707543,124.215439181455,130.038933018425,134.538080213767,140.314552721577,144.488616998093,147.50938835854,150.107080859098,152.791224649839,156.974822559859,162.534547754887,168.705490812406,170.109121941735
"IIASA GDP 2023","SSP2","Sweden","GDP|PPP","billion USD_2017/yr",602.202401795705,653.056426515929,701.38764728675,750.711424609615,801.497469198162,852.674115037241,909.170245615068,984.137052651011,1062.58256121664,1133.97293557235,1202.91931256301,1273.1119480737,1342.15945115506,1408.14230587576,1468.15793691968,1471.90728879823
"IIASA GDP 2023","SSP2","Eswatini","GDP|PPP","billion USD_2017/yr",11.4725858852963,12.4396317670543,13.5493731453619,14.960482498879,16.5506861994647,18.230181262801,20.0687416486714,22.1919746600876,24.6161627321185,27.270609976623,30.1465330733324,33.2711902963489,36.5990591716552,40.0750768500129,43.6299249668391,45.5944488799604
"IIASA GDP 2023","SSP2","Seychelles","GDP|PPP","billion USD_2017/yr",3.48167946696396,3.84949237406602,4.24609453412256,4.65695489497225,5.04899870714214,5.42057048344047,5.73741279607373,6.0462458677406,6.34635223128716,6.61764974224246,6.84690810501765,7.05319635352846,7.23660921809194,7.40195164612136,7.53849581206394,7.40845735897879
"IIASA GDP 2023","SSP2","Syria","GDP|PPP","billion USD_2017/yr",135.39350859375,158.813325367914,187.549791446215,229.627290411805,279.137492168243,334.915134342035,395.301385214802,462.666626433434,535.808750727063,615.439333189331,705.421631457984,806.873064294547,917.032095191699,1019.26390673553,1116.0821783326,1176.27980952632
"IIASA GDP 2023","SSP2","Chad","GDP|PPP","billion USD_2017/yr",28.0191824350029,37.7245437943219,50.15889082096,64.8641297466801,82.2000356814036,103.167311434563,127.932167936391,156.946630720775,190.738125756151,230.078026045676,275.616050205061,327.736333569646,386.711775927164,451.996103055501,523.212921571899,577.784878293574
"IIASA GDP 2023","SSP2","Togo","GDP|PPP","billion USD_2017/yr",22.7330731652276,29.9028904514883,38.769282449887,49.2983356316498,61.9813431177168,76.9185606485382,93.6425209475559,112.334166457986,133.006928217212,155.819338909702,180.183922264176,205.979353860398,233.037956762069,260.829963414578,289.565884727396,308.167296201162
"IIASA GDP 2023","SSP2","Thailand","GDP|PPP","billion USD_2017/yr",1388.75139405796,1553.13331458521,1732.41287786448,1961.44882391564,2196.35734181003,2415.08027585684,2585.16973783184,2746.30802244203,2872.15452283982,2977.37523894553,3051.76306842657,3098.95475706472,3127.71412441776,3132.74405099673,3122.44120009112,3011.83099520102
"IIASA GDP 2023","SSP2","Tajikistan","GDP|PPP","billion USD_2017/yr",46.9848557668437,55.9983909902524,66.0463174765332,80.6872914665503,94.9250466299049,110.333819308696,125.196702757656,147.194714269259,171.432437046009,196.822813181291,222.658922498344,248.625782220683,275.56447725011,303.693139865963,332.976086261777,351.816110040634
"IIASA GDP 2023","SSP2","Turkmenistan","GDP|PPP","billion USD_2017/yr",108.025968709838,114.147970600874,120.700001501291,127.290308509344,134.805202994346,144.081559943194,154.402533478128,164.317273007914,173.827528401617,182.372323001869,190.21602632725,197.593974743464,204.829667274501,212.225882461987,219.16723835682,218.245489362255
"IIASA GDP 2023","SSP2","Timor-Leste","GDP|PPP","billion USD_2017/yr",4.1876005699281,5.87360741329097,8.10877484622439,10.80779413796,14.01800633867,17.5414098978167,21.2871854743312,25.1664501355222,29.2322273439554,33.3942731044194,37.6365166846721,41.8532821319362,45.8790678162656,49.5983018589899,52.9791000950853,54.2344920309787
"IIASA GDP 2023","SSP2","Tonga","GDP|PPP","billion USD_2017/yr",0.612315349051986,0.70565388054878,0.810915040494513,0.916144598215666,1.02398832973546,1.12425991245188,1.22189468199684,1.30777922057293,1.39232821961408,1.47615419605613,1.56498154667075,1.66085252684587,1.76373655242678,1.87118510034444,1.98169524576762,2.03388939167718
"IIASA GDP 2023","SSP2","Trinidad and Tobago","GDP|PPP","billion USD_2017/yr",39.0624957226148,42.8809256819018,47.681677875791,51.9872844678037,54.7814250757965,56.4588749946926,59.3317780258361,63.8821101298616,67.247322401927,69.5498832786906,71.2472611322437,72.657913588644,74.084068273736,75.860367789865,78.6652877790319,79.9467369985472
"IIASA GDP 2023","SSP2","Tunisia","GDP|PPP","billion USD_2017/yr",138.067684081033,170.304267943372,209.163237287415,248.639549545834,292.682378799245,345.210953902666,416.551139604134,476.932320310648,530.199447546386,571.834059606472,604.455935956485,632.211552364361,659.674205667528,685.995049470685,708.378833782363,705.167938060157
"IIASA GDP 2023","SSP2","Turkey","GDP|PPP","billion USD_2017/yr",3109.770705833,3516.18434628731,3981.10142725127,4392.77405890859,4826.66610560154,5232.46031062344,5720.2961218468,6175.81190514499,6537.61252726292,6808.00345013515,6980.64995025751,7106.00021493672,7199.17628668334,7337.60577610325,7513.43466974096,7482.02090968339
"IIASA GDP 2023","SSP2","Taiwan","GDP|PPP","billion USD_2017/yr",1463.0162317423,1574.59723058094,1702.87605088378,1760.60913614506,1787.63500995098,1803.3559476422,1841.05488755228,1886.30765359672,1924.93883765444,1929.84278017846,1926.80482165555,1926.68877166262,1921.37502450159,1915.28945835019,1914.52532781812,1859.40303567299
"IIASA GDP 2023","SSP2","Tanzania","GDP|PPP","billion USD_2017/yr",210.166250146719,285.767982442306,385.233221482712,509.907801156531,664.034567556898,853.945094105135,1085.17371033766,1358.07877565634,1666.29315658913,2011.56330262475,2392.74995082615,2802.88087563901,3234.78988004223,3690.63910662373,4160.98148113147,4475.13239175799
"IIASA GDP 2023","SSP2","Uganda","GDP|PPP","billion USD_2017/yr",134.64958420613,189.915131949523,264.055680010425,358.925749574472,480.339961922318,633.872162585571,823.393074468858,1052.16202083053,1325.86139585463,1645.50066590931,2012.34740634218,2418.87507904991,2855.42465870143,3310.39218881261,3778.2568291385,4092.4012767978
"IIASA GDP 2023","SSP2","Ukraine","GDP|PPP","billion USD_2017/yr",398.503477286996,445.734400798926,485.360869787845,515.514075691682,538.566010854553,563.25799724395,595.110788130128,623.171639052935,649.575812334362,669.60796770104,688.398731760042,709.730283155611,732.436700378543,755.242395081263,775.20873458194,766.805326881694
"IIASA GDP 2023","SSP2","Uruguay","GDP|PPP","billion USD_2017/yr",88.2714053305311,92.1432071398655,96.2920932453828,100.344025382591,104.892476927732,110.052937841454,115.070222465961,119.94142518824,124.556635088437,129.204135864394,133.317685450567,136.973312995926,140.351049008061,143.628428179335,145.711867547897,143.639528311806
"IIASA GDP 2023","SSP2","United States","GDP|PPP","billion USD_2017/yr",22529.2095665784,23824.2854022813,25185.9034758823,26629.5609360722,28255.1642077057,30100.3150950671,31933.5198662766,33940.7006098237,36006.1573644108,38007.2137461455,40017.6032241162,42105.0216433808,44167.8829322395,46171.8815596695,48015.2238393873,48064.7662097368
"IIASA GDP 2023","SSP2","Uzbekistan","GDP|PPP","billion USD_2017/yr",337.097835168504,383.944669399716,432.700320463591,490.429708603864,541.007263743727,591.626412722601,640.270559563757,698.004923018124,758.392061535969,816.286679942164,872.406056938417,925.519153177137,976.501235862152,1026.77504272146,1077.47157132011,1092.1929758328
"IIASA GDP 2023","SSP2","Saint Vincent and the Grenadines","GDP|PPP","billion USD_2017/yr",1.75767255636222,1.92651885870239,2.10532009874849,2.2888533769941,2.47654004547692,2.66880020740302,2.86418442799544,3.04319917223694,3.23356334069563,3.42449653604392,3.61302024010198,3.79663958190573,3.99556863341369,4.19699435306501,4.39564279003438,4.45800563403448
"IIASA GDP 2023","SSP2","Venezuela","GDP|PPP","billion USD_2017/yr",181.623203006816,214.3113961326,254.560008850206,302.009475184783,357.726271219472,417.195414057775,481.717035797156,549.989003514877,618.447143273786,686.155069165067,754.301572177131,826.569857910855,903.60436996085,980.678884131178,1052.61803812878,1091.32198064673
"IIASA GDP 2023","SSP2","Viet Nam","GDP|PPP","billion USD_2017/yr",1350.0294860482,1565.25291499752,1813.74670435199,2087.36579676798,2401.71001358441,2772.04054574959,3183.47542142719,3619.12401018191,4074.77935272596,4505.86520045752,4883.95525521776,5220.24507726929,5532.68943398437,5851.9401614546,6146.68810073771,6257.28737226065
"IIASA GDP 2023","SSP2","Vanuatu","GDP|PPP","billion USD_2017/yr",0.879309531432609,1.11930979195464,1.40398488456065,1.72893736565054,2.09774205955317,2.49887956305303,2.93380114780206,3.41305371634268,3.94981140712109,4.52330769405212,5.12674778061391,5.75778568573498,6.4383586469627,7.17173737706214,7.96158062187307,8.5220018836492
"IIASA GDP 2023","SSP2","Samoa","GDP|PPP","billion USD_2017/yr",1.11882767811139,1.38048313518246,1.67225128522393,1.9759125527415,2.30066794818592,2.67754078076916,3.07240660186783,3.45038005884063,3.81054822264486,4.1609783854757,4.52263614898588,4.90397941218566,5.31340007803522,5.76547394881713,6.25312737916243,6.56286657876429
"IIASA GDP 2023","SSP2","Yemen","GDP|PPP","billion USD_2017/yr",61.9475697269741,77.3328104308922,101.628265307008,127.06402429551,154.17353514462,197.820343599739,254.738470031968,325.612563320099,411.536026393623,519.578555272357,653.267120159819,805.022638707511,975.683157513918,1162.73111009068,1357.9895404222,1506.42344646525
"IIASA GDP 2023","SSP2","South Africa","GDP|PPP","billion USD_2017/yr",835.494537499221,942.959938209955,1056.61575881687,1173.52511564965,1299.50262646935,1409.07842317503,1517.33529692283,1630.89561386673,1763.24758596242,1894.69893564538,2012.86753706851,2124.26616892659,2232.19342378428,2338.07925258405,2438.16179422402,2441.64667389736
"IIASA GDP 2023","SSP2","Zambia","GDP|PPP","billion USD_2017/yr",73.7984637411846,94.2557229905667,119.1874481348,149.177817477376,186.279994686069,230.05334223461,281.019777167303,339.203848888639,405.300670844325,478.414549330614,557.691209499028,642.069312442731,731.127115328183,823.308799436181,917.010182231492,973.416386925154
"IIASA GDP 2023","SSP2","Zimbabwe","GDP|PPP","billion USD_2017/yr",36.5137679630562,49.619396673209,65.4464533338529,82.1927166844383,99.7971241541623,118.267549652088,137.71222774594,157.408245786771,177.92852540151,199.563327051902,223.059118291101,248.175298512958,275.232777875833,304.47582608062,335.094313871387,353.964702400815
"IIASA GDP 2023","SSP3","Aruba","GDP|PPP","billion USD_2017/yr",4.55177125809898,5.05208384025505,5.5504274935699,5.97338608892888,6.3458276747837,6.65408857815573,7.01907454613483,7.3784868599331,7.72311812240265,8.04180895538014,8.37472832062351,8.71922968596348,9.0728552148869,9.45106058658143,9.84538853379397,9.78709264535395
"IIASA GDP 2023","SSP3","Afghanistan","GDP|PPP","billion USD_2017/yr",38.776222554997,51.0584816179671,65.6820054741639,81.168692478285,97.4021194400389,113.887275852861,130.865012815587,147.528855713886,163.571172518766,178.579813685769,192.475495321231,205.211854910109,217.1328905427,228.476452346715,239.029192464183,233.594635540432
"IIASA GDP 2023","SSP3","Angola","GDP|PPP","billion USD_2017/yr",233.488317667248,265.127889861514,301.016472019458,342.657949174068,387.933663943549,436.332829626,488.857321785051,543.452317274265,597.809075961401,650.640513388386,701.192583410939,748.346466556038,791.545465572107,832.646203452895,870.841200776925,849.446221402921
"IIASA GDP 2023","SSP3","Albania","GDP|PPP","billion USD_2017/yr",47.4110750626342,50.2357547179791,53.1521224634334,57.1321586159082,58.9050354412448,59.3753504240225,59.8593570480546,60.8765691626334,62.3981652317323,62.8396159501255,62.8133110324466,62.5219842847876,62.2584788381689,62.100464770579,62.2391662791409,59.9931978152861
"IIASA GDP 2023","SSP3","United Arab Emirates","GDP|PPP","billion USD_2017/yr",784.698183913743,984.524686329729,1209.90301658581,1401.83328231689,1564.54679209402,1684.81803934173,1807.46469315401,1907.1261263163,1986.52639656021,2015.5709427492,1999.18981292332,1962.97386461017,1932.0301345982,1918.34547608102,1919.79494407879,1856.12314365654
"IIASA GDP 2023","SSP3","Argentina","GDP|PPP","billion USD_2017/yr",1081.92765621917,1168.80083991706,1257.97646812164,1345.98061594338,1437.20918422759,1526.78658150553,1615.08510758464,1696.59297648174,1771.30092099386,1832.86419665612,1881.04977998342,1924.97518770596,1969.85882808742,2018.26159387879,2065.55560308118,2009.76556985073
"IIASA GDP 2023","SSP3","Armenia","GDP|PPP","billion USD_2017/yr",51.6853896320902,52.4264897424903,53.3960620201333,54.8683023629801,55.8421086082377,56.5954766211381,57.4209443653806,58.0599663855493,58.6693978144247,59.039077051771,59.3977886265423,59.8339889964065,60.5756506944,61.5996125183013,62.8497305469271,60.9698072935318
"IIASA GDP 2023","SSP3","Antigua and Barbuda","GDP|PPP","billion USD_2017/yr",2.194934952628,2.43428705763936,2.66838736798215,2.93493947570219,3.19096598358306,3.406830489382,3.56166675093025,3.68132158822316,3.77071966046233,3.82817960506365,3.87006703483077,3.90445983846745,3.933164721978,3.95929496775878,3.982116408041,3.81814552106723
"IIASA GDP 2023","SSP3","Australia","GDP|PPP","billion USD_2017/yr",1455.10647846814,1560.78547965449,1665.93273323949,1765.06406217628,1871.30631409545,1963.10745232803,2057.43337207432,2151.76804184584,2248.69015202743,2338.40772405473,2423.70786890713,2508.85146310732,2594.52509269434,2683.51172722046,2774.90441262699,2735.96386278701
"IIASA GDP 2023","SSP3","Austria","GDP|PPP","billion USD_2017/yr",528.959839653004,550.825306123627,572.654868191816,596.866665003349,609.404865041505,619.120881785697,625.375042223862,639.154717120241,652.739022386122,665.982339950928,678.022645161864,688.846023949088,699.011767149206,709.933625411972,721.885476007597,703.334939035199
"IIASA GDP 2023","SSP3","Azerbaijan","GDP|PPP","billion USD_2017/yr",165.984342600039,171.040842829699,174.527395826723,180.459855553447,188.127632964401,194.031227713444,198.319929074637,201.223433392697,204.27773075745,206.408946307793,207.217799270018,207.425278218645,208.157678713679,209.661396056546,211.368703258518,202.19117440232
"IIASA GDP 2023","SSP3","Burundi","GDP|PPP","billion USD_2017/yr",10.5909606924959,15.6001208713328,22.0328432524425,29.0655948036659,36.3869899088997,43.5258257469852,50.4195191681759,56.9106661021327,62.9785228045727,68.302724567105,72.8429197614402,76.7171665081087,80.1989010865113,83.3942399758144,86.2030254398166,83.167243362427
"IIASA GDP 2023","SSP3","Belgium","GDP|PPP","billion USD_2017/yr",639.292101029425,682.36018972142,721.770487164318,761.909519070526,793.973372223,819.814942080221,838.669842359142,861.85127453299,884.971456042263,907.130422884513,929.928577395506,954.655641183538,980.9557191215,1009.05910809253,1037.91293358137,1015.83301215936
"IIASA GDP 2023","SSP3","Benin","GDP|PPP","billion USD_2017/yr",54.5182165627528,69.1218165337131,86.2193844799838,104.459064814746,124.208543517972,144.687297928707,165.507716879623,186.246174312468,206.526894827504,226.066420076402,244.135973335792,261.004083552959,276.306880807181,290.703070538281,304.155648721053,297.312032828183
"IIASA GDP 2023","SSP3","Burkina Faso","GDP|PPP","billion USD_2017/yr",58.2860616531115,73.998319935539,91.5903587632283,109.332686229154,126.453755608334,142.59632215109,158.426870131559,173.774745126782,188.471387930451,201.966379115627,214.334565285589,225.563659733473,235.707945679641,245.111268833659,253.699646367073,244.897140160664
"IIASA GDP 2023","SSP3","Bangladesh","GDP|PPP","billion USD_2017/yr",1377.56960395801,1517.87530253826,1662.19747379114,1800.5119224564,1924.81716291317,2025.15876841412,2114.01729678782,2200.08415793123,2274.04081065629,2325.12567942942,2353.04115924553,2365.17587159156,2364.17300145487,2355.33122415516,2345.13465685514,2227.1059208045
"IIASA GDP 2023","SSP3","Bulgaria","GDP|PPP","billion USD_2017/yr",187.8609134527,187.220170314808,187.199121326072,186.10653235849,183.770089248245,180.770177743169,178.397592846225,176.281648113868,174.662113963148,173.020429965871,171.678613809359,171.091172387291,171.454690414693,172.717876970338,174.375451793265,168.012228253149
"IIASA GDP 2023","SSP3","Bahrain","GDP|PPP","billion USD_2017/yr",83.6479249918645,89.2154755447375,95.7923486182069,104.088176218726,107.867293212388,112.249781069795,116.251035495693,123.352474575961,127.751734812269,129.386299276564,129.21270769302,128.509875785451,128.11697102562,128.369206630643,128.801905932039,123.180107160729
"IIASA GDP 2023","SSP3","Bahamas","GDP|PPP","billion USD_2017/yr",14.7539251891303,16.0142214085647,17.1358168110654,17.9008308121712,18.58530369595,19.3324977263211,19.9425434749542,20.2951190707989,20.5219777771704,20.6759120379346,20.8029171825054,20.9308264311712,21.0541710753013,21.1668332673824,21.2775759933444,20.4380712047138
"IIASA GDP 2023","SSP3","Bosnia and Herzegovina","GDP|PPP","billion USD_2017/yr",58.7695322050768,62.4591498542856,66.4436608811637,69.9959475080981,71.8275370502853,72.5634877681748,73.503915665428,73.909247620065,73.8339104146544,73.3017801080227,72.6569681168765,72.0973528630618,71.7842556398103,71.7170405412214,71.8478461850257,69.0236940342386
"IIASA GDP 2023","SSP3","Belarus","GDP|PPP","billion USD_2017/yr",181.010312153658,192.060975681474,201.599614922273,204.531097559682,208.0052752375,210.641648227933,214.73230756211,216.903248409262,216.630532133051,215.488548395478,215.085897645053,215.64231532265,217.01504905367,218.802737742129,220.470623146517,211.322240067494
"IIASA GDP 2023","SSP3","Belize","GDP|PPP","billion USD_2017/yr",4.18457132618583,5.61540763904381,7.25845723905962,8.80635099378616,10.2018407079625,11.3908197855305,12.4841595493323,13.4864968930811,14.3864152201063,15.1171951908544,15.720419833121,16.2354419781222,16.6909816260067,17.1108784316053,17.5176386446281,17.0349447478377
"IIASA GDP 2023","SSP3","Bolivia","GDP|PPP","billion USD_2017/yr",106.314083359068,127.80354449013,150.633887864766,173.222479445178,194.458669603111,213.412182913115,230.772032356724,246.924932588177,261.878416778695,274.25118467045,284.871936144879,294.110801622469,302.536384827291,310.487457403048,317.975746651323,307.480787990477
"IIASA GDP 2023","SSP3","Brazil","GDP|PPP","billion USD_2017/yr",3392.20226731634,3640.21379271288,3895.41057492312,4173.01792504379,4450.56018981312,4719.03067741344,4954.50894100238,5172.97744435125,5345.3206293985,5470.19086104725,5551.5480181782,5612.79039173542,5667.57301414855,5728.96407517125,5794.00632746577,5601.05546314525
"IIASA GDP 2023","SSP3","Barbados","GDP|PPP","billion USD_2017/yr",4.76360632680045,5.09149864000654,5.44123721846321,5.8522243722243,6.26894985151726,6.60261882839958,6.83506145141047,7.00811416666685,7.14319311688394,7.23464582404702,7.31823132865025,7.39960799505093,7.48265496591675,7.56904201555698,7.66020911140893,7.38942635526913
"IIASA GDP 2023","SSP3","Brunei Darussalam","GDP|PPP","billion USD_2017/yr",29.0655958852504,31.5554681281702,34.093603631412,36.5516864052907,38.9868021074854,41.3672577428702,43.8469723689209,46.1853408024103,48.3484305402365,50.1294399441675,51.6892543283561,53.0498013692547,54.3918142025889,55.756488422211,57.1090354781874,55.683223690341
"IIASA GDP 2023","SSP3","Bhutan","GDP|PPP","billion USD_2017/yr",9.66589411185819,10.595876220025,11.6136163790154,12.5908940003966,13.5462506845824,14.4060663627404,15.2946876001013,16.0517348994826,16.6887284974047,17.0043597589375,17.0318648006758,16.8951289598016,16.720341994159,16.5358731810877,16.3633677762902,15.5124254090934
"IIASA GDP 2023","SSP3","Botswana","GDP|PPP","billion USD_2017/yr",46.1822203881881,54.5050824692942,62.7730818333251,69.9035737735438,76.4455004291964,83.3186993281073,89.5760084307475,94.7238866531697,99.0792898883501,102.471995419007,105.110276090766,107.148985475938,108.726030246981,110.094442065585,111.195641836348,105.233222458894
"IIASA GDP 2023","SSP3","Central African Republic","GDP|PPP","billion USD_2017/yr",5.0676651179145,7.25044874203989,10.0439242494624,13.1605976853147,16.4851366643537,19.9089529562299,23.3928699604048,26.7940280261503,30.098426146976,33.2303653108068,36.2551695028963,39.173051374322,41.9192237278868,44.4787664586623,46.8601617824236,45.8194439381687
"IIASA GDP 2023","SSP3","Canada","GDP|PPP","billion USD_2017/yr",2019.170471196,2120.99511115289,2191.03233309695,2261.42298309129,2309.80468194832,2395.70478313146,2447.31163455264,2501.15677270481,2549.34896994928,2583.37719379684,2627.90324778261,2678.05627236443,2727.21266017392,2775.86496044646,2828.12854418371,2755.75370583676
"IIASA GDP 2023","SSP3","Switzerland","GDP|PPP","billion USD_2017/yr",650.854584532633,695.238993113672,740.583111960998,782.967655991513,827.816412526823,870.166844754677,912.804223551567,955.021956126596,996.098363388011,1029.61876578256,1058.28507904733,1085.44332187997,1112.53464796689,1141.81611975938,1172.81872295542,1149.75553611516
"IIASA GDP 2023","SSP3","Chile","GDP|PPP","billion USD_2017/yr",505.883156545841,566.216156120325,622.948971940902,670.769697405847,716.650077011587,753.294771720637,776.92284738817,786.859300084701,791.105218953688,791.098133609488,786.609430569197,780.625550639054,774.775165050278,769.938985725387,765.582975014948,731.396679952029
"IIASA GDP 2023","SSP3","China","GDP|PPP","billion USD_2017/yr",22283.426,23666.5172279199,25010.89184957,26458.6143069454,28321.2801493969,29564.0034267779,30203.2125644147,30780.4299601903,30916.4814818457,30492.863865217,29573.101529283,28538.3886404786,27639.6526990522,27030.047914163,26480.107039842,24812.6597305254
"IIASA GDP 2023","SSP3","C?te d'Ivoire","GDP|PPP","billion USD_2017/yr",188.857810972143,222.784078275621,261.739258231052,303.94447526307,348.979186968422,394.623969427787,440.388945961691,484.609388942852,526.819935043924,565.33988539087,599.633068900336,630.918209548012,660.625974027419,688.932294711715,715.804348635358,696.12466520703
"IIASA GDP 2023","SSP3","Cameroon","GDP|PPP","billion USD_2017/yr",118.784401667742,160.324172740244,211.076497232275,266.748281122283,324.809091833705,382.453331966104,439.353866874833,493.910427385921,544.824528218268,589.460789690394,628.010298663469,660.799064515216,689.191622859481,714.813841979382,738.76585637416,712.116412098537
"IIASA GDP 2023","SSP3","Democratic Republic of the Congo","GDP|PPP","billion USD_2017/yr",136.66455079956,203.435893957896,293.77645056033,402.34495165164,525.941196987442,661.454720922259,808.0392007654,960.977837726728,1118.31267841237,1276.8357654666,1435.37692324026,1590.99633523873,1740.64341504619,1884.18751906087,2019.74365906665,2011.18080124122
"IIASA GDP 2023","SSP3","Congo","GDP|PPP","billion USD_2017/yr",22.9554304483698,26.8312530818867,31.0151430591332,35.529880787554,40.2114624993093,44.9741874640514,49.865144257604,54.8258374464451,59.8415191495723,64.423021625122,68.6081961750876,72.5570432123089,76.4121587728042,80.1408598889244,83.7025216097182,81.8903793040784
"IIASA GDP 2023","SSP3","Colombia","GDP|PPP","billion USD_2017/yr",868.618228589418,1021.68216729839,1180.88109114092,1328.35008892104,1462.25005463186,1569.91165926928,1669.52572511653,1755.27834771513,1831.01957406821,1885.92403239533,1925.09114141611,1954.9046142559,1981.44359695725,2009.54497948103,2039.58177540668,1976.08433390668
"IIASA GDP 2023","SSP3","Comoros","GDP|PPP","billion USD_2017/yr",3.01945633146699,4.16866875552724,5.558174601266,7.02794461223667,8.5499545070424,10.0479390267894,11.4737488342184,12.802831396819,14.0174382714019,15.1062391105717,16.0498684927427,16.9027274213166,17.6919119631239,18.4644676574876,19.2095243986604,18.7375981169667
"IIASA GDP 2023","SSP3","Cabo Verde","GDP|PPP","billion USD_2017/yr",5.04697165351149,5.7920272750033,6.58139510504919,7.42079910070986,8.27300384975476,9.13537577282253,9.91457900009489,10.6362234614995,11.3088422175928,11.8796856260967,12.2886550315043,12.5896896320854,12.8329942422541,13.0594223471803,13.2935343770224,12.8981871490338
"IIASA GDP 2023","SSP3","Costa Rica","GDP|PPP","billion USD_2017/yr",121.175875529843,131.600467107577,142.633526226493,153.733715070209,164.966596637079,174.590332329996,183.737367496865,192.044951826031,198.797922421997,203.449285289681,205.964346666156,207.538914334735,208.862885779739,210.440859268587,212.054577924073,204.506384823426
"IIASA GDP 2023","SSP3","Cyprus","GDP|PPP","billion USD_2017/yr",43.0416234629113,49.6278133286922,55.605801512584,59.6685374729262,62.9127355797281,65.3131239974908,67.699952939514,69.5184318138859,70.5833401513907,70.6558219993796,70.5930328016298,70.6577817348388,70.8614112610301,71.2635502870479,71.7307204693925,69.1714247521339
"IIASA GDP 2023","SSP3","Czechia","GDP|PPP","billion USD_2017/yr",462.081129318046,467.282109699094,474.122816461227,487.00922450911,494.389184878976,502.704952198857,510.094604343583,521.049364570446,527.994644781289,531.590902557883,534.800875150755,539.6906530622,547.200283473812,557.222586452216,568.408490017044,552.494827102942
"IIASA GDP 2023","SSP3","Germany","GDP|PPP","billion USD_2017/yr",4667.03275848271,4725.47780045985,4790.26030495197,4907.15152279778,4935.00653609736,4959.48127232216,4957.09778278363,5060.84037591729,5120.35359178646,5173.84736195069,5219.01261522299,5258.48705464239,5306.74436479627,5373.05338058776,5456.43705902055,5316.80644805866
"IIASA GDP 2023","SSP3","Djibouti","GDP|PPP","billion USD_2017/yr",6.4756236837176,7.63935471217137,8.82145835791388,9.85159485160577,10.7255011908945,11.4678709438781,12.1032079580476,12.633013878049,13.0654692714135,13.4281147542067,13.7407138503081,14.0204629743055,14.2786860724347,14.5134742933864,14.7251989260466,14.0801130253951
"IIASA GDP 2023","SSP3","Denmark","GDP|PPP","billion USD_2017/yr",361.315657463635,370.499337251993,380.419405815471,390.5567630841,400.216219590229,416.645213610745,434.655833381216,448.043201566098,460.27285530731,471.759979433076,483.902348747955,496.63315973167,509.329433039258,522.879578415633,537.6666341823,524.721809848403
"IIASA GDP 2023","SSP3","Dominican Republic","GDP|PPP","billion USD_2017/yr",249.716185034686,282.582332715687,315.484869463857,346.165163554036,376.92734941036,405.475972592166,431.518269040443,453.41929641181,474.729013526777,492.339302213609,506.565229075634,518.395391634372,529.874029360191,541.832461928895,553.552228471603,536.975569705254
"IIASA GDP 2023","SSP3","Algeria","GDP|PPP","billion USD_2017/yr",530.710596835812,668.877610724787,831.043177558676,1002.28072944208,1177.09922118886,1334.47548014075,1490.61617706477,1636.56005636487,1774.07897491009,1885.17345379384,1979.60882613872,2064.08765346134,2148.82713072208,2237.12340314117,2324.1744692182,2289.14619633836
"IIASA GDP 2023","SSP3","Ecuador","GDP|PPP","billion USD_2017/yr",212.656797266798,252.115280520068,291.462132999285,327.661356220659,359.061321289051,386.632643859297,413.312026715901,437.507331700894,459.421018800318,475.553506494813,488.241319042374,498.38434680492,507.861305894567,516.342894200911,524.737810892499,507.368762623526
"IIASA GDP 2023","SSP3","Egypt","GDP|PPP","billion USD_2017/yr",1630.49694392023,1871.35310801441,2143.63656379473,2437.21158410948,2756.52397954323,3095.20363618034,3438.56627318257,3745.95471377817,4035.37920225382,4310.11047187942,4568.40679789069,4799.42204259925,5030.40079523083,5267.16208229455,5494.63709159464,5420.87966223545
"IIASA GDP 2023","SSP3","Eritrea","GDP|PPP","billion USD_2017/yr",7.04021233485556,8.83185939121281,10.8122544720645,12.7175119512546,14.4680352324441,16.0891114594641,17.5527387519558,18.8684785255104,20.0023313646915,20.94468692561,21.7770460562642,22.5715803895047,23.3194976881263,24.0135561853776,24.6543679403727,23.7587187870916
"IIASA GDP 2023","SSP3","Spain","GDP|PPP","billion USD_2017/yr",2006.039814467,2122.36292967664,2235.66685678317,2352.53713502208,2439.72998316376,2491.05396249864,2525.98791323783,2561.01880635891,2574.24809410181,2557.19002875163,2548.89781136661,2568.93232528837,2607.1807738275,2652.92915883666,2690.21815299654,2603.75625060738
"IIASA GDP 2023","SSP3","Estonia","GDP|PPP","billion USD_2017/yr",53.8606681973858,52.9043091868481,51.4370290028621,51.1286841529875,50.5526874669617,50.3227704049237,50.1369719958931,50.4387062693599,50.3921962645123,50.3209328023617,50.3528375710102,50.6226102808008,51.0844974172905,51.6751538705407,52.2799844942496,50.3633006545839
"IIASA GDP 2023","SSP3","Ethiopia","GDP|PPP","billion USD_2017/yr",364.128455195493,438.655633263405,516.197255501389,590.34628108368,661.655903706018,730.213827453117,796.74213519742,858.301221013006,913.340789225989,960.670105319156,1002.97357311988,1042.30721215944,1077.80202231426,1109.13698893575,1135.04620802264,1086.91157270968
"IIASA GDP 2023","SSP3","Finland","GDP|PPP","billion USD_2017/yr",282.872594522071,307.343889436408,329.928097392691,343.909508102279,353.428578451523,360.708858053841,367.726901371836,374.474003676725,380.502879001129,385.671497313842,392.314599452724,401.188763114451,411.365057474499,423.238461191356,436.054070785078,426.426141674866
"IIASA GDP 2023","SSP3","Fiji","GDP|PPP","billion USD_2017/yr",12.9135270098024,15.0684760241064,17.3317252106194,19.3965667271766,21.1823768648271,22.6758821397072,23.9592524910652,24.9974500020132,25.9015159702861,26.703861832302,27.3960144796062,28.0553388622917,28.7316115303174,29.4785612137465,30.2861026156586,29.5128995554979
"IIASA GDP 2023","SSP3","France","GDP|PPP","billion USD_2017/yr",3259.59509244807,3574.83635291751,3868.32265680929,4136.29970347596,4389.64483198587,4628.32564132423,4871.42939524061,5097.01537465049,5319.90445964386,5526.29876440613,5743.80407847663,5972.37544262783,6215.73231164929,6469.9923893753,6730.69310889115,6644.07658522995
"IIASA GDP 2023","SSP3","Micronesia","GDP|PPP","billion USD_2017/yr",0.351408271704047,0.389929408266923,0.426463021374979,0.462930878685128,0.494834275180686,0.522286580620109,0.544382508286442,0.565022226435179,0.584733564477361,0.603520176892544,0.621954278525252,0.6411183316208,0.660815594745847,0.68171621054528,0.703302137660017,0.688043484233207
"IIASA GDP 2023","SSP3","Gabon","GDP|PPP","billion USD_2017/yr",36.3754111664013,41.2808880142601,46.6110506998457,52.1726344907005,57.9179007071974,63.6558780958371,69.2903830717054,74.6389329200016,79.7216041365236,84.5848386490763,89.2029122234768,93.5458546130646,97.7533846848744,101.965479974924,106.121242653835,103.81650663523
"IIASA GDP 2023","SSP3","United Kingdom","GDP|PPP","billion USD_2017/yr",3236.79899188594,3385.75126149599,3514.78900088261,3653.78829836914,3823.07133007957,3953.27425570178,4073.04983300248,4176.45206191443,4277.92959074941,4366.61845473459,4474.82401275934,4597.69180627753,4724.60458480499,4856.96633539269,4989.33575486914,4860.23367492356
"IIASA GDP 2023","SSP3","Georgia","GDP|PPP","billion USD_2017/yr",72.6148718589055,69.7233340791822,66.3888269292023,63.6611342644242,62.2554073580608,61.8169659434249,61.2984282830294,59.9323887124048,58.502198603471,57.6306859440661,57.3044663903706,57.2808670970564,57.4585864225399,57.7554973260101,58.1558406229559,55.938009600461
"IIASA GDP 2023","SSP3","Ghana","GDP|PPP","billion USD_2017/yr",202.044150839662,225.834384510334,248.955373988854,280.862961327948,318.246367740135,359.642540487285,405.50919022961,455.44728188297,509.550154193141,565.892342753622,624.455622064654,685.513521880616,750.345425113466,819.573207148236,892.049593541901,914.095289720437
"IIASA GDP 2023","SSP3","Guinea","GDP|PPP","billion USD_2017/yr",44.1092445420644,63.8483852439012,89.1428032550962,116.791653539789,145.297679089861,172.944445029624,199.016407389412,222.353199918784,242.88198914534,260.29231955537,274.9126990617,286.751291499584,296.97401463424,306.179283128694,314.5527377859,302.10771745279
"IIASA GDP 2023","SSP3","Gambia","GDP|PPP","billion USD_2017/yr",6.79833402901597,8.98568102484712,11.557713322692,14.2766414349927,17.1350238909917,20.0513658484058,22.9052679144084,25.6722391147209,28.345929339867,30.8723688857845,33.1724019213573,35.3737805615354,37.5371422221267,39.6819461113228,41.7659163902198,41.3126798553085
"IIASA GDP 2023","SSP3","Guinea-Bissau","GDP|PPP","billion USD_2017/yr",5.35080159759508,6.53358866433817,7.78497346189701,8.96937556741259,10.0416204840672,11.0209402074784,11.9220039939391,12.7280338996601,13.4460130875519,14.0586095131771,14.6003709001801,15.0891452348112,15.5341294860747,15.9343527717664,16.2797440936064,15.6207990697795
"IIASA GDP 2023","SSP3","Equatorial Guinea","GDP|PPP","billion USD_2017/yr",19.5757421653159,20.3795939102165,20.6372236709999,21.8505033997051,23.5554650775036,25.6380978965614,27.9702093093299,30.6700734715103,33.4648823616788,36.1348396193716,38.5348395195945,40.8029778608566,42.9730229581631,45.0085743964455,46.8477103580608,45.6606445048259
"IIASA GDP 2023","SSP3","Greece","GDP|PPP","billion USD_2017/yr",351.053029717688,387.214398469954,418.761331577662,443.812704751157,464.083279567946,478.896674076595,489.801688979303,493.983070327726,495.069477425613,494.075193209453,495.130665692382,499.483528449952,505.831675367937,512.917726015124,519.194547769348,503.195242496676
"IIASA GDP 2023","SSP3","Grenada","GDP|PPP","billion USD_2017/yr",2.02204801641706,2.2353575351204,2.45203692378348,2.69934451607784,2.93012657816684,3.12475851558971,3.28349850376634,3.43152881544084,3.56836805698843,3.68200003752864,3.77938590497313,3.87104251285566,3.96632980868127,4.07151010366827,4.19191050225195,4.10930238230331
"IIASA GDP 2023","SSP3","Guatemala","GDP|PPP","billion USD_2017/yr",176.127286998994,197.251000487091,220.101169055697,242.73032337176,265.181227398589,286.771248443116,308.445477638175,328.437620783431,346.859931456847,363.615664004669,379.38113228175,394.443644296905,408.575043965501,422.106807826027,434.823083797232,424.462461599258
"IIASA GDP 2023","SSP3","Hong Kong","GDP|PPP","billion USD_2017/yr",471.694224170903,504.434718045039,541.684088051929,564.714930632514,596.926442682305,629.04143657502,660.107780195631,687.136971609637,707.289913385535,714.275310768508,713.854766584316,712.080736790429,710.877611677006,712.935965330921,716.910940916371,694.791256544366
"IIASA GDP 2023","SSP3","Honduras","GDP|PPP","billion USD_2017/yr",66.3333673841409,78.0156215763074,90.3304079535637,101.789112629723,112.585305409066,122.800711203268,132.898523460113,142.143805190786,150.499886292848,157.610571699999,163.908812115806,169.598664137972,174.749665035875,179.553854367125,184.080128573195,178.989705173235
"IIASA GDP 2023","SSP3","Croatia","GDP|PPP","billion USD_2017/yr",140.003450917203,142.272107661639,145.663006135823,150.807019346779,152.670676996147,153.017859582571,153.735691626226,155.362832967074,156.503052977299,156.737266658899,156.947172005084,157.378044014809,158.202747603752,159.44531783079,160.926986219758,155.42583019157
"IIASA GDP 2023","SSP3","Haiti","GDP|PPP","billion USD_2017/yr",33.2815285100113,40.6277632420383,48.3606869648104,55.9515733839805,63.0275495103703,69.1935906649682,74.6156368495741,79.7773584174431,84.7277568264626,89.274980600644,93.4463056687063,97.453025298729,101.400404278547,105.341658143176,109.216492948826,106.839566412669
"IIASA GDP 2023","SSP3","Hungary","GDP|PPP","billion USD_2017/yr",371.278751225674,387.762303219267,402.619640724847,420.858106785294,421.808163445072,424.084286420109,421.205603241925,431.096469223265,433.529936431506,431.506568641446,428.98227656149,427.223417038158,426.732793370927,427.507525659341,428.974628398052,411.718197962921
"IIASA GDP 2023","SSP3","Indonesia","GDP|PPP","billion USD_2017/yr",3451.7241,3775.150350999,4107.0733433262,4431.4806569216,4755.8727036319,5080.32933976449,5392.15650908738,5653.64561939074,5867.70953809536,6027.30863455037,6139.26702000112,6219.92481517312,6289.86900289582,6352.61283383114,6410.83419219686,6147.65901063055
"IIASA GDP 2023","SSP3","India","GDP|PPP","billion USD_2017/yr",12006.6099114987,13696.9088893375,15487.8598120885,17268.2920630232,18945.3109684857,20382.4567137917,21747.9829343092,23028.5634489554,24155.731259553,24975.4760132963,25489.5433238543,25823.1217153009,26116.4609186466,26402.8088210822,26700.7350629859,25568.7789338099
"IIASA GDP 2023","SSP3","Ireland","GDP|PPP","billion USD_2017/yr",661.556962025926,709.781301275152,762.53330346803,817.821471183944,873.677297676178,921.495428264155,966.944822712356,1011.41811077071,1047.57127482667,1072.29176234234,1094.85194471619,1120.41523594513,1148.08980803737,1174.59349458786,1196.78328138584,1154.67318008523
"IIASA GDP 2023","SSP3","Iran","GDP|PPP","billion USD_2017/yr",1437.16471921122,1601.08851403216,1769.00170245154,1913.77581196796,2064.51444585345,2192.40716428401,2311.10403619654,2438.34626296849,2557.03450780195,2648.38209870535,2693.85710372517,2723.3778026365,2752.80150804682,2794.92619750829,2839.64044180559,2757.14200716084
"IIASA GDP 2023","SSP3","Iraq","GDP|PPP","billion USD_2017/yr",483.811357306205,582.527049722169,690.46954662946,803.369464142597,922.78732192779,1042.16559707397,1164.82781441035,1280.49342497222,1391.86319578576,1494.84849384062,1589.11538519588,1672.98351368563,1754.03449387505,1835.59203607539,1913.50749513369,1879.50212542644
"IIASA GDP 2023","SSP3","Iceland","GDP|PPP","billion USD_2017/yr",22.6502870185014,24.5849173517481,26.3729358893931,27.9277796219714,29.1149974006974,30.1353109620358,31.2260964449781,32.2344228241241,33.1905027838942,34.1426810003745,35.1094457845929,36.1089481885233,37.1296540667992,38.2613656494307,39.5232810474038,38.8443744987296
"IIASA GDP 2023","SSP3","Israel","GDP|PPP","billion USD_2017/yr",464.218654823903,540.375826751692,616.637357662326,688.331807789079,758.062938798716,832.896138433096,910.739432937909,989.233406104636,1066.45573936824,1146.82834060314,1232.18778433949,1322.55691857586,1417.99558166215,1520.31411725977,1628.14116068597,1630.18174397517
"IIASA GDP 2023","SSP3","Italy","GDP|PPP","billion USD_2017/yr",2659.36962307793,2819.33485947227,2953.92772663991,3079.18665850819,3173.93199116958,3236.98739514577,3291.70965903337,3396.34432274007,3487.30330031164,3532.57059211993,3566.80187716768,3608.79226982529,3656.57079831096,3710.83850325809,3762.54654784966,3640.95738477972
"IIASA GDP 2023","SSP3","Jamaica","GDP|PPP","billion USD_2017/yr",29.9504180167319,34.4369610563507,38.7791200288342,42.6201709242786,45.7459390614706,48.4960327991893,50.7104038622282,52.4007815547209,53.5926231462689,54.3069241693579,54.6357785828385,54.8767700457874,55.1063425852438,55.4473112902312,55.9208767060128,54.0430608640474
"IIASA GDP 2023","SSP3","Jordan","GDP|PPP","billion USD_2017/yr",114.730110235439,128.356861111528,142.846510596818,160.237499587731,179.223398515421,197.648599080002,215.435489239279,232.316555449763,249.353059851643,265.055013085991,278.629897996786,290.723971039408,301.723898777213,311.57021138343,320.522941416932,313.618326581526
"IIASA GDP 2023","SSP3","Japan","GDP|PPP","billion USD_2017/yr",5351.99120175152,5444.94679922507,4906.9174289456,5810.38767109991,5781.59218110978,5775.67128114131,5264.64476390304,5408.20297471462,5470.87535015399,5482.0954271614,5475.23896802389,5468.19589329942,5463.67865298606,5455.60897279791,5442.37667552576,5231.53072434718
"IIASA GDP 2023","SSP3","Kazakhstan","GDP|PPP","billion USD_2017/yr",577.509298375532,609.436798082741,643.039631907546,685.506614039342,726.73609909531,768.785941027219,806.545795616141,840.372847041037,875.168875393034,907.847708460509,940.313714503284,973.50194092397,1008.4429031509,1043.36332824586,1077.45775173826,1054.7733855574
"IIASA GDP 2023","SSP3","Kenya","GDP|PPP","billion USD_2017/yr",310.293106808272,379.600498631713,455.97854610257,533.259847448429,606.656672794078,673.298021112768,735.624252070625,792.315917016406,842.354991609782,884.525443162724,922.08171990095,956.105309539091,988.255376989547,1019.41659147364,1047.95031372927,1007.64283094605
"IIASA GDP 2023","SSP3","Kyrgyzstan","GDP|PPP","billion USD_2017/yr",38.3844727521784,43.5031778335399,48.3454916526936,53.0036856841574,57.4485195636482,61.7262060685658,65.4298637395605,68.5107985596947,71.3530652669623,74.1444824783859,76.7786271807963,79.143389896831,81.4274501311826,83.6773659709103,85.7872444191975,83.2829126164971
"IIASA GDP 2023","SSP3","Cambodia","GDP|PPP","billion USD_2017/yr",90.6974818978033,100.402606041458,110.752676459025,120.683560660549,129.20574535907,135.284318720394,141.09604719555,146.729903081676,151.939297909655,155.668065063897,158.20238611484,160.029198478466,161.412583785315,162.541056563867,163.265317346341,154.617368353871
"IIASA GDP 2023","SSP3","Kiribati","GDP|PPP","billion USD_2017/yr",0.253508946647128,0.280483848278276,0.309570867390763,0.341642513558331,0.374977445378446,0.408986761706393,0.442832733579308,0.474860905365353,0.50559783326492,0.534518610520563,0.560410572590047,0.58404974688847,0.606640724141552,0.628914513839665,0.651278219543001,0.636110922176517
"IIASA GDP 2023","SSP3","South Korea","GDP|PPP","billion USD_2017/yr",2500.61692153945,2626.41859700717,2717.78138957438,3047.04815941853,3127.31498405731,3171.02237120918,2842.07783959687,2881.99249154535,2788.8952086738,2647.07553909802,2511.17871489148,2419.04779779936,2343.7764326451,2267.98464478305,2198.35697690859,2056.48858719885
"IIASA GDP 2023","SSP3","Kuwait","GDP|PPP","billion USD_2017/yr",223.195805537891,240.158620985779,255.725264564445,268.142841577219,273.409649638321,277.012053712826,286.881461417174,307.287819076614,322.201309931562,330.734785677169,335.95919621601,339.997166983861,344.554694568575,348.932475070356,352.239110342303,336.7846719259
"IIASA GDP 2023","SSP3","Laos","GDP|PPP","billion USD_2017/yr",65.644306316898,71.799042495983,78.4435072364638,85.6660172708491,92.8821078777936,99.4648464642246,106.023504841391,112.280915717479,118.085905670777,122.925375558612,126.911815917617,130.238056703484,133.280643361397,136.394607070707,139.548464471041,134.267474818288
"IIASA GDP 2023","SSP3","Lebanon","GDP|PPP","billion USD_2017/yr",75.3907914047014,86.4325895930974,97.8531945020739,110.740749112088,123.381131061798,134.184093831717,144.240172303797,152.558069240086,159.861341811228,165.627478253648,170.665991418369,174.896563278227,179.072399832212,182.903749980381,186.55905700479,180.4780376003
"IIASA GDP 2023","SSP3","Liberia","GDP|PPP","billion USD_2017/yr",8.84107442807144,11.4573708192223,14.3472731756065,17.1933026894096,19.7885961838821,22.1397667100354,24.3017830051333,26.3258514440817,28.1005417700102,29.5805805829258,30.8377469585453,31.9552746283514,32.9523516185437,33.8136911452244,34.5402243463518,33.087831267411
"IIASA GDP 2023","SSP3","Libya","GDP|PPP","billion USD_2017/yr",160.523141308348,185.879132175287,213.338242047585,241.08197734184,270.009458397682,300.193219137921,330.612812836195,357.073775539255,380.579576949601,401.545053712079,421.339354011588,440.3840009217,458.772030458601,476.931284365316,494.505918908681,486.277172467303
"IIASA GDP 2023","SSP3","Saint Lucia","GDP|PPP","billion USD_2017/yr",2.89214798076083,3.19646924195717,3.48887600415653,3.79750767837824,4.08476337601458,4.31362829560579,4.4579465125168,4.55284046026973,4.6164618483377,4.65038632049691,4.66929313931184,4.68376232581219,4.69473622792558,4.71489879354254,4.74814917416218,4.57813126831939
"IIASA GDP 2023","SSP3","Sri Lanka","GDP|PPP","billion USD_2017/yr",273.493735420331,304.449176658402,336.389412769226,365.366524922064,390.977098579933,412.625978982357,432.796547785566,447.758709241957,460.058320179614,468.72465410753,475.242736649268,481.022964509081,487.402141509223,494.020762235844,501.138608620591,483.707634478616
"IIASA GDP 2023","SSP3","Lesotho","GDP|PPP","billion USD_2017/yr",5.9455959345825,7.59789441883723,9.4696964618342,11.3159077130015,13.024765350982,14.5220334522559,15.8830745374371,17.0333535316311,18.0210902715151,18.8361940615126,19.530144239099,20.112788539833,20.6417432516061,21.1437534616231,21.5965543727444,20.6537429918924
"IIASA GDP 2023","SSP3","Lithuania","GDP|PPP","billion USD_2017/yr",118.099813723365,112.251051162128,106.707754968629,101.067819415772,96.4576644314726,94.9544125887488,93.6818425735803,93.8208741049925,92.8321302176276,91.7862532447736,91.5157805093573,91.8536521480828,92.559060558694,93.5243565945504,94.6905426792437,91.5174508739057
"IIASA GDP 2023","SSP3","Luxembourg","GDP|PPP","billion USD_2017/yr",79.5948534480371,85.5904660554383,91.9953498425073,99.6907014694622,107.321121227547,115.003132435585,122.316093381564,130.88794580863,138.431478293986,144.132841636503,148.804254542404,153.074619406993,157.133964201039,161.291105711621,165.443124859181,161.719680144177
"IIASA GDP 2023","SSP3","Latvia","GDP|PPP","billion USD_2017/yr",65.9260816770814,64.0649064314909,62.4047386207611,62.0363696917144,60.7431156740254,59.6058885924281,58.6352672854101,58.6499783679904,58.3090875688673,57.8496685703272,57.4326249035265,57.2763291993049,57.3539600469577,57.6792734768556,58.060595062209,55.8193339304637
"IIASA GDP 2023","SSP3","Macao","GDP|PPP","billion USD_2017/yr",67.8437454017609,73.7382104378961,81.0844106091756,87.4438643807001,94.9808408431913,102.086218768291,107.404005915797,112.070081524296,115.52545473764,117.426482290013,117.676604056471,117.008173819286,115.731834235461,114.791752599659,113.90864545989,108.966601419184
"IIASA GDP 2023","SSP3","Morocco","GDP|PPP","billion USD_2017/yr",335.887979671586,374.498661791648,413.856357393323,456.051913004352,498.604074138747,537.677651215666,579.993891657582,623.921143482182,668.505223092005,705.123484979954,735.462629992671,762.103034347587,788.152829850239,814.609810792962,841.012699298003,822.001310992148
"IIASA GDP 2023","SSP3","Moldova","GDP|PPP","billion USD_2017/yr",37.5417461170246,36.7413627635111,36.2245676066627,35.7024024752683,35.2364977277646,34.9986024696867,34.8703337504098,34.7970638913905,34.7405039201032,34.6266054273851,34.4301749790342,34.227744048274,34.1359727376239,34.2391935450803,34.4634783135934,33.0884860218357
"IIASA GDP 2023","SSP3","Madagascar","GDP|PPP","billion USD_2017/yr",51.0719666851475,66.5792947931375,84.713261211427,104.030680388389,124.679668076935,146.053943216963,167.955844668818,190.104058127885,211.885696280176,232.800683302997,252.93730547322,272.695693894721,292.002268532141,310.951792696909,329.54081455603,328.691371989584
"IIASA GDP 2023","SSP3","Maldives","GDP|PPP","billion USD_2017/yr",13.2677513754523,15.2423981310319,17.2312705032172,18.975245383084,20.345151400676,21.497822130509,22.6730622285904,23.7580521035612,24.6245258232322,24.9249712460714,24.7588403753776,24.2881111737914,23.7312817018492,23.1975059088188,22.7548595276723,21.4414045695917
"IIASA GDP 2023","SSP3","Mexico","GDP|PPP","billion USD_2017/yr",2639.13542053343,3033.14648210474,3431.88569110301,3810.81064990422,4164.95633602107,4488.33859313407,4806.79590108386,5092.64407629672,5360.19036311988,5584.58771540476,5785.01728430992,5971.28292238156,6159.18391324145,6350.53410208584,6543.34878678217,6409.10400472778
"IIASA GDP 2023","SSP3","North Macedonia","GDP|PPP","billion USD_2017/yr",38.3480561789904,39.4857638306042,40.6906496511918,42.4879040598835,44.2934623240152,45.9747720108264,47.4504260219068,48.6972313230721,49.8474328730472,50.7289444644028,51.536622678579,52.2647983783749,53.043144023828,53.898734281185,54.8632711549279,53.346599827387
"IIASA GDP 2023","SSP3","Mali","GDP|PPP","billion USD_2017/yr",55.9786426495079,76.6955631660845,102.352664342695,130.747291508723,160.938673411351,191.398333033548,221.561373177352,250.802692752022,278.778044181064,304.50334728163,327.837642624538,348.170755987575,365.738999758302,380.552438900245,393.376555730642,377.649996846488
"IIASA GDP 2023","SSP3","Malta","GDP|PPP","billion USD_2017/yr",28.4090943341889,32.9905652866118,37.2579027383683,39.7643742622289,41.1342692480266,41.9864022707037,42.8691265130833,43.6744826812735,43.9055769212469,43.2887762678321,42.4864649238909,41.6338203501124,40.8440954657348,40.3274517293634,40.0766465733242,38.2873538579559
"IIASA GDP 2023","SSP3","Myanmar","GDP|PPP","billion USD_2017/yr",238.776552914578,265.194876811472,292.919262290971,321.027451296386,348.405532054381,373.408049244915,396.085825831359,415.726990431516,430.678828505499,439.546666257937,443.934508176888,445.760637817145,446.653327065528,447.650087940706,448.972965153927,426.095154609111
"IIASA GDP 2023","SSP3","Montenegro","GDP|PPP","billion USD_2017/yr",14.9551865290612,15.1432041010748,15.4236852777841,15.8898886280626,16.4019575264148,16.7684496407693,17.1820754816803,17.5082623409514,17.9034026574083,18.166111333282,18.3756531269405,18.5767736937821,18.801258821559,19.051291669503,19.3228180987114,18.7056543181469
"IIASA GDP 2023","SSP3","Mongolia","GDP|PPP","billion USD_2017/yr",47.8621523477306,53.5267736719576,59.7197601767096,66.2055412147832,73.8024660216832,81.9106972553965,90.05166859671,97.1242089192958,103.851744798306,110.289461144917,116.475787747099,122.730937495513,129.119384827922,135.780174270546,142.415795216832,140.577489203031
"IIASA GDP 2023","SSP3","Mozambique","GDP|PPP","billion USD_2017/yr",48.9487475545762,65.0777098696489,84.0509327514409,103.842478658318,123.808191589788,143.550618246064,162.836347598539,180.923648490084,198.032331024045,213.479586487496,227.447706544334,239.83885975564,251.239370496048,261.692799243917,271.10517099149,261.675267851162
"IIASA GDP 2023","SSP3","Mauritania","GDP|PPP","billion USD_2017/yr",30.0654149644795,38.2362369215274,47.8614942231823,58.351660650779,69.526523442611,81.0653647253573,92.9860053099999,105.059448079707,117.05054099772,128.369729872234,138.881257938176,148.929210289183,158.815827240134,168.545014161273,178.027830469546,176.199286999859
"IIASA GDP 2023","SSP3","Mauritius","GDP|PPP","billion USD_2017/yr",32.3692876386321,33.5454321294055,35.0877760900145,36.8503595123341,38.4739029768122,40.0886476537155,41.9192290268011,43.466778247103,44.6610354906083,45.2591228610212,45.6226228012324,45.8918809125133,46.081346910844,46.2129205029053,46.3546001153241,44.5165831300785
"IIASA GDP 2023","SSP3","Malawi","GDP|PPP","billion USD_2017/yr",33.4099104332771,45.5184451889886,60.3947450591196,76.9967097553486,94.6191227368844,112.99297408422,132.07434551817,151.653531212479,171.204848747558,189.805492253692,207.627820076892,224.493687284859,240.916704691373,256.771619183211,271.995627722978,268.585384173352
"IIASA GDP 2023","SSP3","Malaysia","GDP|PPP","billion USD_2017/yr",1095.28384037636,1247.90937278554,1402.59675351075,1542.21392459876,1651.89368423178,1741.45895370299,1819.16625865297,1910.07037339719,1983.93553256851,2035.27955146388,2066.66738159293,2089.33121700826,2108.02762930414,2126.96121273912,2145.42920967521,2063.95345249133
"IIASA GDP 2023","SSP3","Namibia","GDP|PPP","billion USD_2017/yr",25.9697072800231,28.931509339466,32.1803741254,35.5504006946036,39.210864487012,42.9936555319477,46.7739699533922,50.3517204544225,53.8692483487374,57.293022967823,60.6373536553737,63.8774799582798,67.022367404166,70.1556075144507,73.3000072192438,71.9215629602064
"IIASA GDP 2023","SSP3","Niger","GDP|PPP","billion USD_2017/yr",42.6123239943194,61.3989575166356,86.2547659201592,116.351612501742,151.428588186746,191.047804609319,234.722338094382,281.629298072107,330.858245280183,381.807626009538,433.221469538341,484.904508134381,535.774169813173,585.487314931522,631.428739913375,627.799766898731
"IIASA GDP 2023","SSP3","Nigeria","GDP|PPP","billion USD_2017/yr",1187.62697833403,1500.34733402444,1873.69969648252,2301.26574248481,2786.85247766891,3309.63938523505,3870.36607687443,4450.47770051345,5054.402405031,5669.56755256487,6295.26841554573,6922.70360614108,7553.31270376864,8180.56012226562,8788.90611504761,8782.72465676156
"IIASA GDP 2023","SSP3","Nicaragua","GDP|PPP","billion USD_2017/yr",44.2434675830559,54.8075879828851,66.1926536970833,77.0447843629441,87.2880262183904,96.6060334893997,105.351487852575,113.461755726381,121.191641599484,127.944414987968,133.649370189007,138.660277029797,143.349731186929,148.07530714638,152.844948155602,149.586199572605
"IIASA GDP 2023","SSP3","Netherlands","GDP|PPP","billion USD_2017/yr",1082.42209751997,1145.97402838958,1209.92363498703,1265.96985519294,1336.28984746953,1403.88410702208,1476.45186698026,1537.43977271643,1594.96772677378,1649.50936477518,1704.91512400824,1760.41444481083,1814.88333105933,1870.40148663436,1928.00828813083,1895.54798109001
"IIASA GDP 2023","SSP3","Norway","GDP|PPP","billion USD_2017/yr",385.855286006426,412.349130763303,439.900690205975,467.642314145533,491.531509640892,512.85959920446,535.769459514705,568.459639236957,598.394360201756,622.5819202899,645.733545191735,669.380591247373,692.331609899738,715.766390980087,739.660955618317,725.362230856972
"IIASA GDP 2023","SSP3","Nepal","GDP|PPP","billion USD_2017/yr",140.575475105776,158.106266368956,176.16615050775,192.81550870316,208.489272493243,222.147318372704,235.619968954546,247.664703614164,258.686519836304,267.615097225654,275.13611790387,281.303474771926,286.469191409151,291.030096313578,295.747718679238,285.569546484645
"IIASA GDP 2023","SSP3","New Zealand","GDP|PPP","billion USD_2017/yr",235.055202726274,251.464858419981,266.987716221778,281.796861233938,296.333198056731,306.548612022731,315.708067251408,324.425515655846,333.593050759479,341.748361421178,350.033657871359,358.575041708135,367.194766252875,375.944801121963,384.647204743413,375.029407818652
"IIASA GDP 2023","SSP3","Oman","GDP|PPP","billion USD_2017/yr",176.86736837196,199.771198804704,223.057000333597,243.173655512962,261.997535915169,280.353936077322,297.119043082572,313.672019638075,330.426951004862,341.342666796129,347.709858797024,352.660797462266,358.830591982356,366.785626233095,375.734253662691,366.361320542565
"IIASA GDP 2023","SSP3","Pakistan","GDP|PPP","billion USD_2017/yr",1395.66078099173,1713.32028487002,2069.46793412043,2454.02425208652,2846.60940037724,3230.38211866078,3626.01372310817,4018.60459418832,4415.33737536405,4782.45663412537,5134.16579599314,5469.33587029231,5805.73300549456,6139.45552165463,6466.50252186411,6395.08021068684
"IIASA GDP 2023","SSP3","Panama","GDP|PPP","billion USD_2017/yr",157.844493567714,169.545955012607,181.501605346094,194.52907480534,206.726058597813,217.875196722381,228.301603090031,237.849692800253,246.281866247528,252.898264010025,258.343504823832,262.293138894182,265.65662910977,268.458190611571,271.210919735487,260.008066481999
"IIASA GDP 2023","SSP3","Peru","GDP|PPP","billion USD_2017/yr",481.750150671463,538.954508772011,596.349715865875,650.973379244961,697.39011676965,738.275754389967,776.79077323077,812.809445299688,844.131949154786,868.353552186845,886.604844606881,900.665518337719,914.471808318819,928.624143786669,943.243257596758,911.604369679344
"IIASA GDP 2023","SSP3","Philippines","GDP|PPP","billion USD_2017/yr",1180.64805373717,1485.39649946237,1809.39580928141,2111.80139156987,2386.02575571897,2621.4748554872,2820.54958438456,2989.35060813384,3140.57249436062,3271.0848360041,3389.60133000699,3503.04042584992,3609.26028519005,3706.88776458763,3801.45038553762,3686.81653737653
"IIASA GDP 2023","SSP3","Papua New Guinea","GDP|PPP","billion USD_2017/yr",37.0469882401036,40.5680391163192,44.7051533697304,49.764040157324,55.2711886815143,60.9363391190639,66.8046399811351,72.5870046469986,78.0135268117992,82.7365606073515,86.9349961380136,90.6679179499112,94.0565174022018,97.1876560409667,99.9806281171197,96.8919908826921
"IIASA GDP 2023","SSP3","Poland","GDP|PPP","billion USD_2017/yr",1477.21268765591,1464.21836892,1437.59220011519,1519.24944160691,1552.03406183137,1571.67709900106,1541.09536635635,1538.83847994302,1529.26027617191,1513.56860175046,1499.05381262545,1495.09037626233,1499.08476156042,1511.7225607805,1528.21258632257,1475.12436392749
"IIASA GDP 2023","SSP3","Puerto Rico","GDP|PPP","billion USD_2017/yr",109.164091635592,108.300679155627,106.951375009509,103.76156418675,102.720180852148,101.483458514906,99.4611886603977,96.4448403654423,93.5664381712888,90.5576430028173,88.1060408155263,86.2518345374025,84.7802543872284,83.6773564675073,82.7037547538797,78.6772920809577
"IIASA GDP 2023","SSP3","Portugal","GDP|PPP","billion USD_2017/yr",389.803229677983,414.571579605619,441.280353381631,468.248717555408,494.943260032908,519.223354395202,537.077488595475,548.575174127319,555.745993544071,559.402305362477,564.159164752513,571.428626315771,580.575362309177,590.732935626384,601.064965934659,583.724838716044
"IIASA GDP 2023","SSP3","Paraguay","GDP|PPP","billion USD_2017/yr",102.838449065189,118.681805338121,136.080381388144,153.944714667326,171.628590958812,187.95441325607,203.598629542529,217.948493207394,231.202542095332,242.676331147187,252.719129967661,261.871244430539,270.012570659364,278.092242145895,285.946338549769,279.101088582489
"IIASA GDP 2023","SSP3","Palestine","GDP|PPP","billion USD_2017/yr",32.6890723878529,43.3727580428586,55.4580312614298,67.2701828927265,79.2781452290698,91.2130847211418,102.44706061205,112.009279538835,120.67586628843,128.526010998979,136.041857313738,143.143147348623,150.388492588064,157.97042651329,165.384168637211,163.436332672978
"IIASA GDP 2023","SSP3","Qatar","GDP|PPP","billion USD_2017/yr",280.489036712632,310.120510082959,343.528670897995,375.875921871156,399.266766450994,415.818199744431,429.488777451426,442.946507729277,453.454774749204,455.349108772702,448.166466971255,436.396846807776,425.019510435222,417.035337722182,411.518287966046,388.958866795547
"IIASA GDP 2023","SSP3","Romania","GDP|PPP","billion USD_2017/yr",687.654092217838,686.323604020063,691.712429593409,710.937692738034,701.288299055,696.809210253095,686.653582430676,703.816288986756,710.424944467882,708.184884233102,703.928608780765,700.741574446348,699.96828581071,702.003069444112,705.977453640657,679.168584290233
"IIASA GDP 2023","SSP3","Russian Federation","GDP|PPP","billion USD_2017/yr",4162.90703799802,4250.42205174764,4292.57539299256,4415.08762430688,4528.50843935014,4626.5698043365,4665.15960478771,4717.43248095649,4757.61294258687,4782.84100994834,4819.47960287391,4876.20756860582,4954.65174993003,5048.58609020211,5141.72278207508,4964.32132515002
"IIASA GDP 2023","SSP3","Rwanda","GDP|PPP","billion USD_2017/yr",39.4835810209948,48.9267279829808,59.6568320003631,70.4230201410036,80.9645389717518,91.1550219691201,101.132398354879,110.627116702047,119.240075122926,126.620430730151,132.880122449903,138.265840298467,143.090792952658,147.369761747391,151.070076038988,144.35272614432
"IIASA GDP 2023","SSP3","Saudi Arabia","GDP|PPP","billion USD_2017/yr",1993.35008107682,2162.33210537937,2335.02218316215,2496.51478353431,2634.54610962145,2810.35524487556,3005.32871392362,3177.94902033178,3321.70701390422,3427.89213137357,3512.70763069487,3583.56906691258,3653.49751417073,3721.40699655487,3789.40890539494,3673.62351882457
"IIASA GDP 2023","SSP3","Sudan","GDP|PPP","billion USD_2017/yr",184.796791175529,225.897825268101,273.33899936985,324.327338365396,376.949631099389,431.156919611891,486.591962808346,542.420611128489,597.394204242545,650.01429560027,700.525988414762,747.978366087821,793.782084027361,838.610511753366,883.511806091709,871.117620731131
"IIASA GDP 2023","SSP3","Senegal","GDP|PPP","billion USD_2017/yr",77.5793629353977,101.471361643035,130.280431148074,161.82966969058,195.459888155138,230.314670062953,266.534750054583,303.087116617815,339.300517681056,374.019586194944,406.867555046267,437.823876523793,467.936327879788,497.792622709407,527.058166883758,521.102039751389
"IIASA GDP 2023","SSP3","Singapore","GDP|PPP","billion USD_2017/yr",646.864231208372,706.266110492884,781.839058461958,852.536483109334,928.825419427915,982.84945811583,1020.72610530685,1050.36272233914,1074.26838294076,1072.70188903314,1063.43193991202,1050.92060781186,1038.78336619014,1027.15209622703,1015.42594121048,966.469149050878
"IIASA GDP 2023","SSP3","Solomon Islands","GDP|PPP","billion USD_2017/yr",1.53731055501661,2.03587006451086,2.63367227603773,3.29636353321859,4.00240150372043,4.7365435268499,5.49913898622132,6.26928177093366,7.01917262716333,7.72106197272815,8.3753999260378,8.99674798933525,9.59205185867925,10.1782232046627,10.7455351320915,10.652809232407
"IIASA GDP 2023","SSP3","Sierra Leone","GDP|PPP","billion USD_2017/yr",15.8823751048985,20.312250309859,25.6942756722942,31.5090988310993,37.9507311535734,44.6238192845618,51.5095410403375,58.3237865557078,64.9213874614311,70.9794589216142,76.5280956008928,81.6474564041945,86.4093965144722,90.9254427798324,95.2809487035773,93.8383718042352
"IIASA GDP 2023","SSP3","El Salvador","GDP|PPP","billion USD_2017/yr",62.8426728334798,66.7625842090878,70.6738129038637,74.5858152564871,78.5105680470822,82.2704033319248,85.667241158543,88.2169476549846,90.4595706981214,92.3069995944628,93.7900321912595,94.9388514252919,96.0675261968539,97.2606473301764,98.6619009417826,95.2961903763867
"IIASA GDP 2023","SSP3","Somalia","GDP|PPP","billion USD_2017/yr",19.3836328828507,27.4530985214034,37.7630045527447,49.3863222578265,62.175515769688,76.0987323304947,90.8312398809094,105.984883164559,121.40168128417,136.907919568716,152.439159731533,167.897000530291,183.118606467866,197.615753019971,211.421601265727,209.250114571489
"IIASA GDP 2023","SSP3","Serbia","GDP|PPP","billion USD_2017/yr",152.217613021804,155.731034901678,159.580020294822,164.434006967246,166.685186134978,167.888958023087,168.065998930352,172.813844976106,176.492696885081,178.141229879505,179.097426425022,179.986774107108,181.141828439127,182.653447218949,184.3903445146,177.574490354403
"IIASA GDP 2023","SSP3","South Sudan","GDP|PPP","billion USD_2017/yr",6.91269572631045,10.6759177956243,15.7289838350554,21.3675085665544,27.0471214418245,32.3502735671866,37.5243305002229,42.1644054501835,46.4441999762925,49.940582670392,52.8892963720358,55.6803605464821,58.6437057808511,61.7132262169036,64.6450113293148,63.1864685339891
"IIASA GDP 2023","SSP3","Sao Tome and Principe","GDP|PPP","billion USD_2017/yr",0.976092894216838,1.08576052071741,1.21530747921707,1.36515095691742,1.53673002401586,1.72542474993203,1.93998362543572,2.16916216161435,2.39989996475619,2.61868269787468,2.83226994041562,3.04621524375264,3.26049773400442,3.47425311021333,3.68902781559487,3.69754991499783
"IIASA GDP 2023","SSP3","Suriname","GDP|PPP","billion USD_2017/yr",9.95379239833108,11.1936343697883,12.5259671586996,13.7811159168802,14.9377651966518,15.9744845556955,17.0700437145238,18.1044284689052,19.0495327709309,19.8884794789222,20.6987562574607,21.4999726794547,22.2955410624385,23.0904405353642,23.8814016621838,23.3902364109039
"IIASA GDP 2023","SSP3","Slovakia","GDP|PPP","billion USD_2017/yr",194.572108078021,206.801232026294,217.431888779098,225.515233565251,231.819399624999,236.203569725903,238.856690989703,240.099546060376,240.367108803563,240.009449324951,239.920126711767,240.663780715446,242.639490130733,245.817848104647,249.747409553338,242.073849043998
"IIASA GDP 2023","SSP3","Slovenia","GDP|PPP","billion USD_2017/yr",95.2730361495822,101.095351702329,106.230881722505,112.295839460258,116.050115393653,118.516327309638,119.272595685609,121.101971929138,121.942334980794,122.342134892508,122.900012609026,123.878714209514,125.382037612358,127.276582816428,129.297104652041,125.251195079111
"IIASA GDP 2023","SSP3","Sweden","GDP|PPP","billion USD_2017/yr",602.202401795705,646.843703096491,687.380648067979,725.195715577459,758.710966374879,788.063179895124,819.006269998921,867.158126396215,918.380318331585,963.273336927418,1004.63707218022,1044.62124181061,1083.89096832092,1123.90179626527,1164.19914173295,1143.36710235588
"IIASA GDP 2023","SSP3","Eswatini","GDP|PPP","billion USD_2017/yr",11.4725858852963,12.2087752990123,13.0075805699499,13.9604466156946,14.8764924536033,15.6843259150324,16.4535514223084,17.2594430077336,18.0802282656001,18.8507274173316,19.5801801503905,20.2984818623828,21.0232077162249,21.7473871888325,22.4683139188646,21.7927346352788
"IIASA GDP 2023","SSP3","Seychelles","GDP|PPP","billion USD_2017/yr",3.48167946696396,3.81435287141854,4.15913838352594,4.50280844672486,4.79716330268352,5.03705799522212,5.21995257352226,5.38031479885833,5.52519106639428,5.64480832518164,5.74003787034208,5.82519891992234,5.90547099059831,5.98709433998153,6.06636834517279,5.82519687267226
"IIASA GDP 2023","SSP3","Syria","GDP|PPP","billion USD_2017/yr",135.39350859375,154.204047066602,175.725964817633,205.345304532147,236.349883055918,266.269790026144,293.502658190401,321.195572828692,349.702583343937,376.468287483815,402.04861729401,426.819169702774,451.415658128757,474.026972385972,495.555433077543,490.551851850568
"IIASA GDP 2023","SSP3","Chad","GDP|PPP","billion USD_2017/yr",28.0191824350029,36.9607582022217,47.9243380632361,60.4195672788936,74.2962471459845,89.257773732658,105.404802917497,122.275999581415,139.651278205327,157.253592236045,174.926914794338,192.703322362968,210.119764847089,226.981209357794,243.085984501905,242.560367651814
"IIASA GDP 2023","SSP3","Togo","GDP|PPP","billion USD_2017/yr",22.7330731652276,29.2487730469958,36.9033411892386,45.2151224345688,54.1762013101147,63.4863972364467,72.8098611859514,82.0425087622445,90.9231341553166,99.2914850406436,106.968517369124,114.228689493479,121.18172804064,127.954318976908,134.496146923564,132.604168058575
"IIASA GDP 2023","SSP3","Thailand","GDP|PPP","billion USD_2017/yr",1388.75139405796,1514.49868517216,1636.0546512056,1784.35302199681,1916.88570027566,2019.8939015323,2084.47571659156,2134.92050519316,2157.48232724108,2145.06235553633,2117.78857861103,2084.72773845121,2055.1760599632,2028.77243209372,2007.81147180206,1900.88224535939
"IIASA GDP 2023","SSP3","Tajikistan","GDP|PPP","billion USD_2017/yr",46.9848557668437,53.7865087688072,60.3689314990187,69.5706867673607,76.2378186575001,82.5928903466927,87.8832442433417,96.445990114501,104.795282671914,112.430395891879,119.412161535769,125.73607102293,131.761724125291,137.700823591305,143.535991894882,141.30744005869
"IIASA GDP 2023","SSP3","Turkmenistan","GDP|PPP","billion USD_2017/yr",108.025968709838,112.772233911189,118.118419634352,122.994515384559,128.147449369824,134.827498273754,142.508933215156,149.378782928824,155.48530740878,160.309210469345,164.418656334187,168.02993881217,171.421250692074,174.659818275786,177.383804180858,170.718893967115
"IIASA GDP 2023","SSP3","Timor-Leste","GDP|PPP","billion USD_2017/yr",4.1876005699281,5.6670295156875,7.45672642194215,9.30409575895467,11.1879571133263,12.9066244411657,14.4440391294795,15.8022664514943,17.0469212199868,18.1004081617986,18.9633495162868,19.709247612921,20.392817465352,21.0226174381728,21.605103685995,20.9111910930847
"IIASA GDP 2023","SSP3","Tonga","GDP|PPP","billion USD_2017/yr",0.612315349051986,0.711957567652738,0.822267087585914,0.929217588610047,1.0318099562413,1.12323633850513,1.2119165979004,1.28678569895002,1.35700807335649,1.42131781868249,1.48328848259712,1.54663163364795,1.61281397149073,1.68266161344725,1.75542248838862,1.73824657686941
"IIASA GDP 2023","SSP3","Trinidad and Tobago","GDP|PPP","billion USD_2017/yr",39.0624957226148,42.8186223944621,47.4064420883418,51.303059608801,53.4414686674059,54.3641221970692,56.5660862560504,60.3963732482064,63.1037031044754,64.712190466844,65.8470728830835,66.9495578546807,68.3067935893862,69.8920141466147,71.654762127327,70.0038852263197
"IIASA GDP 2023","SSP3","Tunisia","GDP|PPP","billion USD_2017/yr",138.067684081033,166.555761314272,198.373808043542,225.948180628589,252.576490175304,284.727480409099,330.226626821525,366.666922176227,397.284768970537,420.023362794236,438.700401410685,455.894535444196,473.9237740597,493.483175318858,513.803172543204,507.662688451625
"IIASA GDP 2023","SSP3","Turkey","GDP|PPP","billion USD_2017/yr",3109.770705833,3484.99075446308,3896.74472604542,4232.33746369695,4543.02063241341,4817.33903926333,5165.13328378656,5485.71413424414,5707.81980908656,5869.5753840964,5966.74878092727,6043.2786880149,6113.07486417082,6195.13899847892,6278.06457272924,6048.73190254052
"IIASA GDP 2023","SSP3","Taiwan","GDP|PPP","billion USD_2017/yr",1463.0162317423,1569.34851798911,1687.4338069546,1740.12040884763,1750.32774655659,1716.21087611634,1706.55911142154,1706.41497928711,1689.46473944449,1641.49680092306,1595.56642527385,1560.67366797663,1528.59570039229,1504.91914005985,1491.07756301226,1418.39912037217
"IIASA GDP 2023","SSP3","Tanzania","GDP|PPP","billion USD_2017/yr",210.166250146719,277.271790540357,360.438382904094,455.896971303517,561.004997913066,673.830047071543,797.30534285558,926.841290046766,1056.63902666867,1184.49652683324,1308.97252113364,1427.77484209978,1540.50868253483,1650.93669491217,1758.52617392034,1742.66146798969
"IIASA GDP 2023","SSP3","Uganda","GDP|PPP","billion USD_2017/yr",134.64958420613,185.075207850243,248.669735042236,321.389015949025,401.929107130321,485.796913508485,572.982531153458,661.43203406542,751.637940844228,839.529402404336,925.116940011606,1007.9600917314,1088.2858835843,1166.99321663224,1244.22691538767,1231.24431134491
"IIASA GDP 2023","SSP3","Ukraine","GDP|PPP","billion USD_2017/yr",398.503477286996,432.762394059103,456.03861064241,464.180635001621,459.914589429387,455.769735095756,457.295202199366,451.208421477013,443.215110231303,431.147880034309,419.868536289146,411.103928903739,404.122476700935,399.322141035226,394.813473687259,370.882257534463
"IIASA GDP 2023","SSP3","Uruguay","GDP|PPP","billion USD_2017/yr",88.2714053305311,91.4785187229856,94.6590785625824,97.452198618431,100.158162344737,102.767827622789,105.263131717909,107.178233352755,108.440594417382,109.054245069676,108.93550573364,108.58042801361,108.181150170567,107.877302052038,107.395884044773,102.554861684278
"IIASA GDP 2023","SSP3","United States","GDP|PPP","billion USD_2017/yr",22529.2095665784,23693.3153631643,24871.6568631692,26095.8752052455,27429.1680330138,28839.8851459025,30230.8342476649,31728.9863463707,33291.3512730627,34740.8192392144,36155.7729878055,37608.4765219999,39074.3168154744,40580.0490527892,42097.6664933392,41404.4439595503
"IIASA GDP 2023","SSP3","Uzbekistan","GDP|PPP","billion USD_2017/yr",337.097835168504,375.969701833476,413.781092222039,458.028339508471,486.847499249916,513.239726965709,535.351297333307,563.383855540985,587.770505022054,607.600422248421,626.063268967671,642.367437782076,657.329375074302,671.231484142487,683.854796984384,660.5479195397
"IIASA GDP 2023","SSP3","Saint Vincent and the Grenadines","GDP|PPP","billion USD_2017/yr",1.75767255636222,1.92901756782931,2.09824189630271,2.25263708950888,2.39397273032784,2.52818822920936,2.64832309054972,2.74261922117592,2.82849757067551,2.90151042387126,2.95894512298954,3.00968719370889,3.06770242609642,3.13353749659562,3.20696187502948,3.12508944004199
"IIASA GDP 2023","SSP3","Venezuela","GDP|PPP","billion USD_2017/yr",181.623203006816,205.580218190129,232.236688048881,259.643631796103,288.195245813912,313.669432082345,338.477621386197,361.699696846206,382.432917610784,398.775080320815,411.276500459166,422.871668133076,435.206257843511,447.66077804777,458.865595145548,446.621188140082
"IIASA GDP 2023","SSP3","Viet Nam","GDP|PPP","billion USD_2017/yr",1350.0294860482,1520.35314919696,1698.17194926659,1863.29549835159,2018.90396961312,2188.78427390954,2370.78025151852,2539.8025306963,2679.20715435614,2768.17461817603,2817.94621173752,2848.09606259944,2871.36761864387,2897.49510493297,2925.95334722061,2817.48129664115
"IIASA GDP 2023","SSP3","Vanuatu","GDP|PPP","billion USD_2017/yr",0.879309531432609,1.10207668281237,1.35600312626884,1.63134665060692,1.92006503484512,2.21134175509121,2.51048599952597,2.81691694639756,3.12814252116003,3.42265808746768,3.70428866577925,3.9755155629825,4.24442797965543,4.51365686086573,4.78407378614408,4.77765161338106
"IIASA GDP 2023","SSP3","Samoa","GDP|PPP","billion USD_2017/yr",1.11882767811139,1.38792045987749,1.68447075866897,1.9810880340889,2.27179796186739,2.59856753190407,2.93468893083179,3.24320965772828,3.5164792269222,3.76144521270698,3.9942749912921,4.22272945793345,4.45226678773587,4.69405759078458,4.94713525436031,4.94448012662792
"IIASA GDP 2023","SSP3","Yemen","GDP|PPP","billion USD_2017/yr",61.9475697269741,74.4064884762321,90.4338313538145,112.520204358107,135.382307678213,161.290378841234,191.335303600699,226.594211165953,262.327512868527,296.367074451939,328.210011472482,358.17050187831,386.810764023141,415.17806738491,443.452825056832,445.870228270429
"IIASA GDP 2023","SSP3","South Africa","GDP|PPP","billion USD_2017/yr",835.494537499221,926.011362421086,1016.67706588615,1101.75618411359,1177.92134506456,1233.47037861255,1280.859315184,1326.7406821055,1371.76040737317,1408.8579469532,1434.43206010006,1454.41326845706,1471.73939286196,1488.37517074951,1503.44815559467,1428.22481154076
"IIASA GDP 2023","SSP3","Zambia","GDP|PPP","billion USD_2017/yr",73.7984637411846,91.1958423039881,111.030301041097,132.533867455196,154.792038452747,177.288637177555,199.746521833079,221.52024852325,242.306060636301,261.52146423174,278.926016616256,294.572161421927,309.181026340762,323.014958623355,335.989858290779,326.138348675181
"IIASA GDP 2023","SSP3","Zimbabwe","GDP|PPP","billion USD_2017/yr",36.5137679630562,54.2778122317055,79.1858067947324,111.300825305752,147.173841251592,184.625841954622,214.349232935838,242.007340056685,267.449972015506,290.839228501623,307.189068623814,318.837287521332,328.252610756014,336.734371379254,343.44045979442,329.139106344499
"IIASA GDP 2023","SSP4","Aruba","GDP|PPP","billion USD_2017/yr",4.55177125809898,5.11411113268616,5.70155204392254,6.24939121708858,6.79325249184778,7.28780593487229,7.85565090532216,8.43805142409699,9.00510686196214,9.56311078672867,10.1555183416512,10.8072480132586,11.5253800716106,12.2781938445268,13.0472165543721,13.2453204561116
"IIASA GDP 2023","SSP4","Afghanistan","GDP|PPP","billion USD_2017/yr",38.776222554997,52.5907579801933,70.0629515450913,90.193090976785,113.274195036437,139.178010258884,168.463350126618,200.480766082911,234.806336709882,271.607279185577,310.973985974784,353.246480082704,398.758662902245,448.293724450868,501.586077315313,526.802673560177
"IIASA GDP 2023","SSP4","Angola","GDP|PPP","billion USD_2017/yr",233.488317667248,274.954548863733,322.906519336284,381.701767163677,449.94261566743,527.631536263396,616.944690208559,716.2538416163,822.404791706844,934.648360479406,1052.04183652643,1172.8147649853,1295.23321608549,1421.74831799926,1551.02554844094,1582.24767843118
"IIASA GDP 2023","SSP4","Albania","GDP|PPP","billion USD_2017/yr",47.4110750626342,49.4065364900428,51.4906257890519,54.6877437781321,56.32498975291,57.0983172617007,57.7574296697173,59.0225378390783,60.9560137347738,62.4853291306045,63.6872513233411,64.5122762413766,65.0081159982511,65.1544188157806,65.2549405364761,64.157985127787
"IIASA GDP 2023","SSP4","United Arab Emirates","GDP|PPP","billion USD_2017/yr",784.698183913743,980.775685468926,1200.0449691526,1380.47042338226,1530.91604424738,1645.21160676398,1766.0174511814,1875.66592366978,1968.08509513842,2016.87209508141,2026.63385559228,2020.15824724878,2015.88080616984,2020.18061294775,2029.25335255622,1968.81155466897
"IIASA GDP 2023","SSP4","Argentina","GDP|PPP","billion USD_2017/yr",1081.92765621917,1185.31319303165,1298.5296308851,1420.41567315173,1554.36170615662,1694.98243403136,1842.86027017856,1992.38837298327,2141.11512818999,2283.09967915713,2417.79446179203,2554.9502430046,2697.24292682226,2845.16937490803,2990.8134176599,2992.56490964408
"IIASA GDP 2023","SSP4","Armenia","GDP|PPP","billion USD_2017/yr",51.6853896320902,52.6772633452753,54.1015698945976,56.1407926198321,58.3176739534447,60.3828150272862,62.8192424831741,65.9139445196961,69.1567282697361,71.8128036555361,74.2421366687234,76.6982283610978,79.2829465204643,81.879978064883,84.3448523482827,84.4834540138789
"IIASA GDP 2023","SSP4","Antigua and Barbuda","GDP|PPP","billion USD_2017/yr",2.194934952628,2.4889490130414,2.80304014230324,3.17975406677006,3.57166861996656,3.94547894176175,4.28010847208052,4.60244410581988,4.89942624255042,5.1747542250189,5.44611688383477,5.7142546717874,5.96731904741238,6.20527763663686,6.42792744301576,6.34982051915659
"IIASA GDP 2023","SSP4","Australia","GDP|PPP","billion USD_2017/yr",1455.10647846814,1567.82086722618,1680.0892862424,1776.48059845589,1879.38351314829,1988.4685353688,2105.83032343848,2239.82040209785,2372.87937439345,2489.01612414084,2593.40897969156,2696.06774611684,2790.91793672185,2871.73692967803,2933.14251382829,2911.29975007778
"IIASA GDP 2023","SSP4","Austria","GDP|PPP","billion USD_2017/yr",528.959839653004,551.866064680026,575.724620325106,600.048169525742,617.269421040105,633.776064569355,648.9483118939,676.064980438764,703.338111274473,729.064606389134,752.106090285531,773.275456474952,790.873065113859,805.133535403129,815.486408013615,806.444329969839
"IIASA GDP 2023","SSP4","Azerbaijan","GDP|PPP","billion USD_2017/yr",165.984342600039,175.074408798248,182.336703266416,193.006817906061,207.108726031146,220.29443176217,232.456506006995,245.609306925458,258.550368578784,269.327314936797,277.662623824272,284.996768324563,292.143986421125,298.117287142438,301.724494378084,296.660028781578
"IIASA GDP 2023","SSP4","Burundi","GDP|PPP","billion USD_2017/yr",10.5909606924959,16.0195378399619,23.3801780697728,32.1347153738266,42.1445940425982,52.9838396719641,64.6771220274778,77.0239151443986,89.995816428171,103.08914563131,116.346034804373,129.784970167732,143.796480324412,158.446347703606,173.687325261466,178.485849212977
"IIASA GDP 2023","SSP4","Belgium","GDP|PPP","billion USD_2017/yr",639.292101029425,683.522939420268,725.084948738191,765.102516136712,798.621689209919,826.710910988442,847.668163718012,883.33567454838,920.734110267269,954.303676749803,984.510022182776,1015.93075271068,1045.92840874542,1072.12053907703,1091.94335137749,1082.36517953507
"IIASA GDP 2023","SSP4","Benin","GDP|PPP","billion USD_2017/yr",54.5182165627528,71.1177237984994,91.6896572709613,115.509928976437,143.444035528804,175.051969457241,210.335333059049,249.079040993532,290.873813927589,335.698205589356,382.780012456278,432.465457984389,484.022649110594,538.213108305266,594.92552553507,616.364983716068
"IIASA GDP 2023","SSP4","Burkina Faso","GDP|PPP","billion USD_2017/yr",58.2860616531115,76.43431070328,98.3152453643609,122.924714517119,149.688215398668,178.205963012813,209.436908339993,243.339234720264,279.762209212082,318.067831581762,358.439928987702,400.847760077698,445.287283752429,492.404342888271,542.219793592653,559.436421767002
"IIASA GDP 2023","SSP4","Bangladesh","GDP|PPP","billion USD_2017/yr",1377.56960395801,1563.66510503847,1773.6109765681,2006.58198275279,2257.28729456214,2511.01732860552,2782.15453810399,3083.98616656945,3409.17949557798,3748.58725593279,4101.93614664729,4469.58187909474,4849.44276622915,5244.19489039414,5668.2332899017,5867.17956516429
"IIASA GDP 2023","SSP4","Bulgaria","GDP|PPP","billion USD_2017/yr",187.8609134527,188.882905409148,190.872087355886,191.276203947633,190.896513503231,190.671921727446,191.439286950405,193.866700628311,195.787288585139,196.050020054243,195.223246430027,194.734115866151,194.584401077403,194.658107386312,194.556517084451,189.957702416714
"IIASA GDP 2023","SSP4","Bahrain","GDP|PPP","billion USD_2017/yr",83.6479249918645,91.3016930036334,100.433987947715,111.727460438372,119.119749980411,127.424308879239,135.894997477558,147.736060953054,156.870558673187,162.92971103948,166.986005662527,170.382343484642,174.205207429323,178.465789418982,182.581288392075,178.51293807246
"IIASA GDP 2023","SSP4","Bahamas","GDP|PPP","billion USD_2017/yr",14.7539251891303,16.2876135489922,17.7773180574634,19.0431302907258,20.3108079819555,21.6367793570561,22.8527543821551,23.8801848179484,24.8199914497797,25.7292702562699,26.6603181112432,27.6147277457754,28.5160052588146,29.3414532270188,30.1175269387374,29.6993684927914
"IIASA GDP 2023","SSP4","Bosnia and Herzegovina","GDP|PPP","billion USD_2017/yr",58.7695322050768,62.3312194958644,66.2727999828388,69.8752557223201,72.3669962484484,74.1132046268046,75.9382808940866,77.7429333643448,79.2079876776483,80.2695749131428,81.1095071965228,81.9177535997553,82.672571221069,83.3884043170315,83.930556538352,82.6618519840385
"IIASA GDP 2023","SSP4","Belarus","GDP|PPP","billion USD_2017/yr",181.010312153658,193.742064523444,204.793941176827,209.418621980205,215.894308961617,221.873483037293,228.576379114358,235.593422545275,239.817836987516,241.123322991451,242.26864515043,243.942721137212,245.736093417175,246.759787073253,246.019090103453,238.322916545608
"IIASA GDP 2023","SSP4","Belize","GDP|PPP","billion USD_2017/yr",4.18457132618583,5.7381465183112,7.61315371857081,9.54449646660884,11.4661200962355,13.2988204152398,15.1366991336359,17.0040377158612,18.8667404732982,20.663261107612,22.4308026796159,24.2102254831656,25.9879531398946,27.7814366681027,29.6329739102342,30.1149037964522
"IIASA GDP 2023","SSP4","Bolivia","GDP|PPP","billion USD_2017/yr",106.314083359068,130.783675729661,158.475413582077,188.618136909379,220.135908068426,251.508401231655,283.677996359137,317.68717993016,353.443862894291,389.215126825219,425.930722330155,463.026027111458,500.898126567771,539.826703126985,579.851315309102,590.321211126125
"IIASA GDP 2023","SSP4","Brazil","GDP|PPP","billion USD_2017/yr",3392.20226731634,3708.7705645595,4059.71393492541,4470.6038571147,4913.37684002289,5376.65754952094,5839.43314277716,6325.11322271998,6787.82973658016,7227.42148482668,7638.58532895488,8040.39791132826,8436.41480034504,8843.69609148584,9257.46328503629,9274.9180542823
"IIASA GDP 2023","SSP4","Barbados","GDP|PPP","billion USD_2017/yr",4.76360632680045,5.22320427373368,5.75657862032582,6.42442156923574,7.15972187984982,7.86572593924629,8.52880855327487,9.19190493638579,9.84633670314695,10.4959463443681,11.1872360840717,11.9116869391436,12.6437893303404,13.3859834746474,14.1513867779394,14.2918173235068
"IIASA GDP 2023","SSP4","Brunei Darussalam","GDP|PPP","billion USD_2017/yr",29.0655958852504,31.4353921600519,33.8897296343563,36.3596413149611,38.8830616846251,41.4386345888277,44.2025817970326,46.9858312771309,49.6645402228791,52.0929788577555,54.4455689921725,56.6859218833904,58.9183577952088,61.1455524300026,63.3459577097156,62.6463088431367
"IIASA GDP 2023","SSP4","Bhutan","GDP|PPP","billion USD_2017/yr",9.66589411185819,10.8303756381601,12.1873543867871,13.6669835277196,15.2762417692362,16.8815082313511,18.6077867733429,20.3397798761648,22.0816320262816,23.6106028512713,24.8728105630871,25.9615741682989,26.9807344983717,27.9671312268995,28.938713433113,28.7481099367886
"IIASA GDP 2023","SSP4","Botswana","GDP|PPP","billion USD_2017/yr",46.1822203881881,55.6664808282561,65.7972070893495,75.7848352654667,86.0363423601429,97.4164396979287,109.010191032074,120.402000245301,131.520428964873,142.076629531328,152.062045764948,161.43059149468,170.217878866781,178.744195769564,186.809185670467,183.615633168603
"IIASA GDP 2023","SSP4","Central African Republic","GDP|PPP","billion USD_2017/yr",5.0676651179145,7.42570462819874,10.5973833041183,14.4391214294989,18.9710538745841,24.1656575689519,30.0830348305093,36.6007068801102,43.756636977128,51.5106336062873,60.0256510213405,69.3239417022286,79.2976949249896,89.9165890037337,101.203821303066,106.19464671612
"IIASA GDP 2023","SSP4","Canada","GDP|PPP","billion USD_2017/yr",2019.170471196,2131.36504621042,2211.90940163326,2277.8933426892,2337.71157280788,2426.18209397664,2482.05161802808,2550.39089495442,2623.26464823761,2678.0870738726,2734.17657610014,2799.55263583077,2861.91223598869,2914.18367345371,2950.08846480765,2906.2078004273
"IIASA GDP 2023","SSP4","Switzerland","GDP|PPP","billion USD_2017/yr",650.854584532633,695.987015345993,743.19841691116,786.474217545407,832.701609361215,879.652680768984,930.052762292839,986.441436566698,1040.25957850763,1081.99269570983,1114.2745757362,1143.02522041767,1167.59997101234,1187.08296130185,1199.78956715505,1178.97162888116
"IIASA GDP 2023","SSP4","Chile","GDP|PPP","billion USD_2017/yr",505.883156545841,575.361133570381,645.510533440342,711.102175608319,778.353228255602,838.030880512028,886.479380552479,923.679576298402,957.00336533993,986.476979164594,1011.13351963722,1034.32549069689,1056.71883481409,1078.12649819319,1098.0535190073,1075.49649250286
"IIASA GDP 2023","SSP4","China","GDP|PPP","billion USD_2017/yr",22283.426,23933.6342773149,25735.0689138825,27965.1101514065,31162.3694833533,33661.8589575581,35296.9644533445,37334.8887903986,38970.5864333823,39823.1267048151,39752.2318550818,39314.5517762146,38809.0297065806,38450.3016221497,37525.0704839522,35554.2263556618
"IIASA GDP 2023","SSP4","C?te d'Ivoire","GDP|PPP","billion USD_2017/yr",188.857810972143,228.400741821076,276.083760424463,330.887573791244,392.896630014796,459.949681838064,532.356656246567,608.168031516036,686.927987103614,766.698744927233,847.424674413905,931.493907466099,1021.54542239237,1116.29835312115,1216.60172887627,1246.41131567095
"IIASA GDP 2023","SSP4","Cameroon","GDP|PPP","billion USD_2017/yr",118.784401667742,163.472155582355,220.156077808848,285.697169346331,358.504102237833,436.591441779531,520.363407427132,608.905734596956,700.667115374639,793.022006327956,885.822084906055,979.466868789529,1073.9240300358,1171.70386368141,1272.99120355114,1296.2257493709
"IIASA GDP 2023","SSP4","Democratic Republic of the Congo","GDP|PPP","billion USD_2017/yr",136.66455079956,209.654343422324,314.138929356416,451.240915189052,624.342794218879,836.247873907865,1093.53376870942,1398.97134827264,1757.15251963785,2170.51417796715,2644.69921405559,3178.81176334636,3772.15190402516,4426.32468571347,5143.19189707433,5588.25605454908
"IIASA GDP 2023","SSP4","Congo","GDP|PPP","billion USD_2017/yr",22.9554304483698,27.6617535247777,33.1421610446665,39.6001568225023,46.9504122217613,55.1372811596738,64.2955514490781,74.4730337425628,85.6725095819523,97.3008435828395,109.407782599903,122.308697572141,136.226261193842,151.156693639796,167.137252507722,174.001648322909
"IIASA GDP 2023","SSP4","Colombia","GDP|PPP","billion USD_2017/yr",868.618228589418,1033.3584362545,1210.95949172119,1384.68269059422,1551.05536564792,1696.50038151476,1841.21326438705,1979.12107789414,2111.69937778102,2229.58698161484,2338.99935397714,2445.39308535913,2550.87925046155,2660.61004534031,2774.96561551218,2767.40923189113
"IIASA GDP 2023","SSP4","Comoros","GDP|PPP","billion USD_2017/yr",3.01945633146699,4.23983362906081,5.76837976183476,7.46640095795054,9.32913587944024,11.284661264929,13.3005586471784,15.368493865218,17.4556684852634,19.5595296212598,21.683897155636,23.8877705089712,26.1921105394681,28.6656094963528,31.282610137979,32.1426409120259
"IIASA GDP 2023","SSP4","Cabo Verde","GDP|PPP","billion USD_2017/yr",5.04697165351149,5.87297764367345,6.7860445272079,7.80633654556177,8.90395352910755,10.0643778576023,11.1932548077384,12.3349556916212,13.5157835651141,14.6856848657889,15.7611697412596,16.8036582986711,17.8501309543439,18.9535458234829,20.1525555739316,20.5156514149033
"IIASA GDP 2023","SSP4","Costa Rica","GDP|PPP","billion USD_2017/yr",121.175875529843,133.628123764993,147.438795434287,162.187349246233,178.046480674461,192.998531410586,208.218272706003,223.559088031608,238.077578125878,251.368215477799,263.140593888692,274.672480387955,286.141018138307,297.993841029771,309.743126264397,308.338347424694
"IIASA GDP 2023","SSP4","Cyprus","GDP|PPP","billion USD_2017/yr",43.0416234629113,50.2980255895845,57.2041540657146,62.0353611986245,66.3089754028756,70.1239844907901,73.9881014391862,77.8189702520322,80.4017167784901,81.4509530084404,81.9358116894078,82.2680658355924,82.0718702751205,81.4016017498506,80.2175820506418,77.1779582400799
"IIASA GDP 2023","SSP4","Czechia","GDP|PPP","billion USD_2017/yr",462.081129318046,468.111445361136,476.190670216704,488.226540058979,496.829796557186,507.215772219939,516.914539944897,532.071584477499,541.789372822109,543.183316422938,540.258569650407,536.985986046979,534.371021162145,532.143607426336,529.642898853031,518.752575248709
"IIASA GDP 2023","SSP4","Germany","GDP|PPP","billion USD_2017/yr",4667.03275848271,4745.47327092894,4840.22938397552,4974.76003574899,5027.18843963248,5094.32683381833,5140.27093713452,5294.05113047962,5455.74788311534,5617.9013409767,5763.73844935163,5893.06521049283,5997.49760051971,6082.25591365627,6145.81816010571,6071.1974211561
"IIASA GDP 2023","SSP4","Djibouti","GDP|PPP","billion USD_2017/yr",6.4756236837176,7.79886877187071,9.22673372398425,10.6059957662197,11.9270369484332,13.1990373799192,14.4511144423401,15.6632131518599,16.8304769180775,17.9853279093471,19.187765398981,20.4467372511236,21.7593485469647,23.1004640798248,24.4781535105944,24.5127871222567
"IIASA GDP 2023","SSP4","Denmark","GDP|PPP","billion USD_2017/yr",361.315657463635,370.763702850563,381.388026956615,391.656841950647,401.925234885774,417.315180832584,431.943053515512,445.652601873263,460.429143882164,473.431186004429,485.962939424983,498.828573639152,510.10646602948,519.140119323035,525.471021686983,516.989622622769
"IIASA GDP 2023","SSP4","Dominican Republic","GDP|PPP","billion USD_2017/yr",249.716185034686,286.956830524502,326.792309521524,367.913216091061,412.139141752715,455.98463884096,499.675614892139,541.673504606067,585.768422517288,627.336228281713,666.31288417476,703.327918856915,740.768120629784,779.479181107994,818.34912942087,817.689696439744
"IIASA GDP 2023","SSP4","Algeria","GDP|PPP","billion USD_2017/yr",530.710596835812,672.641441419349,843.243931769914,1037.94325190636,1252.31170802808,1475.68376641915,1711.93487223532,1955.35095976132,2203.02112402417,2436.11371994649,2661.23474958548,2884.36048109983,3121.95745480855,3368.6237526768,3610.19929861197,3662.6175158216
"IIASA GDP 2023","SSP4","Ecuador","GDP|PPP","billion USD_2017/yr",212.656797266798,255.774769644774,300.933133350549,346.29255935649,389.695148461835,431.791612252987,475.484648661097,519.503175093122,563.207173445237,603.290196970164,642.057928008714,680.490994034098,719.742951864813,758.98140852504,799.229826781088,802.684873897309
"IIASA GDP 2023","SSP4","Egypt","GDP|PPP","billion USD_2017/yr",1630.49694392023,1930.58660965999,2295.67318315456,2733.87722635187,3258.12806220285,3868.73934165151,4559.2757300221,5283.65834381307,6052.49245787569,6868.73555307786,7732.14484940874,8609.43089548153,9543.57769645218,10540.2128946772,11558.7152200911,11968.9929403447
"IIASA GDP 2023","SSP4","Eritrea","GDP|PPP","billion USD_2017/yr",7.04021233485556,9.03092605625732,11.3591414253294,13.823969597285,16.367617292476,19.0250379914243,21.7818736012068,24.6220981541373,27.5102442973733,30.4523941951443,33.6265564617342,37.1463983136669,40.9973508587125,45.1588845655142,49.6867568546134,51.6278361098036
"IIASA GDP 2023","SSP4","Spain","GDP|PPP","billion USD_2017/yr",2006.039814467,2139.0788472217,2274.29853053837,2409.51780004566,2525.04066288266,2613.44386568751,2687.47383408404,2776.76778293759,2821.12910487912,2822.37646863924,2821.95857658221,2851.20408387145,2901.05596336423,2959.13884336825,3001.53309609487,2962.87725895798
"IIASA GDP 2023","SSP4","Estonia","GDP|PPP","billion USD_2017/yr",53.8606681973858,53.2473875873489,52.2054683570243,52.042593554179,51.8803750227418,52.3827126505551,53.1093135651529,54.7466414691553,55.5884495857803,55.8189525562487,55.8700622584768,56.1177865562078,56.373447179615,56.4689853363751,56.3166900357567,54.6491540558027
"IIASA GDP 2023","SSP4","Ethiopia","GDP|PPP","billion USD_2017/yr",364.128455195493,453.829328674934,555.82287039419,666.56944402366,787.419022055606,918.707018121405,1061.78474880912,1213.17831875204,1369.51011660509,1529.23064276344,1696.97027774375,1876.78008161389,2066.12922178341,2264.15477917735,2467.61486022475,2527.78092435831
"IIASA GDP 2023","SSP4","Finland","GDP|PPP","billion USD_2017/yr",282.872594522071,308.503936959655,331.35545346019,343.062063792166,350.392372637289,355.961204306084,362.136878473837,371.976333880562,381.406064395926,387.803552070938,393.290423273268,400.640709906752,408.781675492998,415.809519437,420.160962020047,412.127903349186
"IIASA GDP 2023","SSP4","Fiji","GDP|PPP","billion USD_2017/yr",12.9135270098024,15.0753227225502,17.41105666937,19.686958546064,21.8281197719559,23.7653573630444,25.6033037357499,27.3260356300424,29.0405685936401,30.7977248524305,32.552863992017,34.443623138935,36.4622197474095,38.7053541168051,41.1508223322174,41.6424221607771
"IIASA GDP 2023","SSP4","France","GDP|PPP","billion USD_2017/yr",3259.59509244807,3553.32431157866,3821.73076471393,4048.01660991743,4274.0802977085,4495.54912797913,4722.50120805055,4959.13396906954,5167.46050952763,5337.52380477357,5500.88960145543,5676.90437135203,5851.15391474561,6006.80321428878,6132.46240624357,6080.86538141172
"IIASA GDP 2023","SSP4","Micronesia","GDP|PPP","billion USD_2017/yr",0.351408271704047,0.389190962798276,0.426522242261877,0.467267210251621,0.506468137649243,0.543060602628989,0.576110928284663,0.610831842520327,0.650164734339854,0.695186360513268,0.745875069914252,0.801101843907901,0.860066930180022,0.923718229662856,0.994578168790657,1.0240524957723
"IIASA GDP 2023","SSP4","Gabon","GDP|PPP","billion USD_2017/yr",36.3754111664013,41.9148271236079,48.1911038550955,55.0549807271475,62.4758012089272,70.2196288206971,78.1671707729175,86.1540854601618,94.1437934460712,102.289256102491,110.538251075823,118.797193409449,127.205060167744,135.953339651627,144.887774483194,145.425784595012
"IIASA GDP 2023","SSP4","United Kingdom","GDP|PPP","billion USD_2017/yr",3236.79899188594,3380.51391336966,3497.31039272029,3612.78993778075,3773.05200948823,3903.72620475683,4025.11624199033,4150.34778973952,4244.59217871457,4294.47108485949,4375.99504615028,4494.32740086428,4626.97120589486,4754.14069449619,4857.78790732913,4818.37996223558
"IIASA GDP 2023","SSP4","Georgia","GDP|PPP","billion USD_2017/yr",72.6148718589055,69.9410527642341,66.8622595054919,64.0028167072251,63.0913069264687,63.7720939489855,64.6065306676266,65.2188575955607,65.132754015852,65.007086813221,65.2054185655817,65.9729643331747,67.0864563766378,68.3959052729216,69.5025656391416,69.0013868912705
"IIASA GDP 2023","SSP4","Ghana","GDP|PPP","billion USD_2017/yr",202.044150839662,234.604487815498,267.568742750475,313.97511463813,371.98069193102,440.56117495569,522.716886779926,619.725055240717,733.598125105966,863.532898792386,1012.07406853951,1181.48350992489,1374.7638632927,1593.16751752683,1836.72249129024,2002.62240708751
"IIASA GDP 2023","SSP4","Guinea","GDP|PPP","billion USD_2017/yr",44.1092445420644,65.0323470766511,92.8481298437614,125.065712501379,160.827523623777,198.664841515562,238.062024973755,277.579295620209,316.76983966558,355.333961797137,393.735662161289,431.588733511428,469.83359965557,509.055304626416,549.435236875464,555.964987719079
"IIASA GDP 2023","SSP4","Gambia","GDP|PPP","billion USD_2017/yr",6.79833402901597,9.23805190625738,12.2847730448761,15.7864051905671,19.793348711021,24.2559985982475,29.1004902921284,34.3635209894206,40.0462128087753,46.0820918177583,52.4399590423078,59.3813003844123,67.0116020708145,75.3901909255812,84.4248212170808,89.2228112218859
"IIASA GDP 2023","SSP4","Guinea-Bissau","GDP|PPP","billion USD_2017/yr",5.35080159759508,6.72496318378583,8.30079295543224,9.99306032427203,11.758513155162,13.5988591925258,15.5388526269044,17.5426343952863,19.6144616100037,21.7266047267533,23.9445630890757,26.2911142374707,28.7662966347145,31.3710492990753,34.0981904530005,34.9491129686801
"IIASA GDP 2023","SSP4","Equatorial Guinea","GDP|PPP","billion USD_2017/yr",19.5757421653159,21.0471671875135,21.9678698077775,24.043017640869,26.8370301595187,30.2528763989589,34.1979907415532,38.8653835046589,43.8786967924612,48.9672972181171,53.9413240580296,58.9500185678745,63.9694844376593,68.8612863330286,73.5191491192166,73.6296150239714
"IIASA GDP 2023","SSP4","Greece","GDP|PPP","billion USD_2017/yr",351.053029717688,387.570685973716,419.802545075595,444.252283234679,465.486765146128,483.267311218147,497.423216313528,507.852951186915,511.567955779153,509.657979445652,506.959025922352,506.711237102977,506.431314044592,509.25602571476,513.233837247726,506.636112871015
"IIASA GDP 2023","SSP4","Grenada","GDP|PPP","billion USD_2017/yr",2.02204801641706,2.26195827121732,2.52288103918011,2.83829274699717,3.1547172366516,3.45708604551422,3.75019236511802,4.06549293520728,4.38402917337727,4.69597950359487,5.01251276215106,5.34901531714771,5.70997973084165,6.097610375816,6.51710655933456,6.63808179185852
"IIASA GDP 2023","SSP4","Guatemala","GDP|PPP","billion USD_2017/yr",176.127286998994,200.711060380863,228.596947688468,258.365186310477,290.546449002954,324.146781692696,360.386662559283,397.305256059964,435.662017704385,475.749001173172,519.194904999996,565.493361986816,613.858082513732,664.189271432484,717.166810840392,736.758609544138
"IIASA GDP 2023","SSP4","Hong Kong","GDP|PPP","billion USD_2017/yr",471.694224170903,505.068398160288,544.216733464256,566.46853823762,600.733787772142,638.987017931632,679.111316896973,721.091677271867,757.439271650709,778.653444429644,791.071081934762,801.06450821407,808.889486184724,814.167196147311,815.142134658429,796.173197278481
"IIASA GDP 2023","SSP4","Honduras","GDP|PPP","billion USD_2017/yr",66.3333673841409,79.7171989561266,94.6905142458038,110.077254060332,126.17150244636,142.912433485778,160.878625465825,179.193970509133,197.852742683083,216.526978666991,236.022727086484,256.291663875422,277.202283745387,298.840813350045,321.62553456773,329.592568278754
"IIASA GDP 2023","SSP4","Croatia","GDP|PPP","billion USD_2017/yr",140.003450917203,143.155094942235,147.583238715218,153.253926245458,156.826123402039,159.684509029471,163.210560378197,168.141752132198,172.317807196026,174.977274770302,177.025608138505,178.904053315869,180.512268971217,181.5163397236,181.733140121963,177.453977636678
"IIASA GDP 2023","SSP4","Haiti","GDP|PPP","billion USD_2017/yr",33.2815285100113,41.8320134481293,51.5743790320739,62.2992870841022,73.7125821798666,85.2907941715236,97.2175671226886,110.076943676564,124.057127230033,139.083529081171,155.462256801588,173.586169981429,193.584099222419,215.717132919128,240.198309642808,254.206662382354
"IIASA GDP 2023","SSP4","Hungary","GDP|PPP","billion USD_2017/yr",371.278751225674,389.869907128772,407.78444170651,427.735652915806,432.794369411982,439.442353661025,440.805715804635,454.252768921127,458.668861920318,455.73400767059,449.543912145169,442.540049659412,434.594998926528,425.844046046018,416.088551214539,396.841568110677
"IIASA GDP 2023","SSP4","Indonesia","GDP|PPP","billion USD_2017/yr",3451.7241,3881.07189453672,4369.81248526248,4929.25749536342,5564.77263084994,6275.81243314956,7054.05797009875,7859.78406330961,8669.61570171539,9470.948002559,10244.641709168,10995.5960322437,11739.6765955527,12480.0117369026,13221.5886851458,13313.4619550232
"IIASA GDP 2023","SSP4","India","GDP|PPP","billion USD_2017/yr",12006.6099114987,14081.9164510295,16441.8367178964,19078.5425046559,21932.2368101612,24835.8014463585,27967.404682306,31422.3697284155,35072.5271489721,38787.5915135744,42458.8925063436,46175.4044092249,50049.7790312035,54168.6804946732,58535.3873464151,60049.1597581801
"IIASA GDP 2023","SSP4","Ireland","GDP|PPP","billion USD_2017/yr",661.556962025926,708.352096504606,758.714447876537,806.840872981683,856.440170261646,901.471805898557,944.87410028734,989.675724963701,1021.0018276239,1033.57755413672,1038.27137481913,1044.62242244327,1051.8784449577,1056.10850897763,1052.51110546916,1014.8554131671
"IIASA GDP 2023","SSP4","Iran","GDP|PPP","billion USD_2017/yr",1437.16471921122,1623.49599365166,1827.46638096597,2021.98307646615,2244.65049359116,2458.22506927835,2677.75755451246,2944.55789557579,3202.07522166866,3409.441548834,3531.86334866021,3616.13755833127,3679.54426817716,3747.3562695967,3798.70323621532,3765.32067394614
"IIASA GDP 2023","SSP4","Iraq","GDP|PPP","billion USD_2017/yr",483.811357306205,592.288601189335,715.320747011209,848.904610836296,996.540727044191,1151.80332188891,1319.74076145514,1489.46917410183,1662.90344079585,1837.03392182296,2015.32714857001,2195.66402158788,2386.95517617958,2590.77877720135,2801.83315315991,2862.15636370622
"IIASA GDP 2023","SSP4","Iceland","GDP|PPP","billion USD_2017/yr",22.6502870185014,24.414579351697,26.0288193859414,27.3145566921038,28.2505607147312,29.161775942672,30.2488655634395,31.4900758021596,32.7420831307509,33.846059237419,34.8201662477994,35.7548222138485,36.6018157543483,37.3460050531426,37.9523063964222,37.5608908609138
"IIASA GDP 2023","SSP4","Israel","GDP|PPP","billion USD_2017/yr",464.218654823903,534.174214229408,601.869470274804,659.626413963789,711.908441321384,768.600066182091,825.967555645039,882.377528081022,929.828819311574,970.687884979373,1007.18113965111,1047.702820386,1091.97054958313,1138.93678750646,1185.80065270071,1192.2863768679
"IIASA GDP 2023","SSP4","Italy","GDP|PPP","billion USD_2017/yr",2659.36962307793,2824.00058224984,2969.67316499328,3105.37842866078,3225.82080740525,3323.41974107253,3418.80865160942,3564.18232033055,3685.84876147136,3752.19148525845,3802.1205437131,3865.91210024751,3931.25171074768,3986.04131173936,4013.84150080616,3931.13556274787
"IIASA GDP 2023","SSP4","Jamaica","GDP|PPP","billion USD_2017/yr",29.9504180167319,34.7643765939743,39.7492036627175,44.7918903136975,49.7442784094352,54.6883225074817,59.4387265020995,64.1207855249789,68.894321006115,73.7664458475974,78.596882700853,83.632131404215,88.6581136115809,93.8445776700925,99.270864983638,100.795120043656
"IIASA GDP 2023","SSP4","Jordan","GDP|PPP","billion USD_2017/yr",114.730110235439,132.193091321994,152.101084544834,177.058881696946,206.430636690323,237.964837329117,271.864252290145,308.327880206091,347.882423529197,389.922777840596,433.68958246915,480.128500696209,528.797963446514,578.104582813477,628.191189853645,650.566469908793
"IIASA GDP 2023","SSP4","Japan","GDP|PPP","billion USD_2017/yr",5351.99120175152,5428.75796832829,5019.37707712552,5722.71432885846,5734.47741571144,5786.81236025684,5490.06686296997,5694.6050600619,5815.49526080367,5847.5062969034,5829.17570080745,5801.78387518782,5763.08711217962,5697.47004820116,5592.80307376796,5367.27834831144
"IIASA GDP 2023","SSP4","Kazakhstan","GDP|PPP","billion USD_2017/yr",577.509298375532,614.66745624482,654.999330479861,706.388819032598,759.978850399638,817.524886009134,875.85148905266,934.782047264709,999.051670390729,1064.75349136459,1134.71602404531,1211.38668809919,1294.88660952949,1382.05809553783,1471.38946661413,1486.93970125542
"IIASA GDP 2023","SSP4","Kenya","GDP|PPP","billion USD_2017/yr",310.293106808272,391.10509362327,487.078680634131,596.040263870288,714.746026392367,839.297745774761,973.336114611652,1116.04615207038,1265.15485539715,1418.31592953218,1581.68796196313,1756.65958477526,1944.80903832619,2146.53547875548,2358.79217271134,2437.26379828423
"IIASA GDP 2023","SSP4","Kyrgyzstan","GDP|PPP","billion USD_2017/yr",38.3844727521784,44.727972974779,51.4128852939234,58.7110679517882,66.7061654831307,75.3788788951325,84.461727315728,93.95907503106,104.336001104292,115.900999968151,128.575681127639,142.181240407107,157.121768380033,173.514188988932,191.14570319615,199.96812890789
"IIASA GDP 2023","SSP4","Cambodia","GDP|PPP","billion USD_2017/yr",90.6974818978033,102.71976326287,116.408339282471,131.347144362065,146.837258009189,161.427737682992,177.240839801395,194.839815617212,214.37453093525,234.706949399528,256.36511583818,280.09871453149,306.158884748219,334.711077541005,365.362617610023,378.406935322814
"IIASA GDP 2023","SSP4","Kiribati","GDP|PPP","billion USD_2017/yr",0.253508946647128,0.284262878864878,0.319080967812541,0.360100033853253,0.405621065806593,0.455068966375481,0.508120627234841,0.563707358950566,0.622825218478797,0.685100626900081,0.74990298380754,0.818447931510721,0.89339819540355,0.974873152762525,1.06321983461503,1.09782362820517
"IIASA GDP 2023","SSP4","South Korea","GDP|PPP","billion USD_2017/yr",2500.61692153945,2654.40904909236,2787.86598671498,3103.91141912996,3189.44269227805,3251.42365147798,3082.87687332524,3111.51802480121,3093.21367648396,2983.03898816923,2840.67612956315,2729.25433454246,2635.27758062626,2530.17185159354,2413.76629162006,2253.04500138528
"IIASA GDP 2023","SSP4","Kuwait","GDP|PPP","billion USD_2017/yr",223.195805537891,242.015833516349,259.950779029197,275.588046715797,286.73226761706,298.773100713004,319.071994928873,349.262366431381,373.810807211267,392.681768337617,409.354901780275,425.900320409878,442.997026445837,458.961639611553,472.422070788447,463.204112502963
"IIASA GDP 2023","SSP4","Laos","GDP|PPP","billion USD_2017/yr",65.644306316898,73.508930047703,82.6018443677878,93.406785879473,105.526262144651,118.425729557194,132.755332520975,148.270969794072,164.836594548311,182.117000029015,200.120328446377,218.932250885985,238.894277173556,260.497778771628,283.507761939562,291.108217695675
"IIASA GDP 2023","SSP4","Lebanon","GDP|PPP","billion USD_2017/yr",75.3907914047014,87.7495623789454,101.155338644465,117.207818814443,134.227308640273,150.383391962782,166.464353355198,181.545779702864,196.207038588854,210.254505495096,224.554553219139,238.569369501175,252.817360777409,266.556506869801,280.231534279489,279.853232254369
"IIASA GDP 2023","SSP4","Liberia","GDP|PPP","billion USD_2017/yr",8.84107442807144,11.8926430879786,15.5720948493225,19.6951580573162,24.0809936310313,28.7273538437323,33.6976115163219,39.0608618372975,44.6267135914827,50.3264243356915,56.2706797275494,62.5865711979248,69.2752152113963,76.3190657543964,83.7335694395719,86.6258441373912
"IIASA GDP 2023","SSP4","Libya","GDP|PPP","billion USD_2017/yr",160.523141308348,190.08453928149,224.411036200892,263.23204998756,307.555235571455,356.78181182077,410.127198343789,462.540130593298,514.200754575553,566.747104660043,621.928866244008,678.750479114704,734.676880322866,789.480391455616,843.069982166773,855.870752143805
"IIASA GDP 2023","SSP4","Saint Lucia","GDP|PPP","billion USD_2017/yr",2.89214798076083,3.2531241928122,3.63047660784767,4.05995723298352,4.4941875274358,4.88969016532004,5.22366231246239,5.5366725000421,5.83988018792048,6.13397580597755,6.4259853709398,6.71981720945535,7.00319638636608,7.29610881970208,7.60716260012868,7.60030148422485
"IIASA GDP 2023","SSP4","Sri Lanka","GDP|PPP","billion USD_2017/yr",273.493735420331,311.431623387859,354.207096327683,399.532289839661,446.142861154301,491.802450350126,540.084603036609,586.494962796619,632.876981885077,678.503845834736,724.684427265031,772.715495153556,822.524851002927,873.035714418189,924.52863385664,933.267748386669
"IIASA GDP 2023","SSP4","Lesotho","GDP|PPP","billion USD_2017/yr",5.9455959345825,7.69721874120589,9.75080247610462,11.8890846677366,14.0249457234512,16.0754784672558,18.1272672852957,20.0988651301072,22.0438514980988,23.9624514226121,25.9620823884349,28.0361977426425,30.2321986660665,32.6074678256362,35.1153848258089,35.6579570666779
"IIASA GDP 2023","SSP4","Lithuania","GDP|PPP","billion USD_2017/yr",118.099813723365,111.903229843333,106.340380867076,99.8937785079978,95.2247267194166,94.4805950501902,93.8337797700389,94.7771652715432,93.9822127758455,92.3600435714864,91.213125885509,90.9019169104372,90.8383106703761,90.7518741815172,90.3293699736909,87.7884151545484
"IIASA GDP 2023","SSP4","Luxembourg","GDP|PPP","billion USD_2017/yr",79.5948534480371,85.572669924218,92.0184032428988,99.395192000678,106.837602305419,114.622223857229,122.342220884423,131.592206135264,139.753350099402,145.474532259358,149.433856115109,152.588170914021,154.95766107516,156.429313569445,156.757104737844,152.620453487147
"IIASA GDP 2023","SSP4","Latvia","GDP|PPP","billion USD_2017/yr",65.9260816770814,64.0717781159489,62.521929204546,62.0944194524303,61.2352310105441,60.8489946423536,60.8488060529302,62.337926132301,63.3383175082094,63.6952834725091,63.8479863198095,64.2013919972653,64.5823644585589,64.9719607148114,65.0747669615092,63.4809962942294
"IIASA GDP 2023","SSP4","Macao","GDP|PPP","billion USD_2017/yr",67.8437454017609,73.9962954800954,81.8569244122694,88.3726207955423,95.9454759857942,103.817049839097,111.040708865602,118.580018008091,124.939155003686,129.078567937747,131.266724391105,132.32152921551,132.171948723659,130.997199617804,128.475280321074,122.878245234582
"IIASA GDP 2023","SSP4","Morocco","GDP|PPP","billion USD_2017/yr",335.887979671586,384.493202480704,439.147581459153,505.582802183537,582.146947169442,663.634352247296,758.739415534287,868.505168987507,993.88134063638,1121.23088462519,1249.05940232774,1379.30059256675,1516.10366801189,1660.82833733243,1810.38625051472,1871.5393442297
"IIASA GDP 2023","SSP4","Moldova","GDP|PPP","billion USD_2017/yr",37.5417461170246,36.9076013532627,36.684430472437,36.5495196167243,36.768427531546,37.3361072987333,38.0629930753594,39.2711364309553,40.6266747685498,41.8386068103198,42.758044503019,43.5991515018649,44.5446280705736,45.7905846665304,47.0762902380301,47.1999183997658
"IIASA GDP 2023","SSP4","Madagascar","GDP|PPP","billion USD_2017/yr",51.0719666851475,68.3371935754152,89.6208155605419,114.126989442063,142.575365783524,174.72051245461,210.771504898631,250.65561647975,293.777247334628,339.792633527204,389.321861401555,443.172930872072,501.424927795376,564.336763688883,632.548782006907,670.140363043133
"IIASA GDP 2023","SSP4","Maldives","GDP|PPP","billion USD_2017/yr",13.2677513754523,15.5274088127387,17.9355674928609,20.2832810858047,22.4599685260625,24.5344187054955,26.7568699307067,29.01798049215,31.1863809064668,32.8320329431269,34.0334495526332,34.9083569457898,35.7054710330512,36.4452945755494,37.2333987700095,36.6080785004915
"IIASA GDP 2023","SSP4","Mexico","GDP|PPP","billion USD_2017/yr",2639.13542053343,3059.06392772442,3499.51518194414,3944.87944140322,4389.32046074605,4826.82994911431,5282.15209575376,5729.07985968363,6178.93656966654,6613.47725906209,7046.06720383903,7478.97016622439,7919.44936352445,8368.03918269443,8827.77087274695,8883.31569242312
"IIASA GDP 2023","SSP4","North Macedonia","GDP|PPP","billion USD_2017/yr",38.3480561789904,39.7603276214594,41.3599426351481,43.6658151143658,46.267188353671,48.9785777421808,51.6581719491534,54.5561794758863,57.5198404834842,60.2501002964236,62.8094235785117,65.0533207963076,67.0692082982281,68.8093104377893,70.2940288287349,70.1225138622596
"IIASA GDP 2023","SSP4","Mali","GDP|PPP","billion USD_2017/yr",55.9786426495079,78.4269301303205,107.380508303565,141.300463220075,179.697909686061,221.3459456262,266.018389389462,313.376174255272,362.952741872004,413.853318074693,466.320375970591,519.757012138939,574.470699975179,630.455112648601,688.413082909439,701.613121717506
"IIASA GDP 2023","SSP4","Malta","GDP|PPP","billion USD_2017/yr",28.4090943341889,33.1099614464216,37.561322229706,40.1686086815072,41.8846291251841,43.1012887125447,44.30363174149,45.7431540753874,46.7833667425577,47.3186331833778,47.4816966621883,47.395891377183,47.0279573724247,46.5113561018249,45.9034314164454,44.3789405216731
"IIASA GDP 2023","SSP4","Myanmar","GDP|PPP","billion USD_2017/yr",238.776552914578,270.584382880099,305.860152366155,344.60525833099,387.484059310942,430.597254909973,474.128070826171,517.937953596752,562.754693355093,605.684805821213,648.247713675468,691.326551743986,737.682194478314,788.318125523093,843.761936531939,857.689340113331
"IIASA GDP 2023","SSP4","Montenegro","GDP|PPP","billion USD_2017/yr",14.9551865290612,15.2530174700649,15.689473901926,16.3330322717848,17.139468179434,17.9126260892039,18.7794617338891,19.7010363916782,20.6527538581251,21.3952054702191,22.0529485188188,22.6490448429801,23.1824750256909,23.6307522775472,23.9800144206444,23.6954718123392
"IIASA GDP 2023","SSP4","Mongolia","GDP|PPP","billion USD_2017/yr",47.8621523477306,54.932731551523,63.2503873487258,73.1621643507748,86.1133236017209,101.505003579926,119.004259671496,137.78653493833,158.899995945456,181.578978996991,205.555284726026,231.62072510625,260.023369963991,290.201817219142,321.077777749867,333.689903306077
"IIASA GDP 2023","SSP4","Mozambique","GDP|PPP","billion USD_2017/yr",48.9487475545762,67.1643882769606,90.1190463847117,116.82370860579,147.395202039752,181.630216747316,219.732558142154,261.055238441067,306.0550410948,353.824640912711,404.721982548141,458.440570407814,515.781425963846,576.658623168345,640.926355759269,666.729256924704
"IIASA GDP 2023","SSP4","Mauritania","GDP|PPP","billion USD_2017/yr",30.0654149644795,39.0261194467084,50.0702435478724,62.8863264192692,77.5212799790528,93.7505273231545,111.768978049006,131.451193926312,152.50300746602,174.369246684362,196.94861293501,220.63034760377,245.65830154814,271.980106405515,299.489338789564,309.876624588576
"IIASA GDP 2023","SSP4","Mauritius","GDP|PPP","billion USD_2017/yr",32.3692876386321,33.8056535528385,35.7394313984948,38.1138471534764,40.5339694665322,43.0452459915221,45.9269338451441,48.7081312994106,51.3218218588966,53.5229476949087,55.6297970364369,57.6559232037734,59.4891043706506,61.1931201288091,62.9295169472424,62.1215088592822
"IIASA GDP 2023","SSP4","Malawi","GDP|PPP","billion USD_2017/yr",33.4099104332771,46.903052669006,64.5175253103946,86.0389525141559,111.381450908336,140.701264209097,174.567731195888,213.36338635372,256.946715007692,304.57775335041,357.173741786024,414.764273440124,478.520634957031,548.412962666482,625.324793571393,669.291946509567
"IIASA GDP 2023","SSP4","Malaysia","GDP|PPP","billion USD_2017/yr",1095.28384037636,1266.97082557419,1451.87755249789,1641.94340177388,1824.12552093927,2001.96735773551,2178.42839890712,2380.91323656967,2575.25027438823,2759.53187778742,2927.41798666463,3088.63392743767,3239.03647202556,3382.68995433783,3514.68038281437,3523.31165821171
"IIASA GDP 2023","SSP4","Namibia","GDP|PPP","billion USD_2017/yr",25.9697072800231,29.4805607884393,33.5581326360637,38.1592763351243,43.4974797311929,49.3959837033726,55.7693601592858,62.4576853498468,69.6695797877278,77.3926851037428,85.6789966780604,94.465367469807,103.779915891605,113.72116441812,124.40611587084,128.323488440447
"IIASA GDP 2023","SSP4","Niger","GDP|PPP","billion USD_2017/yr",42.6123239943194,63.1203280585435,91.3361984977295,127.029331492158,171.216945966595,224.724977681273,289.231835366814,364.361900563178,450.124137164968,546.953872031038,655.473065739079,776.335354367679,908.443590433838,1051.70403291009,1202.40507828599,1273.09918298313
"IIASA GDP 2023","SSP4","Nigeria","GDP|PPP","billion USD_2017/yr",1187.62697833403,1539.16290833034,1978.73998684868,2510.24763747432,3150.47367442872,3891.95287018748,4753.58644286221,5730.25848221204,6831.39009631611,8061.87180987868,9449.19925021281,10997.3550443606,12712.937805989,14580.8939541799,16583.9266762703,17600.1146743052
"IIASA GDP 2023","SSP4","Nicaragua","GDP|PPP","billion USD_2017/yr",44.2434675830559,55.6044038706287,68.3594898943966,81.3777491133435,94.7577148839949,108.07968812397,121.810387915259,135.834874437608,150.561229822665,165.372139613192,180.353877484107,195.85544535332,212.098804777865,229.700851084054,248.72024901476,256.474308983235
"IIASA GDP 2023","SSP4","Netherlands","GDP|PPP","billion USD_2017/yr",1082.42209751997,1139.93552266222,1198.35176082514,1246.30424629759,1308.47711327091,1370.54666654126,1437.62783435124,1500.9594944438,1557.36387427174,1605.60133966485,1650.90157788505,1696.34342394579,1735.96486801912,1766.26777533763,1785.5695933673,1760.33571350043
"IIASA GDP 2023","SSP4","Norway","GDP|PPP","billion USD_2017/yr",385.855286006426,410.813676046269,436.803248429691,461.435472812005,484.177353745589,506.231001757124,530.177680377333,563.991231006534,593.707189379088,613.733476068266,630.205422805938,646.819219995163,660.54019736841,669.696828921158,672.996599474904,655.287874683284
"IIASA GDP 2023","SSP4","Nepal","GDP|PPP","billion USD_2017/yr",140.575475105776,162.750323401364,187.74944445922,214.693644419532,244.436557063082,275.917554463069,311.645270466308,350.629203126006,394.319062561999,442.475018381834,496.428344683829,556.083474625188,622.028427847424,695.589353982145,779.218143172423,833.63911537613
"IIASA GDP 2023","SSP4","New Zealand","GDP|PPP","billion USD_2017/yr",235.055202726274,251.685822356213,267.418700523396,281.212871786011,295.763854439333,306.964678325243,317.005829432968,328.049489989989,337.035504843754,343.219177952767,348.397366271724,353.791205099175,357.519593371088,362.325636698816,367.127224450265,363.483124339445
"IIASA GDP 2023","SSP4","Oman","GDP|PPP","billion USD_2017/yr",176.86736837196,202.586757027603,230.02720612829,255.356949620433,279.414366586408,303.701182337322,327.72303427195,353.4536513737,379.713555065183,399.297568985796,414.38125071075,428.913351468907,445.66335313558,464.028358077429,483.23722019267,479.084857072378
"IIASA GDP 2023","SSP4","Pakistan","GDP|PPP","billion USD_2017/yr",1395.66078099173,1749.26997195877,2167.87232331408,2660.20372308826,3216.4419012316,3827.49313212097,4524.72216349736,5302.39980982111,6176.00330957434,7120.26858359434,8160.06358453179,9304.11717726588,10577.4142672227,11991.2661370292,13521.9810221059,14380.8602529697
"IIASA GDP 2023","SSP4","Panama","GDP|PPP","billion USD_2017/yr",157.844493567714,172.78379666322,189.067995979856,207.799549733706,226.801840430359,245.678566159349,264.954668851723,284.757009476222,304.249517061479,322.660543186741,340.516048347872,357.093554247025,373.031918218251,388.283065482719,403.667022203906,399.118382355726
"IIASA GDP 2023","SSP4","Peru","GDP|PPP","billion USD_2017/yr",481.750150671463,550.066554743626,623.156870582651,699.230904121659,772.427097528785,844.971707533333,921.815829259539,1004.63416924288,1088.37620466682,1171.44948598363,1253.89117529465,1339.25503971919,1429.19533254081,1525.51686224365,1627.20931488272,1654.63553509114
"IIASA GDP 2023","SSP4","Philippines","GDP|PPP","billion USD_2017/yr",1180.64805373717,1527.69626950093,1927.67740534451,2352.52147666214,2788.32227104432,3221.92664278591,3654.70773950941,4094.54386457231,4544.08697651407,4998.3753178217,5467.42597635217,5959.60529006138,6456.91254550234,6944.40928171175,7433.02750133912,7529.8923415168
"IIASA GDP 2023","SSP4","Papua New Guinea","GDP|PPP","billion USD_2017/yr",37.0469882401036,42.2724150345648,48.7950638470156,57.2269235990167,67.2361644145554,78.569664595663,91.504073043233,105.918961095997,121.372218485024,137.470450707065,154.600400582534,173.092933178498,192.898510131859,214.280074585873,236.851928289563,248.253903884684
"IIASA GDP 2023","SSP4","Poland","GDP|PPP","billion USD_2017/yr",1477.21268765591,1472.09973906256,1456.65425153851,1541.70454256658,1580.68105436284,1611.28851123543,1591.9539376476,1612.46340838185,1616.11060279205,1598.91043897178,1567.87423476195,1542.87164997183,1517.67106475187,1495.67793609652,1471.83800396051,1415.86857082221
"IIASA GDP 2023","SSP4","Puerto Rico","GDP|PPP","billion USD_2017/yr",109.164091635592,108.10491649276,106.829619357705,104.239878593311,104.11670820166,103.964095523976,103.398275295061,102.368789797696,101.862575825056,101.685024852723,102.555419589345,104.251404606452,106.325231323889,108.547667635258,110.698700026244,108.696242945346
"IIASA GDP 2023","SSP4","Portugal","GDP|PPP","billion USD_2017/yr",389.803229677983,414.112095139576,441.167163630583,468.214110298372,496.690282266212,523.609892278252,544.17907013891,560.20592852355,569.095362990046,570.400360803475,570.235688376764,571.411638816129,573.750298226106,579.692409461012,586.186109028596,579.753797618686
"IIASA GDP 2023","SSP4","Paraguay","GDP|PPP","billion USD_2017/yr",102.838449065189,120.11042251269,139.835187819227,161.314172498167,183.8526280515,206.156054179992,229.05941762746,251.992774904024,274.977403415575,297.346587692155,319.460902301627,341.707203875894,363.43599263642,385.751791110454,408.509400857553,411.507399423019
"IIASA GDP 2023","SSP4","Palestine","GDP|PPP","billion USD_2017/yr",32.6890723878529,44.2438334887165,58.0461741292265,72.84213459312,89.2912100858343,106.887415260985,125.102937981331,142.894458882683,160.911389090965,179.112308588085,198.150405037805,217.861516666715,238.839643675411,261.337392530609,284.496271372551,292.856715561004
"IIASA GDP 2023","SSP4","Qatar","GDP|PPP","billion USD_2017/yr",280.489036712632,315.660636319923,355.771546015237,395.01794355699,426.95894166472,453.811120223138,480.110564874591,508.752773375203,534.222653895302,550.289250102812,556.614220223857,557.401904040068,556.340869330663,555.382446423905,553.541861522435,528.05410703049
"IIASA GDP 2023","SSP4","Romania","GDP|PPP","billion USD_2017/yr",687.654092217838,686.365257534096,692.862265896642,711.193441325674,703.781004922323,703.094677278593,696.712876561538,720.685023721155,730.520292632483,726.501167425434,717.059325831864,707.8095356315,699.035644675365,691.66376741127,685.077552815383,662.786554679239
"IIASA GDP 2023","SSP4","Russian Federation","GDP|PPP","billion USD_2017/yr",4162.90703799802,4295.88223689769,4391.88954221982,4544.69867120772,4707.9507923382,4869.46370129493,4981.27125303264,5147.22018046763,5261.63291991031,5306.89808010347,5328.37164492773,5355.27629837767,5386.5156351392,5410.92235215115,5401.70042249254,5228.78806983823
"IIASA GDP 2023","SSP4","Rwanda","GDP|PPP","billion USD_2017/yr",39.4835810209948,49.832744189763,62.0541407022503,75.2251764832091,89.486949209333,104.809259845759,121.321620658443,138.663391899305,156.455190656727,174.354916612888,192.739048111746,211.929071191336,232.092333541372,253.288137703083,275.395152974031,280.427145731934
"IIASA GDP 2023","SSP4","Saudi Arabia","GDP|PPP","billion USD_2017/yr",1993.35008107682,2182.82560342408,2382.35735682297,2577.43224829864,2756.73259001362,2979.72821272927,3228.17655151621,3460.83453812077,3665.79629414267,3836.30043946996,3988.29317976661,4130.4200405184,4290.41497164709,4458.13027895101,4632.50180520044,4599.81850014389
"IIASA GDP 2023","SSP4","Sudan","GDP|PPP","billion USD_2017/yr",184.796791175529,225.685478743542,273.582133195261,326.745196608405,385.413626783819,450.304830064251,520.601998426877,597.446498944991,677.040314347799,757.194254734721,839.611966924866,923.784308296255,1009.22955065263,1093.28192588328,1178.00538935188,1221.50577466575
"IIASA GDP 2023","SSP4","Senegal","GDP|PPP","billion USD_2017/yr",77.5793629353977,103.921711978748,137.319948270213,176.655327626864,222.117710177101,273.326658596481,331.185957338078,395.08303023067,464.321310215728,538.020226343117,616.077831829829,698.369818150498,785.871026479634,879.378383507444,978.522397624258,1019.57630787174
"IIASA GDP 2023","SSP4","Singapore","GDP|PPP","billion USD_2017/yr",646.864231208372,710.161994675989,790.134271267169,859.327177557494,933.602910954061,987.252648101419,1024.50804654777,1057.2650188544,1076.59365018832,1070.6306178433,1058.26634017105,1044.98108592297,1028.17675203753,1005.49488452795,975.64743670304,923.546290281249
"IIASA GDP 2023","SSP4","Solomon Islands","GDP|PPP","billion USD_2017/yr",1.53731055501661,2.08558314621269,2.77854130741949,3.60685030298674,4.5655836596725,5.64904051890039,6.87724962251641,8.2466081188859,9.72908160640371,11.3038320120165,12.9880537609667,14.8276612735475,16.8264500069258,19.0364286517736,21.4354455397533,22.8273919168138
"IIASA GDP 2023","SSP4","Sierra Leone","GDP|PPP","billion USD_2017/yr",15.8823751048985,20.6483432146201,26.5693004386473,33.1696931991496,41.0832700878182,50.0543025169305,60.3067366694663,71.5775449147302,83.9717408812759,97.4028785908877,112.117204503611,128.204030241749,145.603670766046,164.363995371278,184.603674653747,195.469347989141
"IIASA GDP 2023","SSP4","El Salvador","GDP|PPP","billion USD_2017/yr",62.8426728334798,67.7196363187897,73.0438534650099,79.095334685472,85.924398498619,93.1879495850054,100.657633191913,107.837121916191,115.615377898629,124.186377710484,133.606286919535,143.662939961975,154.636742846074,166.4268580149,179.305645705746,184.713081810312
"IIASA GDP 2023","SSP4","Somalia","GDP|PPP","billion USD_2017/yr",19.3836328828507,28.2605809147255,40.2655189753315,55.0772466516104,73.0147219186771,94.4673632344784,119.581135840478,148.313090083626,180.919548453829,217.514300353728,258.629375328588,304.492313906321,355.368533977308,410.578436290853,470.86093268552,502.63017548927
"IIASA GDP 2023","SSP4","Serbia","GDP|PPP","billion USD_2017/yr",152.217613021804,159.136860591754,167.240365827078,176.666526548549,185.114217692598,194.188301198632,203.609686018029,218.170599104384,231.121118014324,240.340581881591,248.074793232814,254.743713133705,260.542668432183,264.798754089554,267.398919553731,262.832182487308
"IIASA GDP 2023","SSP4","South Sudan","GDP|PPP","billion USD_2017/yr",6.91269572631045,10.8058993130224,16.194102855904,22.4950187015786,29.288658392523,36.2020176716426,43.5445399320625,50.8676213262609,58.3725045022302,65.6626716542027,73.0903376785692,81.1257098996071,90.2585338941468,100.564581728925,111.923980054177,117.032932582524
"IIASA GDP 2023","SSP4","Sao Tome and Principe","GDP|PPP","billion USD_2017/yr",0.976092894216838,1.10773507342384,1.26959093673281,1.46526572683892,1.69842046039608,1.96681116809544,2.28372962879304,2.6388052940235,3.01947245192899,3.4145310685302,3.83783095707903,4.2977822483898,4.79313539396097,5.32824461446968,5.91241513799877,6.22328458554531
"IIASA GDP 2023","SSP4","Suriname","GDP|PPP","billion USD_2017/yr",9.95379239833108,11.3698573851376,12.9620895384052,14.6028581870159,16.2681200349502,17.8981498304644,19.6878245731755,21.5146905082476,23.3563975493808,25.2113543839347,27.1892078636906,29.269711648823,31.4241476505512,33.644633531134,35.9723698210062,36.6394040649385
"IIASA GDP 2023","SSP4","Slovakia","GDP|PPP","billion USD_2017/yr",194.572108078021,207.195327098119,218.299418223659,226.290937435654,233.31428182392,238.625339917699,242.206890377129,246.092861765344,248.436555248136,247.963277756903,245.857970080185,243.260368928349,240.495961999797,237.844285031977,235.047302341819,227.088151444478
"IIASA GDP 2023","SSP4","Slovenia","GDP|PPP","billion USD_2017/yr",95.2730361495822,101.820066539306,107.908348687498,114.37490220161,118.82547993241,122.399079356797,124.658846763258,128.374152927121,130.213085094245,130.414628462832,130.035532334208,129.723785957156,129.368482620507,129.830291292291,130.569814755637,128.50078818696
"IIASA GDP 2023","SSP4","Sweden","GDP|PPP","billion USD_2017/yr",602.202401795705,646.827169417143,687.072940762973,722.011922088971,755.033173858561,787.336117456944,823.958856271934,878.528755020765,931.641145437227,972.575759759041,1006.99033309715,1040.51123727101,1070.59043208135,1094.92074543748,1110.46567070049,1092.17432399586
"IIASA GDP 2023","SSP4","Eswatini","GDP|PPP","billion USD_2017/yr",11.4725858852963,12.3537660575666,13.3698982089439,14.6408097598259,15.9829272673223,17.3174749261969,18.7313195604671,20.3226699054206,22.0769496256384,23.9588738826852,26.0121008866834,28.2687094671319,30.7120736847094,33.3326660716173,36.126040093194,36.9175671093047
"IIASA GDP 2023","SSP4","Seychelles","GDP|PPP","billion USD_2017/yr",3.48167946696396,3.86160755232562,4.27309210720914,4.70619997871808,5.11644419599473,5.49633824472692,5.84406145874983,6.18920446144547,6.53184608351162,6.86096639288587,7.17980063746648,7.50499719058998,7.83141237645916,8.16244662267784,8.48931951118003,8.3905726013461
"IIASA GDP 2023","SSP4","Syria","GDP|PPP","billion USD_2017/yr",135.39350859375,158.537440520844,186.268041562576,224.893854869175,268.44847213849,314.438238800886,361.496306435812,413.265368502162,469.34471317352,528.414018591824,593.109663665074,664.497390058091,742.0172828775,820.871341189118,903.047733541869,944.119997050259
"IIASA GDP 2023","SSP4","Chad","GDP|PPP","billion USD_2017/yr",28.0191824350029,38.0912066229737,51.1480716190581,67.1354610948779,86.344253658299,108.799673290575,135.138999497214,165.187126970346,198.987619957398,236.464989316052,278.104835915657,324.398512735,375.012656315836,429.67883078551,488.221266893624,519.092652314658
"IIASA GDP 2023","SSP4","Togo","GDP|PPP","billion USD_2017/yr",22.7330731652276,29.8744148776383,38.6253916278734,48.7061665692182,60.3752406591985,73.4049993344391,87.3989123517417,102.520867550199,118.581520569968,135.65706233883,153.56521214156,172.662692511496,193.08816778253,214.849157012364,238.19476727472,248.772567112405
"IIASA GDP 2023","SSP4","Thailand","GDP|PPP","billion USD_2017/yr",1388.75139405796,1547.11072511921,1716.62585678013,1935.02670567564,2157.26979907689,2359.59183470292,2533.19101916418,2706.26607823669,2853.66010585839,2965.04199260193,3058.42099077962,3141.21792794241,3218.22759272433,3286.35878616013,3353.21856313797,3273.254489105
"IIASA GDP 2023","SSP4","Tajikistan","GDP|PPP","billion USD_2017/yr",46.9848557668437,56.0579498494756,66.1657985338796,80.8775931153652,95.0245183004516,110.92761934204,127.746845840613,151.857268370096,179.003154546193,208.662376240349,240.958537819511,275.814718243018,313.868278512915,355.583657329385,400.964905249452,428.277485813879
"IIASA GDP 2023","SSP4","Turkmenistan","GDP|PPP","billion USD_2017/yr",108.025968709838,115.490516437485,123.433877701293,131.842807776623,141.364554806534,152.730834079778,165.578212461417,178.16749028655,190.633151892942,202.509668390423,214.393004184259,226.673799182232,239.447579388354,252.726579230427,265.712572037463,265.02915736571
"IIASA GDP 2023","SSP4","Timor-Leste","GDP|PPP","billion USD_2017/yr",4.1876005699281,5.85600235081237,8.03967163214835,10.6292307274431,13.6395846084105,16.8494016670988,20.2447970398607,23.8419226083599,27.7145405779931,31.7466340278553,35.9015042471761,40.1881704123839,44.6196503785155,49.1375742424331,53.7473721978664,55.46589544949
"IIASA GDP 2023","SSP4","Tonga","GDP|PPP","billion USD_2017/yr",0.612315349051986,0.709972160147111,0.820994949548767,0.934525860060878,1.05063774902686,1.15892103242356,1.2685138324514,1.36867491823899,1.47252020926778,1.57989449256535,1.69712186445296,1.82871947226488,1.97391915882966,2.13088520045387,2.29963503212892,2.37430638975576
"IIASA GDP 2023","SSP4","Trinidad and Tobago","GDP|PPP","billion USD_2017/yr",39.0624957226148,42.852628038936,47.6233134105977,52.0461825222024,55.0932153517485,57.2408893730576,60.8947936062902,66.0677906181122,70.2643350643565,73.533760993855,76.5120742028193,79.5925918557081,82.9568080795623,86.4630024491252,90.1745947488439,91.0000869988394
"IIASA GDP 2023","SSP4","Tunisia","GDP|PPP","billion USD_2017/yr",138.067684081033,170.344930027322,209.102447031294,248.094070428005,291.258867276563,344.216016505464,417.701314490738,485.062358737414,546.942139933182,597.399879345922,641.646667636667,684.405286988755,728.884790533388,774.995408500041,820.333099753619,824.564551747396
"IIASA GDP 2023","SSP4","Turkey","GDP|PPP","billion USD_2017/yr",3109.770705833,3478.3762914202,3889.78623979076,4221.64894484364,4545.80505300487,4840.13851545532,5198.31002624135,5545.9614084867,5761.45012691188,5869.62421324216,5879.60447064433,5854.97703071668,5798.71354458752,5723.13446005473,5609.36568409252,5409.10737447173
"IIASA GDP 2023","SSP4","Taiwan","GDP|PPP","billion USD_2017/yr",1463.0162317423,1564.24931901904,1678.91815944345,1715.55660831968,1720.06129113697,1702.03776487602,1704.6147354546,1718.42278009091,1718.98465194403,1680.38018865285,1633.38476322756,1593.0198378002,1549.51906401373,1504.07360630923,1462.10750884696,1390.18440650548
"IIASA GDP 2023","SSP4","Tanzania","GDP|PPP","billion USD_2017/yr",210.166250146719,283.724231183239,378.780467307103,494.472403215682,631.32294536952,789.313627190471,974.378928754639,1183.85702171154,1411.31377129313,1657.16630350632,1921.60251217019,2202.03436458924,2498.02959381341,2816.21508435056,3156.4749043747,3305.94396303139
"IIASA GDP 2023","SSP4","Uganda","GDP|PPP","billion USD_2017/yr",134.64958420613,188.730138440843,259.680457255128,346.002802550155,449.381565722722,567.278877604858,701.955256878406,852.669210250001,1021.17826976413,1204.34721341255,1403.93202203272,1619.49523807378,1850.25839691318,2097.13155376913,2360.31880778601,2473.93085301214
"IIASA GDP 2023","SSP4","Ukraine","GDP|PPP","billion USD_2017/yr",398.503477286996,442.429087496061,477.427326422984,500.194723968256,514.578830407959,528.52844930031,548.057280993547,565.66125050139,579.791654764472,585.172252454886,588.331903671792,593.061460599687,597.783287723607,601.149191892047,600.539185425919,581.046141145784
"IIASA GDP 2023","SSP4","Uruguay","GDP|PPP","billion USD_2017/yr",88.2714053305311,92.1944565034869,96.3840081657535,100.54510297436,105.109326991191,109.892866155914,114.718826941662,119.169888617622,123.267947900164,127.240172512028,130.913176485833,134.635707138087,138.332054790041,142.156091275415,145.606857010137,143.402210552604
"IIASA GDP 2023","SSP4","United States","GDP|PPP","billion USD_2017/yr",22529.2095665784,23573.1772843693,24617.7242268058,25634.6521799866,26750.5836183707,27962.8805838866,29152.425615565,30558.4571757151,31890.369101503,32972.0509745338,33896.0676207896,34811.4272323597,35610.467200293,36241.2074720702,36637.4703659512,35992.7317104849
"IIASA GDP 2023","SSP4","Uzbekistan","GDP|PPP","billion USD_2017/yr",337.097835168504,385.723732949901,437.596224881762,501.681431714836,555.864362758037,612.469576052764,670.171446795897,741.340754994052,814.936479220395,889.134016286897,967.639611013315,1049.46048332129,1134.96102460664,1224.04653810004,1316.0378605549,1343.09333717582
"IIASA GDP 2023","SSP4","Saint Vincent and the Grenadines","GDP|PPP","billion USD_2017/yr",1.75767255636222,1.92194208865413,2.0928393076304,2.26501139293659,2.44047337397166,2.62280235620586,2.80660415544881,2.97904060359289,3.16362822735954,3.35308959782827,3.55014297998766,3.76108904795953,3.99785914291812,4.25399429404359,4.53005713236692,4.61551999048831
"IIASA GDP 2023","SSP4","Venezuela","GDP|PPP","billion USD_2017/yr",181.623203006816,212.325655385836,249.300202119801,293.003453204509,344.830934157367,400.564908275815,463.014450714115,531.456999081981,603.819634394352,677.813722708911,755.122022415344,841.303626056852,937.250144312787,1038.43871182541,1141.56407736835,1194.32772867554
"IIASA GDP 2023","SSP4","Viet Nam","GDP|PPP","billion USD_2017/yr",1350.0294860482,1560.83291899703,1800.49006714943,2060.84340873443,2352.5348156832,2690.56811184948,3081.6559343905,3509.65458497789,3959.39784623648,4390.09237120876,4791.57101223873,5190.59505768916,5598.50580747415,6033.76939591872,6478.32621749461,6647.15019472857
"IIASA GDP 2023","SSP4","Vanuatu","GDP|PPP","billion USD_2017/yr",0.879309531432609,1.12193465505497,1.41114382716919,1.74535812133786,2.12131952400271,2.527102640883,2.97334558618381,3.46466837050623,4.00528066466674,4.57178940239972,5.17660162222202,5.82448028351637,6.53400991179963,7.31132456796175,8.16807402990381,8.64679886003096
"IIASA GDP 2023","SSP4","Samoa","GDP|PPP","billion USD_2017/yr",1.11882767811139,1.38999535863245,1.69582347744524,2.01689926780594,2.3568828677266,2.74821521769319,3.17014595689704,3.58979035360558,4.00765857847207,4.43286481275014,4.89280877243364,5.40389818906278,5.972523003948,6.61983649691931,7.34255567982753,7.77555898025944
"IIASA GDP 2023","SSP4","Yemen","GDP|PPP","billion USD_2017/yr",61.9475697269741,75.0977164962646,92.4474107891422,117.572425061837,147.676106816322,186.315146698305,236.703289065256,303.402161137844,385.807912381487,486.121233412186,606.573541881421,748.842580343303,913.489009517431,1102.26653377223,1313.99694370943,1466.69560778569
"IIASA GDP 2023","SSP4","South Africa","GDP|PPP","billion USD_2017/yr",835.494537499221,938.771201555724,1049.62003495488,1167.28765258344,1288.76686211057,1399.11009600305,1512.29360391534,1637.29163586627,1773.60418094907,1910.8465984994,2042.65888227782,2175.03074092999,2309.56024363797,2448.11297230424,2587.67723238128,2582.36735462079
"IIASA GDP 2023","SSP4","Zambia","GDP|PPP","billion USD_2017/yr",73.7984637411846,94.1899954788368,119.060751280293,148.53066001992,182.350192382138,220.270540821648,262.639959847993,309.175839305722,359.386615306055,412.715590677734,469.332246849594,529.079490015211,592.741728457807,660.478130335611,732.053016095525,760.202609061025
"IIASA GDP 2023","SSP4","Zimbabwe","GDP|PPP","billion USD_2017/yr",36.5137679630562,49.6191308838642,65.4452523130335,82.2791558158592,99.7005635455944,117.532388453581,136.215815001747,155.005870526344,174.457977959268,194.907305004838,217.191984075465,241.268169403801,267.387212307575,296.095392898996,326.846668729425,340.195949872638
"IIASA GDP 2023","SSP5","Aruba","GDP|PPP","billion USD_2017/yr",4.55177125809898,5.28294266660967,6.09860572773442,6.96406379017254,7.82615135813464,8.66582371399888,9.52177074452178,10.5219771669229,11.6521588823581,12.8318492847423,14.0631178159818,15.3242948226601,16.5762549322375,17.7637958989632,18.8218717254927,19.3937667433377
"IIASA GDP 2023","SSP5","Afghanistan","GDP|PPP","billion USD_2017/yr",38.776222554997,57.6582925815816,85.9499961433748,127.415372186762,186.671099108302,267.815329834972,367.348468050626,483.88000480593,612.281514730837,750.075073256012,888.543591435058,1021.47407194659,1144.83047323628,1259.47808315839,1366.33808918277,1431.63644636819
"IIASA GDP 2023","SSP5","Angola","GDP|PPP","billion USD_2017/yr",233.488317667248,280.663765743056,331.464505359027,401.079364494303,493.064821010055,619.477117818833,785.84605821234,1000.16683541106,1257.92461758683,1555.53713577214,1878.97089363035,2212.30664713561,2537.2539344717,2843.55307949279,3119.5025654832,3280.68285405422
"IIASA GDP 2023","SSP5","Albania","GDP|PPP","billion USD_2017/yr",47.4110750626342,50.5542172688395,53.9643452871558,58.9683542538735,62.2482641128318,64.8199366822978,67.3027477534669,70.7865358194113,75.7304134213841,80.1501574022844,83.6815762981609,86.2874939770704,88.4077686955528,90.0864900055779,91.471779378752,92.7811020532477
"IIASA GDP 2023","SSP5","United Arab Emirates","GDP|PPP","billion USD_2017/yr",784.698183913743,985.1024398796,1205.10045735612,1382.84038742357,1529.6841589505,1651.2354518915,1787.82605997593,1944.24279763469,2103.39171495307,2231.14001530191,2300.9759919411,2320.38770884897,2304.21464750843,2266.2712505653,2211.58314220511,2110.74922358198
"IIASA GDP 2023","SSP5","Argentina","GDP|PPP","billion USD_2017/yr",1081.92765621917,1226.7676506591,1390.87620745327,1570.16751177848,1765.55766412985,1970.26034748079,2165.21770310948,2372.15529894054,2570.51529240187,2752.37172857248,2895.02663701753,3005.68964809948,3114.94152859988,3278.25321524914,3463.56474310387,3599.70128593947
"IIASA GDP 2023","SSP5","Armenia","GDP|PPP","billion USD_2017/yr",51.6853896320902,53.9219024849373,56.9334326131921,61.5035567829054,66.6774602740193,72.2941772536779,78.8080470489977,86.8874254008161,95.9088068500433,104.381259659568,112.357033675649,120.042325082778,127.709740213708,135.228915926209,142.476272167826,145.976954287349
"IIASA GDP 2023","SSP5","Antigua and Barbuda","GDP|PPP","billion USD_2017/yr",2.194934952628,2.59919464226875,3.06810510676549,3.65181528903289,4.28501997353136,4.94185145556809,5.55592850733309,6.21027355547001,6.81414222145774,7.34662892037142,7.78616218718678,8.13052049135207,8.54981021708772,9.03637943794019,9.54156829709788,9.86060904299915
"IIASA GDP 2023","SSP5","Australia","GDP|PPP","billion USD_2017/yr",1455.10647846814,1618.70761143237,1790.94697285074,1964.30431472244,2173.11072142346,2409.35461576531,2664.85969037662,2957.62336719664,3272.50394039819,3590.42984629794,3902.11638627153,4212.86165005608,4510.12408432436,4779.6148976931,5004.42541517188,5061.33374628569
"IIASA GDP 2023","SSP5","Austria","GDP|PPP","billion USD_2017/yr",528.959839653004,568.139838514302,610.474928991559,659.802366893682,710.159114317575,763.968595300962,818.162380208431,895.109875569082,979.712659388125,1068.12465423823,1155.55418728702,1239.78950850818,1313.48176547279,1375.75061093561,1422.67181649208,1424.77773007015
"IIASA GDP 2023","SSP5","Azerbaijan","GDP|PPP","billion USD_2017/yr",165.984342600039,184.547497945005,201.418688652515,225.520942496653,256.648999902181,289.991513924131,324.506259249741,363.46934075804,406.589156776257,449.871360182843,489.480112302569,526.185630777484,562.182969419559,596.531973288272,627.296792411911,640.602364412736
"IIASA GDP 2023","SSP5","Burundi","GDP|PPP","billion USD_2017/yr",10.5909606924959,17.1696032638696,27.3806049041949,43.003023650529,66.4778084008195,100.613697996391,146.160942412058,201.806762164862,265.113283373524,333.220808315241,402.607052426303,469.654506105277,533.586661372076,593.810298343698,650.142936168716,686.66137307913
"IIASA GDP 2023","SSP5","Belgium","GDP|PPP","billion USD_2017/yr",639.292101029425,704.709461161278,772.179479061025,847.568038254031,917.937449836433,991.535957039556,1071.44340608805,1175.79769939691,1290.23783504548,1405.526931184,1521.31277213921,1638.8040312416,1751.94667546159,1852.4043861287,1934.45944418579,1949.39854846859
"IIASA GDP 2023","SSP5","Benin","GDP|PPP","billion USD_2017/yr",54.5182165627528,76.2107765503587,106.750716068017,149.415284247196,209.158654439707,289.738458220162,388.376590547047,502.98875753185,629.086618052702,763.598193299926,897.846450625418,1026.56597861436,1144.05274844175,1251.88157348224,1350.76361413275,1411.45068468733
"IIASA GDP 2023","SSP5","Burkina Faso","GDP|PPP","billion USD_2017/yr",58.2860616531115,79.2146453067801,108.087967773342,149.731173413626,205.58077676424,282.451928209267,379.733214668422,498.091059299065,631.380586244853,777.107560298794,930.331517877032,1085.28990401029,1235.40572258464,1378.02211734938,1512.75602218212,1604.16334760825
"IIASA GDP 2023","SSP5","Bangladesh","GDP|PPP","billion USD_2017/yr",1377.56960395801,1686.63862906634,2089.89936037147,2634.88987860794,3296.42554014386,4084.17580425487,4974.73661207578,6019.95411880351,7158.65542862864,8346.38866333258,9490.67829106831,10508.2164408507,11324.8475656714,11975.718269478,12505.622270253,12737.2824854724
"IIASA GDP 2023","SSP5","Bulgaria","GDP|PPP","billion USD_2017/yr",187.8609134527,194.851657599678,204.09817034374,215.075563475699,224.551922827283,235.967570547267,249.180667233937,267.742315072231,286.36052756094,301.319343658724,313.294885864619,324.008865136519,334.343845001345,344.490005813336,354.237449271143,362.86800360422
"IIASA GDP 2023","SSP5","Bahrain","GDP|PPP","billion USD_2017/yr",83.6479249918645,94.3361797722833,106.889834112684,122.197104093648,134.262280982052,147.78978888461,161.329132315648,181.485991022456,203.691723627357,225.460831808357,244.601019560731,260.381030016529,272.666450611205,281.984943799971,288.108952744335,286.796845406049
"IIASA GDP 2023","SSP5","Bahamas","GDP|PPP","billion USD_2017/yr",14.7539251891303,16.5670987735571,18.3956833837586,20.0355286070048,21.6991985755108,23.4170620534298,24.9881357454233,26.5193427262486,27.9146813577586,29.2692280671882,31.0045924068349,33.0106203435722,35.1244129429772,37.2403338006249,39.2485597960213,40.4184632387547
"IIASA GDP 2023","SSP5","Bosnia and Herzegovina","GDP|PPP","billion USD_2017/yr",58.7695322050768,63.1545901952359,68.2064573862037,73.5239776136603,77.9978209481083,82.3309736959825,87.0794215163863,92.796686386915,98.7759536237439,104.51033937023,109.288211109083,113.1381123985,116.4053064729,119.401806672636,121.951858569716,123.961441230293
"IIASA GDP 2023","SSP5","Belarus","GDP|PPP","billion USD_2017/yr",181.010312153658,199.76244405362,217.762344407119,232.905792145681,251.212486947965,270.493781337955,291.000086184983,314.161264100192,335.614144868454,354.241720821335,371.140095343173,386.797112819749,401.146431636553,414.477685748711,433.780743949947,447.27791657227
"IIASA GDP 2023","SSP5","Belize","GDP|PPP","billion USD_2017/yr",4.18457132618583,6.19407384572753,8.92982541343186,12.1778703435388,15.717198794572,19.4006827069879,23.0387512790209,26.8353894297571,30.5279565206903,34.05836196098,37.227460031922,39.9009788302101,42.0266044964735,43.7759703176741,45.5458817612544,47.2477866294556
"IIASA GDP 2023","SSP5","Bolivia","GDP|PPP","billion USD_2017/yr",106.314083359068,136.994926407609,174.611073099764,218.433194365393,266.340388315237,317.126400087267,366.408540829574,417.041255410928,466.413440747044,513.322521048167,555.72697841248,592.50390620693,623.867861335061,650.686221450444,672.270962934198,677.680686722138
"IIASA GDP 2023","SSP5","Brazil","GDP|PPP","billion USD_2017/yr",3392.20226731634,3818.96578856225,4323.25236423951,4950.58060386445,5642.412349323,6431.29753798071,7216.46130407135,8117.96248904691,8965.93510119379,9761.39802283159,10424.5788357313,10929.57943769,11283.844941244,11559.3293220574,11767.0398997502,11938.3861854933
"IIASA GDP 2023","SSP5","Barbados","GDP|PPP","billion USD_2017/yr",4.76360632680045,5.44451748849624,6.28518180794159,7.37049786264565,8.62705072369225,9.97588787365102,11.2934285109832,12.7159116000749,14.0960316113015,15.3860033030964,16.5604262366903,17.5964286445104,18.4638734353238,19.1944584924246,19.7664301047644,20.2578257027933
"IIASA GDP 2023","SSP5","Brunei Darussalam","GDP|PPP","billion USD_2017/yr",29.0655958852504,31.3178649624224,33.6155938832084,35.9463077645788,38.2573486749178,40.759254933444,43.4507970612494,46.7018943795295,50.0051826540103,53.1129379183628,55.8712246183638,58.1037625206537,59.9020482873671,61.2948186123189,61.984388036416,60.7104488029829
"IIASA GDP 2023","SSP5","Bhutan","GDP|PPP","billion USD_2017/yr",9.66589411185819,11.7148579776642,14.2943345728366,17.3418631290665,20.6478222932408,24.0564117169178,27.6018932460315,31.2201966869259,34.9260957316139,38.2867296465965,40.8642539111922,42.366142482239,43.1364335102884,43.3944760176623,43.846036066926,44.3555355780879
"IIASA GDP 2023","SSP5","Botswana","GDP|PPP","billion USD_2017/yr",46.1822203881881,58.6279564508512,73.1739763833816,88.8314522177185,105.2883377322,124.360103674282,143.264313746556,161.822207712324,179.061955444538,194.451363830046,207.059816323665,216.938549272697,224.04530312469,233.739659104051,245.231046645792,252.85827754424
"IIASA GDP 2023","SSP5","Central African Republic","GDP|PPP","billion USD_2017/yr",5.0676651179145,8.42361560173283,14.0067861908497,22.9229444292949,36.0262304302372,54.7077849033275,79.3653562147279,109.35609664644,143.458581464801,181.165095637676,222.453219307887,265.452387777897,308.765874255174,351.474223748237,394.109545419374,427.240389282144
"IIASA GDP 2023","SSP5","Canada","GDP|PPP","billion USD_2017/yr",2019.170471196,2204.84371864787,2373.44833962696,2542.20910169905,2733.02161310897,2958.44197834127,3204.73556557092,3490.41296462553,3810.179437585,4139.26077838465,4478.61882300592,4836.12037453676,5198.40471384067,5538.87614939676,5835.38466583394,5942.53445745027
"IIASA GDP 2023","SSP5","Switzerland","GDP|PPP","billion USD_2017/yr",650.854584532633,715.26765877676,785.296535599961,859.448201847266,943.165559062563,1034.7185269393,1130.79134621269,1237.77264411744,1346.9006318062,1450.00547262984,1542.27792180414,1623.18282600607,1689.34248332172,1741.32892032554,1777.89960058704,1753.60580938782
"IIASA GDP 2023","SSP5","Chile","GDP|PPP","billion USD_2017/yr",505.883156545841,585.246782230848,668.344328455973,748.219585669985,833.428449218474,911.967800995558,977.696701675093,1036.61265149817,1090.04241687168,1133.19453947443,1161.39661005826,1198.0719379938,1243.28304688017,1293.69659929102,1340.3770139765,1363.2316449276
"IIASA GDP 2023","SSP5","China","GDP|PPP","billion USD_2017/yr",22283.426,25623.9132588738,29536.0961453812,34528.1086799195,40868.8668590056,46383.6205400812,50488.7952681291,55710.4702660066,60565.1490876563,63698.147266129,65220.7527864347,65688.5363705863,65844.6611619856,68080.9698249658,71299.6221725764,73719.6410188837
"IIASA GDP 2023","SSP5","C?te d'Ivoire","GDP|PPP","billion USD_2017/yr",188.857810972143,245.771556978977,324.058381850408,432.968182106863,575.426568329293,761.822506424843,978.211830905136,1214.2283068468,1455.60634732304,1696.68118747885,1926.13343256355,2137.33825879501,2331.86392305216,2511.43979416588,2682.11929665425,2793.47677653036
"IIASA GDP 2023","SSP5","Cameroon","GDP|PPP","billion USD_2017/yr",118.784401667742,176.342089121788,259.148332057479,372.717306663908,517.813475158911,701.427518552002,910.88740085708,1142.98087249832,1381.39558798571,1614.5576622041,1834.8220713127,2035.90911661094,2215.58758996984,2378.98010102501,2529.19848837463,2612.13027130498
"IIASA GDP 2023","SSP5","Democratic Republic of the Congo","GDP|PPP","billion USD_2017/yr",136.66455079956,225.434547962693,367.556020716977,588.027846589836,917.779271790034,1396.02178043477,2048.27374804579,2892.4155281548,3904.42534399974,5052.40392969991,6292.59876223828,7575.14150990838,8854.78055502831,10103.1514452487,11308.530543472,12170.5677594001
"IIASA GDP 2023","SSP5","Congo","GDP|PPP","billion USD_2017/yr",22.9554304483698,30.9924200930512,42.0477245830542,58.0819088606034,79.2350302323178,106.289309984384,138.048526712742,174.87917458545,214.332036733331,253.899122162173,291.686046539169,327.300031010278,361.009274711677,392.629067621488,422.338398961594,441.654939576618
"IIASA GDP 2023","SSP5","Colombia","GDP|PPP","billion USD_2017/yr",868.618228589418,1063.4952114848,1285.90364444215,1513.6440871375,1739.57223558251,1951.04920815924,2143.47040456846,2328.6969653264,2495.07989454669,2651.67444227121,2782.62639074934,2877.9113957532,2933.38387387116,3007.14255984744,3110.84022617403,3182.53511740554
"IIASA GDP 2023","SSP5","Comoros","GDP|PPP","billion USD_2017/yr",3.01945633146699,4.50080408186222,6.55421306220078,9.19923257852953,12.432837764971,16.2143445975967,20.2265068466029,24.3371348483237,28.2856287565142,31.934927884544,35.1612019023651,38.0199799851911,40.5538441181385,42.8357644204741,44.9102998058999,45.7799320076571
"IIASA GDP 2023","SSP5","Cabo Verde","GDP|PPP","billion USD_2017/yr",5.04697165351149,6.23197676181565,7.71111160094756,9.58023980593772,11.6958299025399,14.1015338318453,16.6317730791161,19.2908966455782,22.0207451547801,24.6825848961814,27.0353249409652,28.8830323365058,30.2544177295895,31.296593285424,32.1342573935356,32.2779449032385
"IIASA GDP 2023","SSP5","Costa Rica","GDP|PPP","billion USD_2017/yr",121.175875529843,140.00078946297,162.396897877936,188.472461275483,216.914745424335,246.199144984325,274.940212177003,306.843962678842,336.276145299344,363.088335584955,383.803782295649,399.161392826506,410.979241080779,428.671287245212,447.994147395794,460.787356885562
"IIASA GDP 2023","SSP5","Cyprus","GDP|PPP","billion USD_2017/yr",43.0416234629113,52.6086462680685,62.7649194898479,71.9581410614658,81.0254629824685,89.9394931566638,99.1200476424593,109.126183299878,118.293340952258,125.716818046469,133.276796476837,142.478276849629,152.517235918981,163.138339553354,173.538108583956,180.014441655443
"IIASA GDP 2023","SSP5","Czechia","GDP|PPP","billion USD_2017/yr",462.081129318046,481.141481074505,503.504450544434,533.968212828583,563.521827679134,597.899930649307,632.339298674999,675.5456297243,714.766989328518,744.551883507202,775.135755208559,811.548010747756,854.20814158928,903.080462320315,954.340898352091,982.461632055769
"IIASA GDP 2023","SSP5","Germany","GDP|PPP","billion USD_2017/yr",4667.03275848271,4881.23982640443,5128.37170116707,5447.10428837613,5702.11631846733,5994.11903293369,6316.76831942709,6846.46546605717,7414.86528058597,8040.68372886816,8676.94545778817,9297.34690519013,9887.28576625794,10425.6137105914,10875.3995758062,10986.7350855424
"IIASA GDP 2023","SSP5","Djibouti","GDP|PPP","billion USD_2017/yr",6.4756236837176,8.39066812501924,10.8025612210753,13.7761351649887,17.2125642057754,21.2028651537947,25.4746406049352,30.0892327352805,34.6730054332997,39.1217804097066,43.1746230950291,46.6180994709272,49.3499994964987,51.4413377143691,52.9462007235152,52.8884159798837
"IIASA GDP 2023","SSP5","Denmark","GDP|PPP","billion USD_2017/yr",361.315657463635,381.236377132177,404.044936266812,430.10043062771,457.741396906316,490.688405087848,529.667636250287,574.267900493015,624.370252565838,676.789287161622,730.54272546625,785.716281512688,839.815590174796,891.25314567537,935.387041800512,945.410174487674
"IIASA GDP 2023","SSP5","Dominican Republic","GDP|PPP","billion USD_2017/yr",249.716185034686,292.686816382355,340.241559373966,391.709414103225,446.490490752364,500.929485823373,550.738276098846,599.148899720628,648.010301599189,690.221416252714,723.63983150294,747.979291737381,766.307295080581,790.663032292135,824.920604384568,852.415109181125
"IIASA GDP 2023","SSP5","Algeria","GDP|PPP","billion USD_2017/yr",530.710596835812,687.534178344256,881.695534852429,1111.96294794927,1359.62616237739,1605.96133794182,1850.01811223509,2115.24596013382,2361.08807874726,2557.46082274618,2702.98588679517,2817.06336675338,2968.6658506021,3189.00306434563,3463.09798847521,3713.10350368999
"IIASA GDP 2023","SSP5","Ecuador","GDP|PPP","billion USD_2017/yr",212.656797266798,268.085398884168,331.610251439573,401.046977222249,470.274683430651,538.932873860628,605.183014437588,674.517430317801,740.919850811368,801.79951805,853.271535686615,893.961869927561,925.522596283518,948.282144672887,974.080348461374,997.711936725471
"IIASA GDP 2023","SSP5","Egypt","GDP|PPP","billion USD_2017/yr",1630.49694392023,1999.70493516197,2467.51204726568,3062.23090974473,3789.34556674785,4646.74924138272,5592.10386497875,6604.96046081464,7598.73160044386,8564.48352648921,9473.25205650157,10292.2176982623,11082.5614795265,11845.5156872776,12549.3139858524,13086.5944464611
"IIASA GDP 2023","SSP5","Eritrea","GDP|PPP","billion USD_2017/yr",7.04021233485556,9.79189363342139,13.5607219483595,18.6420664897719,24.9589825492134,32.6759085028775,41.1708559968844,50.3532495859457,59.6900231211334,69.2881457536641,78.8908320040196,88.3005275705399,97.1961311294328,105.501109118622,113.440563120014,118.726642182774
"IIASA GDP 2023","SSP5","Spain","GDP|PPP","billion USD_2017/yr",2006.039814467,2225.49455586037,2469.49672654642,2761.14189943747,3033.50245807438,3307.46112191243,3570.16355929797,3966.85166606812,4390.62055070263,4780.77161589057,5147.47059225245,5527.7742364891,5903.92272038164,6266.20242483087,6568.23526615497,6643.9755095663
"IIASA GDP 2023","SSP5","Estonia","GDP|PPP","billion USD_2017/yr",53.8606681973858,55.4153033588857,56.1388233915225,58.5173691842028,61.0857200669454,64.5630560061505,68.4346500671216,73.9665875014787,78.840918381961,82.7470975112914,86.0750586910832,89.3319879436264,92.366355254846,96.5870283540205,102.22813032224,106.531095092943
"IIASA GDP 2023","SSP5","Ethiopia","GDP|PPP","billion USD_2017/yr",364.128455195493,490.362623947046,662.416074168647,904.587838840012,1231.14498325375,1666.11776544192,2194.63927612074,2828.43392855515,3541.84631701736,4325.34937626083,5134.22310876347,5920.91026702406,6646.30169514545,7309.89423339913,7909.8725539095,8281.49323111431
"IIASA GDP 2023","SSP5","Finland","GDP|PPP","billion USD_2017/yr",282.872594522071,317.047126750316,347.357568067225,365.110360739699,386.965524216068,410.121594958121,436.664666713283,464.842730171712,497.286584415046,529.957828740789,562.585231282635,598.25972813748,633.668560816719,664.615316908645,687.785177997523,686.387775462171
"IIASA GDP 2023","SSP5","Fiji","GDP|PPP","billion USD_2017/yr",12.9135270098024,15.0961388443081,17.4595951079189,19.7394357581646,21.749465983839,23.4701411737211,24.8767724550051,26.2869450194673,27.5231107881767,28.5886840766866,29.3540567343743,30.011328660567,30.5869992686902,31.2859477027139,32.7522473605198,34.269861905984
"IIASA GDP 2023","SSP5","France","GDP|PPP","billion USD_2017/yr",3259.59509244807,3623.89210201067,3983.26715615847,4335.02002376112,4744.90117213166,5185.42667332023,5647.44070615396,6161.82907415162,6690.0935728333,7218.58852938795,7760.42303340051,8308.84709427888,8846.01926089813,9328.55791624917,9741.09142180048,9815.1929821254
"IIASA GDP 2023","SSP5","Micronesia","GDP|PPP","billion USD_2017/yr",0.351408271704047,0.38610888804367,0.420937132696121,0.463950525613658,0.501938417860602,0.536406773162177,0.560592615733547,0.58821640081702,0.61672278735157,0.646800417726691,0.675609855531463,0.701298924788425,0.723088939937304,0.743376846633396,0.762733208039875,0.776835508421866
"IIASA GDP 2023","SSP5","Gabon","GDP|PPP","billion USD_2017/yr",36.3754111664013,44.623480211194,54.789463400488,67.6487468892949,82.3767917371799,99.4672431238275,117.579551591803,136.894552520699,155.597608505736,172.325085351503,186.112125938717,197.016868023014,206.145736991337,214.283341505198,223.22254192763,230.26832393685
"IIASA GDP 2023","SSP5","United Kingdom","GDP|PPP","billion USD_2017/yr",3236.79899188594,3465.88598916491,3683.88337774958,3953.6663531627,4290.62790739008,4611.36414095558,4912.45782151889,5296.24782925434,5752.96334693702,6242.93032132247,6771.1252810972,7343.42388990335,7933.02980939659,8517.39443884241,9052.48204930281,9292.85386603518
"IIASA GDP 2023","SSP5","Georgia","GDP|PPP","billion USD_2017/yr",72.6148718589055,70.9968026156968,68.2778749840073,66.638100953958,67.3424197362742,70.1612860383454,73.646960083034,77.3195665935281,80.9534731801225,84.6146443472523,88.3856336643153,92.4672902798095,96.9583028589013,101.798969441355,106.595900076765,109.319433855222
"IIASA GDP 2023","SSP5","Ghana","GDP|PPP","billion USD_2017/yr",202.044150839662,254.657020574743,311.191645220749,398.914681498568,520.264239555727,681.803288060551,883.674296067115,1133.16291688061,1421.76752278816,1734.64746123042,2062.04349471516,2392.935534537,2722.17015149781,3045.69801365137,3353.34548803964,3576.33820010392
"IIASA GDP 2023","SSP5","Guinea","GDP|PPP","billion USD_2017/yr",44.1092445420644,70.4381622168602,110.262227865288,164.701275536351,234.292075501049,321.137942949685,414.25858036561,509.292898925502,600.069432849535,687.516773575667,765.750911238773,833.45058960382,892.573723230127,945.623306560875,995.220151890475,1018.39221243167
"IIASA GDP 2023","SSP5","Gambia","GDP|PPP","billion USD_2017/yr",6.79833402901597,9.82019574853298,14.0424017207868,19.8788289535424,27.8929350313134,38.3811351745207,50.8254822605452,65.0529863973092,80.4686994440732,96.5453761119376,112.534940818364,128.136114130662,143.107546970543,157.474102955596,170.682449183296,179.079309914275
"IIASA GDP 2023","SSP5","Guinea-Bissau","GDP|PPP","billion USD_2017/yr",5.35080159759508,6.99006971329185,9.03396890672474,11.6613248084778,15.032070378848,19.5007228351606,25.2554285150066,32.6282070377612,41.6934688683349,52.4957396460941,64.7694575347325,78.2320323236066,92.5094030028368,107.11449372324,121.469527791215,132.668265694314
"IIASA GDP 2023","SSP5","Equatorial Guinea","GDP|PPP","billion USD_2017/yr",19.5757421653159,23.5068488655483,27.2418833513877,33.7059119878707,41.8034978154712,52.4930484394212,65.2213940694992,80.9538091566466,97.5815290959162,113.783906230569,127.901540847883,140.100625403297,150.393360054065,158.838944422639,165.426149894371,167.245776560922
"IIASA GDP 2023","SSP5","Greece","GDP|PPP","billion USD_2017/yr",351.053029717688,397.929866579805,443.838964057038,487.49108818276,529.06231429626,570.015576623873,608.529351947808,647.614060277482,680.015586440821,718.884745604016,762.616365649521,812.021432055078,865.021290710993,920.113046334074,973.319194338705,1001.81441330174
"IIASA GDP 2023","SSP5","Grenada","GDP|PPP","billion USD_2017/yr",2.02204801641706,2.30403198900222,2.62580932188048,3.03199164011726,3.44836867373377,3.86665143280053,4.26741196903137,4.75040165434025,5.22951950021735,5.66600135378038,6.03742289080352,6.3636974025556,6.65304935760729,6.90975109508374,7.26885068742537,7.61282821627543
"IIASA GDP 2023","SSP5","Guatemala","GDP|PPP","billion USD_2017/yr",176.127286998994,212.373499966673,259.160327176163,319.145110570922,388.683595234296,471.24374384479,563.696719995852,666.17790540671,770.656505802854,876.536922157876,979.293229237459,1070.13854893369,1145.98943315092,1208.59610580116,1259.2170608247,1279.86178995885
"IIASA GDP 2023","SSP5","Hong Kong","GDP|PPP","billion USD_2017/yr",471.694224170903,514.571171072664,564.422616490387,604.4744559864,659.650888034376,722.571466361726,790.921222077642,869.974605025955,950.854560470207,1020.48631848995,1078.35693186781,1128.09003841719,1169.08504437752,1203.22485842686,1226.68022523892,1215.55218111681
"IIASA GDP 2023","SSP5","Honduras","GDP|PPP","billion USD_2017/yr",66.3333673841409,86.0165527687296,111.445662421119,143.31840886934,182.0952995925,227.96333057821,279.136024844767,335.558411313115,395.945424171011,457.632505379027,516.131385456551,566.648123037858,606.973584825926,639.597455419,666.569227400149,677.436149255029
"IIASA GDP 2023","SSP5","Croatia","GDP|PPP","billion USD_2017/yr",140.003450917203,145.964404037493,153.532347671867,163.433280543872,172.323661082927,181.645315233562,191.823394863291,204.858061768767,218.075760716699,230.077439046779,240.169412820631,248.71202449823,256.109996871347,267.668575686391,282.309988073329,293.13475910776
"IIASA GDP 2023","SSP5","Haiti","GDP|PPP","billion USD_2017/yr",33.2815285100113,42.9370348212056,54.8353187978269,70.1933640194576,88.2247847175009,110.468505464911,137.238166806691,172.110583362889,214.984492876344,266.548172925938,325.458745101177,390.571697382972,460.247803498298,533.104251496408,605.589166996498,663.018396665776
"IIASA GDP 2023","SSP5","Hungary","GDP|PPP","billion USD_2017/yr",371.278751225674,403.27077750002,437.186245714553,476.433295471244,502.469346709011,531.869432182561,554.82030528999,594.022014206948,625.704853383645,648.922928863555,669.521797573203,697.45170819126,730.426158363359,767.974954558531,808.330614813832,832.835552923075
"IIASA GDP 2023","SSP5","Indonesia","GDP|PPP","billion USD_2017/yr",3451.7241,4020.16798975564,4708.51781641326,5563.85146065179,6582.78966670547,7772.68993292104,9066.00357388543,10441.1187854731,11774.2301890775,13010.1221571707,14025.3589786584,14832.6814609864,15476.9406824305,15970.8395781543,16370.5436241326,16764.1142748362
"IIASA GDP 2023","SSP5","India","GDP|PPP","billion USD_2017/yr",12006.6099114987,15191.528242726,19263.9238082738,24387.5418720275,30343.8629708454,36780.9923676188,43348.905015439,50501.4648691047,57623.0532502616,64448.1981619757,70390.273474777,75219.3077507662,78996.0730623127,81979.6617588935,84087.6192823959,84057.0328480537
"IIASA GDP 2023","SSP5","Ireland","GDP|PPP","billion USD_2017/yr",661.556962025926,725.513124122997,797.847250887943,877.934559666389,968.270506185126,1060.07656372146,1150.51037518313,1246.6780612795,1337.81729910365,1417.34047380005,1489.66358844384,1559.1836133433,1622.08545631293,1675.22430434494,1715.77227689427,1691.87040927999
"IIASA GDP 2023","SSP5","Iran","GDP|PPP","billion USD_2017/yr",1437.16471921122,1719.85526557271,2060.9432250319,2452.09166708541,2912.42204632936,3401.30151961412,3929.77075818587,4578.84152113544,5252.49231741749,5851.54183003287,6321.13789417015,6694.9443785534,7013.34444929327,7321.91893391317,7683.36572610771,8031.8649027877
"IIASA GDP 2023","SSP5","Iraq","GDP|PPP","billion USD_2017/yr",483.811357306205,634.761242143565,824.797469431716,1059.55640858375,1335.40086645122,1644.92610398871,1965.81909595112,2286.64117347005,2591.2901514924,2876.14438826294,3132.59163731743,3347.83740641615,3543.41568277775,3719.79450699061,3888.53226883667,4035.00714745443
"IIASA GDP 2023","SSP5","Iceland","GDP|PPP","billion USD_2017/yr",22.6502870185014,24.9430353703046,27.1927877200167,29.3157255428972,31.4731704694896,33.8601133292155,36.6089556801249,39.7417345692263,43.1612536668831,46.5630031661469,49.8528508728918,53.0378975897681,55.8677563418056,58.1502237218193,59.8724298745649,59.5626536300053
"IIASA GDP 2023","SSP5","Israel","GDP|PPP","billion USD_2017/yr",464.218654823903,547.742745149536,633.501543129018,716.180340683919,795.571847020989,882.799651834701,969.835751459971,1065.78261792842,1173.54345328869,1289.9705150738,1411.91444037141,1537.13746094667,1665.57418195299,1798.57794959127,1932.67632163635,2000.02611803204
"IIASA GDP 2023","SSP5","Italy","GDP|PPP","billion USD_2017/yr",2659.36962307793,2897.50034461892,3133.04414643694,3388.76021461748,3648.01489948438,3901.47018969175,4181.22088563645,4540.61349702565,4918.70365120298,5272.84906721815,5605.92844775365,5930.47729557003,6216.01624875903,6455.63268890466,6624.82063530664,6564.5275074124
"IIASA GDP 2023","SSP5","Jamaica","GDP|PPP","billion USD_2017/yr",29.9504180167319,36.9555065973609,44.8049884471055,53.3976753736611,61.3826796300277,69.071019288996,76.0928774482212,84.1481599806634,92.0330723690532,99.3817923342926,105.335857620461,110.166631370996,113.798234912444,116.820892907479,119.284520117609,122.555510787477
"IIASA GDP 2023","SSP5","Jordan","GDP|PPP","billion USD_2017/yr",114.730110235439,140.154729651879,171.867690606681,214.660841159007,267.996906229951,328.937585642637,393.920969406601,463.938490518715,537.871222859855,612.114749394712,681.964667049997,748.579298036509,810.891937789188,866.165151240235,913.313918097189,938.953910817279
"IIASA GDP 2023","SSP5","Japan","GDP|PPP","billion USD_2017/yr",5351.99120175152,5520.64025408095,5280.65724139966,5995.02089818872,6241.75644757165,6535.58628183704,6416.75410110478,6841.17541777156,7240.74658071977,7611.05020517064,7925.24952591532,8179.43448847556,8373.50349148412,8517.4316510649,8604.58007971994,8463.21108877882
"IIASA GDP 2023","SSP5","Kazakhstan","GDP|PPP","billion USD_2017/yr",577.509298375532,611.87810341115,648.35809019055,695.621156063894,746.923889928996,802.597686367675,855.856133710418,913.720465274318,973.914215655637,1029.52826024301,1079.74360085515,1128.27178006875,1177.37619576312,1227.26473330326,1278.75839876457,1315.75824394423
"IIASA GDP 2023","SSP5","Kenya","GDP|PPP","billion USD_2017/yr",310.293106808272,422.29892859257,572.896821597206,776.006353594137,1025.86128632136,1324.28994563813,1664.72870219434,2053.65549432342,2464.93752257847,2874.21961078061,3277.47389176535,3668.85894716469,4034.98503888117,4371.60531871094,4674.1803911388,4851.21568580665
"IIASA GDP 2023","SSP5","Kyrgyzstan","GDP|PPP","billion USD_2017/yr",38.3844727521784,45.4949325715986,52.9799321141089,61.1895156280305,71.8870534813929,83.4869772102109,95.880063372425,109.063056887065,124.379562081252,140.825815690479,157.710495297335,174.688651538495,192.643025858006,211.901856022599,232.352768351334,249.062140650372
"IIASA GDP 2023","SSP5","Cambodia","GDP|PPP","billion USD_2017/yr",90.6974818978033,115.393796880022,148.689312145307,194.625472278905,249.442833757583,308.158840593961,373.265056862816,451.995799508229,537.867946912387,620.661047285539,693.881811284696,755.252249959824,805.217533058679,848.034738193324,883.034892075911,895.622219211907
"IIASA GDP 2023","SSP5","Kiribati","GDP|PPP","billion USD_2017/yr",0.253508946647128,0.283417265055072,0.317782763023065,0.359908860592668,0.409882884710792,0.469488863966781,0.537317378056505,0.616761914002564,0.705503403815876,0.801021281866648,0.894354818473724,0.98643605694665,1.08121824687996,1.17635559525687,1.26417389878818,1.30969059558118
"IIASA GDP 2023","SSP5","South Korea","GDP|PPP","billion USD_2017/yr",2500.61692153945,2695.04147548376,2885.60337881614,3252.30566570636,3424.48614155581,3619.91297824102,3579.8493978586,3745.70831191907,3897.30673932677,3976.29162577589,4008.13035263303,4057.10169838487,4114.54122392442,4152.08505152982,4162.05195749912,4068.53574985594
"IIASA GDP 2023","SSP5","Kuwait","GDP|PPP","billion USD_2017/yr",223.195805537891,245.206667876235,266.837511931115,287.895437091902,307.019375968868,331.124721610138,363.615503978528,410.288354614086,451.007008878324,485.967520910854,514.669369878369,536.1515535131,552.417156845999,564.287393088139,570.588383949456,561.184658119276
"IIASA GDP 2023","SSP5","Laos","GDP|PPP","billion USD_2017/yr",65.644306316898,81.7183394403493,102.97951535328,130.973483921909,162.115891372189,198.488757648136,236.317416512023,278.004802366188,317.129281498167,353.823109621519,384.719232309958,408.698283922444,426.492613754017,441.013651381093,452.504091746879,452.485309394825
"IIASA GDP 2023","SSP5","Lebanon","GDP|PPP","billion USD_2017/yr",75.3907914047014,90.6178548231739,107.949854868616,129.247287264132,152.077255060933,173.930446716275,194.366578458352,214.478726090211,231.416876384169,246.558130122096,260.156824989895,271.540090222758,282.78674406731,298.798286072049,317.614054923767,331.756010743826
"IIASA GDP 2023","SSP5","Liberia","GDP|PPP","billion USD_2017/yr",8.84107442807144,12.3995671852612,17.1300162338439,23.6894779221681,32.1951491670327,43.7006865682389,58.8599047012076,78.9821209967002,104.017139011263,134.058446028169,168.697750749523,207.413098577904,248.933855894232,291.714279062819,334.201169759903,369.209309937125
"IIASA GDP 2023","SSP5","Libya","GDP|PPP","billion USD_2017/yr",160.523141308348,196.175169646483,239.420489295889,290.706902249043,348.651764240509,415.323568430688,484.566841717737,552.40968008574,610.453963539762,662.013247425164,708.513333899394,751.345205641715,790.651877910517,846.943534057121,913.492247753749,968.762866707035
"IIASA GDP 2023","SSP5","Saint Lucia","GDP|PPP","billion USD_2017/yr",2.89214798076083,3.34888478747861,3.85853886672779,4.46074128361242,5.09347177808951,5.72183630729769,6.26985012842408,6.85527086523152,7.43863262130077,7.99137904685297,8.4484846191123,8.80237272559076,9.04040764294774,9.33702881546001,9.75133384071837,10.0779997455744
"IIASA GDP 2023","SSP5","Sri Lanka","GDP|PPP","billion USD_2017/yr",273.493735420331,322.453820339996,380.206338849144,442.616993562622,507.340017152781,570.473213641029,632.943155372677,691.066964131413,742.88201660859,787.922748917732,827.613427423779,862.727472641303,893.19726093724,918.867124188081,944.429376075285,975.037378148759
"IIASA GDP 2023","SSP5","Lesotho","GDP|PPP","billion USD_2017/yr",5.9455959345825,8.42588268291974,11.8183570078763,16.2242153325778,21.5888386067121,27.8233944512581,34.5109521530815,41.5654240676122,48.789621834279,55.7501821902168,62.0226729094487,67.3451249005577,71.8938621931303,76.0130553370171,79.7853426295029,81.6681543984937
"IIASA GDP 2023","SSP5","Lithuania","GDP|PPP","billion USD_2017/yr",118.099813723365,113.686099350515,108.006420690199,101.908481994329,102.420054201675,104.508928231745,107.045784828172,109.303039995736,113.454903525106,116.265670919544,118.699490867347,121.668631627187,124.95867794577,128.362981966591,131.590863947595,135.369718317824
"IIASA GDP 2023","SSP5","Luxembourg","GDP|PPP","billion USD_2017/yr",79.5948534480371,88.433108904903,98.3067472760623,109.88086663059,122.327008891837,135.903368360655,149.545057987448,165.625687800454,181.350675202569,194.942946538104,206.291690782754,215.818216895196,223.506515963179,229.368019453496,232.795318115996,228.560137728537
"IIASA GDP 2023","SSP5","Latvia","GDP|PPP","billion USD_2017/yr",65.9260816770814,65.5269308782542,65.2147446379258,66.6876300103357,68.5760632294607,71.2104193034533,74.6828282265961,79.9586173469462,85.0574023648819,88.9778764896279,92.1576028027477,95.2213731402996,98.066826131228,102.04833546879,107.55935996275,111.830741122162
"IIASA GDP 2023","SSP5","Macao","GDP|PPP","billion USD_2017/yr",67.8437454017609,75.9804529542842,86.0711474010831,95.8550172034216,106.785284196052,118.562712801198,129.986185183133,143.364572971758,156.288071166933,167.12299655845,175.425982961167,181.664008076485,185.773403604269,187.997208817469,187.433118922154,181.284384134256
"IIASA GDP 2023","SSP5","Morocco","GDP|PPP","billion USD_2017/yr",335.887979671586,416.342118251669,518.098187310011,652.425561536006,804.000587083421,975.167950026063,1155.47972924951,1361.25687091395,1561.03210432132,1742.59019256746,1891.64955179382,2010.25028963315,2106.83646991371,2192.67527171034,2263.57785322974,2350.92601719516
"IIASA GDP 2023","SSP5","Moldova","GDP|PPP","billion USD_2017/yr",37.5417461170246,37.9791934519206,39.1266146931909,41.1430779824025,43.3563994510708,46.4330127708605,50.0873881539165,55.4686614910276,61.3255961711846,66.9255405740876,71.8626480626795,76.3865610984733,80.908133215225,85.7837777992217,90.6416826388061,93.3046552868495
"IIASA GDP 2023","SSP5","Madagascar","GDP|PPP","billion USD_2017/yr",51.0719666851475,77.3416140332218,117.177470554345,176.698736124669,262.331839238933,381.354675082222,530.290670919194,708.149568117183,907.361619976988,1124.14890498334,1346.14536738939,1558.58446230461,1753.50090293286,1934.80498910411,2106.19684670117,2230.11527438701
"IIASA GDP 2023","SSP5","Maldives","GDP|PPP","billion USD_2017/yr",13.2677513754523,16.5224515751968,20.3921771546868,24.5867123910228,28.6857703841122,32.9818119756733,37.5548958577799,42.6459756161361,47.4625744657411,51.5404936508411,54.4134766821778,57.0767492675041,59.3274311239326,60.9714357927605,61.8676651727309,61.3208360671266
"IIASA GDP 2023","SSP5","Mexico","GDP|PPP","billion USD_2017/yr",2639.13542053343,3113.80942861672,3634.49227826672,4188.26537144718,4753.58528994628,5309.09654160035,5829.14876813875,6321.37808964515,6797.17935709984,7218.9805798419,7558.93139502077,7817.50653396001,8171.6220897501,8570.88618995237,8990.35997548135,9260.32620115569
"IIASA GDP 2023","SSP5","North Macedonia","GDP|PPP","billion USD_2017/yr",38.3480561789904,41.5903754323031,45.5067174856677,50.9993878692202,57.2373356066305,64.3519665712561,72.0742132060215,81.413990347277,91.4714812347977,101.370226694612,110.467234084006,118.231572353876,124.941328478421,130.809284032701,135.880304831682,139.27328330281
"IIASA GDP 2023","SSP5","Mali","GDP|PPP","billion USD_2017/yr",55.9786426495079,86.6280843969798,133.624396268877,202.707454298071,298.158979218652,422.719860270962,567.914607753903,728.880791105657,895.062177694312,1063.66339757408,1226.96403435965,1380.01300210631,1521.22960385665,1651.94643885261,1775.83117732297,1846.59527552485
"IIASA GDP 2023","SSP5","Malta","GDP|PPP","billion USD_2017/yr",28.4090943341889,34.1201840520098,39.8493603503003,44.0453056220279,47.5789242373416,50.6902801981792,53.8245903849026,58.5831099708536,64.3021257096553,69.7090567512846,74.5935714833736,78.9387580916805,82.6682169081615,85.8738650281755,88.4128518207666,88.577607627977
"IIASA GDP 2023","SSP5","Myanmar","GDP|PPP","billion USD_2017/yr",238.776552914578,302.087358632248,382.789575242628,485.860050110963,605.871364897624,742.818056670764,888.953374524446,1050.80319317352,1206.36853772211,1340.67212193918,1445.90777350304,1521.27858143948,1575.33178387384,1620.39255772217,1657.49162179159,1654.80675198056
"IIASA GDP 2023","SSP5","Montenegro","GDP|PPP","billion USD_2017/yr",14.9551865290612,15.7673611234338,16.8248073053056,18.2762627648054,20.0281094995739,21.9064107575329,23.9926218694265,26.2402332424584,28.6961905883157,30.9636499142241,33.0476612104413,34.9452911514087,36.7009977283529,38.3300247801616,40.0015994247758,41.4876884577974
"IIASA GDP 2023","SSP5","Mongolia","GDP|PPP","billion USD_2017/yr",47.8621523477306,56.6081339285034,67.2609952965631,80.7608987445482,97.7318119644271,117.415771744857,138.642355446225,162.68798815709,186.221069167476,207.643139371362,226.253615725605,244.129873195608,262.263477561594,280.802889169926,298.587338615268,311.489219940024
"IIASA GDP 2023","SSP5","Mozambique","GDP|PPP","billion USD_2017/yr",48.9487475545762,72.8700539400587,108.048737111969,159.846356966069,233.746461240201,339.408996955475,478.376305958897,653.007805766112,857.979992056402,1090.09124955034,1339.42663712111,1592.1775904641,1841.23090094019,2083.02528653665,2315.64694667318,2485.2935007485
"IIASA GDP 2023","SSP5","Mauritania","GDP|PPP","billion USD_2017/yr",30.0654149644795,41.4028322746304,57.0553789462974,78.4845516905976,105.677359516732,139.848988132505,178.954710676124,221.159647377167,263.285642044837,304.088864638451,342.354489170808,377.103417102189,408.412573774932,436.388882777353,461.320025895955,474.241222394637
"IIASA GDP 2023","SSP5","Mauritius","GDP|PPP","billion USD_2017/yr",32.3692876386321,34.3930331676769,37.1410259396554,40.5810835549455,44.1895557093109,48.1443903199823,52.2670213291509,56.2765485694033,60.243738442663,63.7580604126333,66.745731838424,68.821089409242,70.8058627566339,73.1296370615763,75.5542339528609,76.7722539639824
"IIASA GDP 2023","SSP5","Malawi","GDP|PPP","billion USD_2017/yr",33.4099104332771,49.9634944340654,74.1116344665979,109.36592524911,158.540060393201,226.978911601468,318.192912340298,438.668944735396,588.063731405891,765.13580702253,965.189835562545,1182.04237498452,1408.23166656243,1634.30793609587,1856.51742842429,2030.84426926287
"IIASA GDP 2023","SSP5","Malaysia","GDP|PPP","billion USD_2017/yr",1095.28384037636,1307.27141701099,1544.15607867068,1789.44583011598,2028.30233895581,2255.30254491456,2467.38249647283,2715.15722522454,2942.50177735388,3147.58098493745,3358.14855755209,3603.06558112676,3863.34068412636,4139.78065658935,4414.68985259107,4596.86147788417
"IIASA GDP 2023","SSP5","Namibia","GDP|PPP","billion USD_2017/yr",25.9697072800231,31.1728166641756,37.6308305985348,46.0226214933734,56.6367727624259,69.4488108268649,83.8102028173351,99.5775031159355,116.674624647026,133.874973361325,150.098679854646,164.711607705407,177.941680150381,190.174983556046,201.69833477983,208.06238056969
"IIASA GDP 2023","SSP5","Niger","GDP|PPP","billion USD_2017/yr",42.6123239943194,68.082179101547,108.910022930704,173.285210181139,271.817302386449,419.227425953163,619.099956202386,869.355961726911,1162.80300261844,1494.23654990184,1850.87131869394,2217.61453392229,2583.32479008155,2944.74363183974,3301.12785340425,3555.3730191538
"IIASA GDP 2023","SSP5","Nigeria","GDP|PPP","billion USD_2017/yr",1187.62697833403,1605.66053258425,2169.62830642863,2931.04386531245,3942.35730224522,5233.8025797041,6794.84719537159,8608.40425524417,10595.3172201133,12691.5535624589,14885.3256786214,17157.9952534379,19436.7337500621,21659.2394243046,23781.7224460785,25138.5075132039
"IIASA GDP 2023","SSP5","Nicaragua","GDP|PPP","billion USD_2017/yr",44.2434675830559,59.6983201746242,79.32233169182,102.776610842755,128.668328842215,157.048691806453,185.604434945316,216.041918069597,246.14876079529,275.384663425551,300.872130184665,321.763778290168,338.451124613888,353.256734955102,366.623256164936,372.619945771172
"IIASA GDP 2023","SSP5","Netherlands","GDP|PPP","billion USD_2017/yr",1082.42209751997,1163.60262925901,1247.66425492283,1332.55089453411,1454.25510398154,1577.86274819157,1713.45320443557,1841.15905889006,1988.13967126515,2136.35712653218,2286.26164732504,2425.76222527019,2548.69436503013,2645.67125628394,2713.58335106306,2689.81502657514
"IIASA GDP 2023","SSP5","Norway","GDP|PPP","billion USD_2017/yr",385.855286006426,422.901706639952,463.693314648798,508.38300217874,555.907903001793,606.06385756987,657.457748831485,722.957242086398,790.473109456072,852.213821528285,909.469696866893,964.934265441841,1013.69867847509,1052.13066469368,1076.47061414286,1060.18706313977
"IIASA GDP 2023","SSP5","Nepal","GDP|PPP","billion USD_2017/yr",140.575475105776,169.258761736241,204.944852612008,249.360786014778,304.982463913094,372.600051886516,451.473044030027,540.760735951545,643.781375363651,762.595498430949,892.757048477236,1025.56089898884,1154.60044752776,1276.56799954659,1393.31447498506,1477.83299134227
"IIASA GDP 2023","SSP5","New Zealand","GDP|PPP","billion USD_2017/yr",235.055202726274,260.14521792258,286.230166497785,313.723931813939,342.452583050653,368.539574028082,392.449403249863,419.399801705423,448.416393145725,483.222882859614,522.540075081443,565.469562291221,610.94616928329,657.141946791689,701.703179963234,727.457155518103
"IIASA GDP 2023","SSP5","Oman","GDP|PPP","billion USD_2017/yr",176.86736837196,204.656608745738,234.111064813734,262.143356619012,288.985386871986,317.705167308395,347.235467745055,383.338691095913,423.404046003824,451.808444735612,477.414400351118,500.012266778957,521.137842197792,542.278593673374,564.309110031709,577.2600528388
"IIASA GDP 2023","SSP5","Pakistan","GDP|PPP","billion USD_2017/yr",1395.66078099173,1891.51965119042,2562.54671236705,3478.40496688589,4586.5392584504,5897.75909068964,7362.11278085589,9006.49722242461,10701.2723489421,12410.1562055944,14107.5142872763,15722.2975594367,17250.9043218472,18674.3454750458,19987.0544075928,20834.0420437158
"IIASA GDP 2023","SSP5","Panama","GDP|PPP","billion USD_2017/yr",157.844493567714,176.215313496657,197.073532831072,221.628667060011,247.018859415749,273.573675158005,298.77736887778,325.674685495876,350.013947374973,371.415370292159,388.92353444624,403.445841225602,421.768839740838,441.487898627302,461.954794170699,474.497652010099
"IIASA GDP 2023","SSP5","Peru","GDP|PPP","billion USD_2017/yr",481.750150671463,565.259144910644,660.593392910593,767.294818869348,877.016530888546,992.133760652925,1109.36021641943,1238.28808691567,1363.41549975968,1476.4044881132,1572.7497384512,1656.87032029964,1730.58783929346,1794.53521880957,1851.01804107919,1868.03651113669
"IIASA GDP 2023","SSP5","Philippines","GDP|PPP","billion USD_2017/yr",1180.64805373717,1578.60911154113,2062.83248010762,2609.59037748312,3184.78494200429,3778.82129069359,4358.46106361759,4962.91529880772,5533.3199424183,6055.35723447738,6523.55920010054,6957.97810237234,7335.41420356758,7652.47531085409,7932.16438178443,8232.30141689824
"IIASA GDP 2023","SSP5","Papua New Guinea","GDP|PPP","billion USD_2017/yr",37.0469882401036,47.0038634958458,60.8237153308732,81.2876200533904,109.626838530398,147.646863945672,194.691602392218,251.896349820425,316.666386298539,386.148447143318,455.696723628452,520.906738359709,579.830442028906,632.769766377807,678.40674404851,704.537809285704
"IIASA GDP 2023","SSP5","Poland","GDP|PPP","billion USD_2017/yr",1477.21268765591,1513.95494522212,1545.55088994442,1690.77595226192,1800.21496244924,1910.03180826064,1970.00452837773,2078.91098478488,2175.20324344876,2244.25798055473,2290.11048345888,2340.60229642069,2430.05018097953,2551.16411416606,2689.9210219335,2780.04622232478
"IIASA GDP 2023","SSP5","Puerto Rico","GDP|PPP","billion USD_2017/yr",109.164091635592,106.177384009087,103.441473391557,100.562805094223,100.55201337938,101.677552928344,102.85830613954,105.058072740619,108.024699996187,110.977256685251,113.691740907227,116.305760673527,120.861915516158,126.719345239486,133.078921618887,137.295199307144
"IIASA GDP 2023","SSP5","Portugal","GDP|PPP","billion USD_2017/yr",389.803229677983,426.621729025066,469.676351945436,518.13225054045,570.486216062562,625.582900779976,673.803720160566,721.626388786784,766.871356968141,820.006470699296,877.430684624328,937.180072912318,996.24588763368,1051.33067907397,1100.57806738163,1114.91884308885
"IIASA GDP 2023","SSP5","Paraguay","GDP|PPP","billion USD_2017/yr",102.838449065189,125.020746710285,151.873340827454,183.004818194766,215.806477953833,250.146025614337,282.85649243487,316.587324995526,347.978552143575,377.51201097306,402.213288880546,421.75961834314,435.485245321536,446.654979145533,463.680460035376,479.822963223352
"IIASA GDP 2023","SSP5","Palestine","GDP|PPP","billion USD_2017/yr",32.6890723878529,45.0614006759174,60.2510472876248,77.0786182490397,96.2031224690547,116.721546310206,136.743850252354,156.00305763174,174.456619542602,191.794760933436,208.291714117477,223.958002843645,239.080550845783,254.236358812024,268.94392989629,277.623337002019
"IIASA GDP 2023","SSP5","Qatar","GDP|PPP","billion USD_2017/yr",280.489036712632,329.185847622449,384.607786098606,441.926547834887,492.818109905742,542.657981324013,595.587447841288,665.46553517406,741.689480584886,812.805952228549,864.808422243061,897.011645853187,911.528392335534,911.636471052904,897.737694745515,859.472851653417
"IIASA GDP 2023","SSP5","Romania","GDP|PPP","billion USD_2017/yr",687.654092217838,701.33705750063,725.778355233975,768.644412032501,786.66850357759,817.273731095815,841.532798988279,903.967558949256,950.355157998217,978.847510481203,995.09456884004,1007.29162956556,1018.78565460917,1051.75104767446,1104.50264433396,1146.59519827297
"IIASA GDP 2023","SSP5","Russian Federation","GDP|PPP","billion USD_2017/yr",4162.90703799802,4451.10782041114,4735.51254289044,5154.41067367198,5598.36703055137,6092.30529776428,6545.32209164444,7137.06801941202,7676.35151831968,8118.36869945689,8504.7218817766,8867.71519848624,9287.50867292017,9879.80762667173,10569.2194285135,11053.9722690006
"IIASA GDP 2023","SSP5","Rwanda","GDP|PPP","billion USD_2017/yr",39.4835810209948,57.1902060436045,83.4829602302356,120.825467108217,171.17694600853,236.836321997129,316.904389235695,411.471016159757,514.588760339652,623.734894718828,733.091557457806,836.52267416478,930.552662920633,1016.73329477186,1097.43718516636,1150.51838091875
"IIASA GDP 2023","SSP5","Saudi Arabia","GDP|PPP","billion USD_2017/yr",1993.35008107682,2192.28442677006,2400.42522537156,2608.20169365413,2803.74989884343,3054.21077632913,3323.17235179939,3586.71133540386,3884.23587764887,4189.78112246303,4477.81176377992,4737.76351707303,4970.08143782324,5174.69492423504,5346.82000659614,5399.10905526043
"IIASA GDP 2023","SSP5","Sudan","GDP|PPP","billion USD_2017/yr",184.796791175529,253.484526875656,349.037192646846,483.454670142492,659.152373633618,884.282512018022,1157.00845188962,1479.44428258125,1828.83988049978,2186.02055405088,2542.71557084115,2891.62444008496,3231.86569906742,3563.29645196946,3893.41465558791,4094.16151070838
"IIASA GDP 2023","SSP5","Senegal","GDP|PPP","billion USD_2017/yr",77.5793629353977,111.490461538028,160.167066602924,228.281082361665,317.27075477257,433.566976617496,572.819880009364,728.453891276927,888.193865547795,1046.74786479291,1201.6831694621,1347.18431673408,1481.31848511921,1606.00496152365,1721.45729293665,1788.28966451153
"IIASA GDP 2023","SSP5","Singapore","GDP|PPP","billion USD_2017/yr",646.864231208372,731.488017131774,838.195615460333,942.401384098378,1060.77410396336,1166.60545601682,1258.43741353553,1354.94755204469,1450.22080550649,1527.95401389469,1593.72166521237,1647.698809605,1686.14424497819,1710.3873057424,1716.67872162298,1677.34310708989
"IIASA GDP 2023","SSP5","Solomon Islands","GDP|PPP","billion USD_2017/yr",1.53731055501661,2.23656747803857,3.21876230007927,4.57738973976696,6.39158983243648,8.75128855503213,11.5801427798188,14.858661641783,18.4190139771107,22.1470592839507,25.8205219469918,29.2944554270452,32.5020147014421,35.520262195093,38.3183043999261,40.2091766960671
"IIASA GDP 2023","SSP5","Sierra Leone","GDP|PPP","billion USD_2017/yr",15.8823751048985,22.4218095372777,31.9752088883184,45.5476224070783,64.3460076547971,89.8638839531303,122.022442818166,160.256374494555,202.25138808439,246.428317609695,290.437658818669,332.320941625188,370.876656056114,405.769437943376,437.743001910471,457.572601207457
"IIASA GDP 2023","SSP5","El Salvador","GDP|PPP","billion USD_2017/yr",62.8426728334798,71.388882091418,81.3210509458802,93.5835026604749,106.91308491051,121.439046520622,135.117765127792,148.991460698922,163.305848009139,178.619720853428,192.566654123039,203.74371712976,213.217376368264,221.29730862145,228.35974574193,230.684169713595
"IIASA GDP 2023","SSP5","Somalia","GDP|PPP","billion USD_2017/yr",19.3836328828507,31.7594426849412,51.775364424555,82.9839263958684,128.648863497632,193.804721375917,278.286759271528,381.923549520372,499.279123413461,628.980431549695,765.779672160374,904.848788993104,1043.07290656279,1179.91674311124,1316.81615086325,1416.32303293047
"IIASA GDP 2023","SSP5","Serbia","GDP|PPP","billion USD_2017/yr",152.217613021804,167.156723980938,185.228627629195,207.773304420397,232.086634986977,259.8031666808,289.246226023556,327.907891295523,367.772320573951,403.877853719724,436.063804982578,463.920814328808,488.876699562598,511.446836044777,531.111753835602,544.614140149265
"IIASA GDP 2023","SSP5","South Sudan","GDP|PPP","billion USD_2017/yr",6.91269572631045,11.0339069836889,17.1283810899816,25.6129637561997,36.8717023457222,50.9230726500248,67.0456645029997,84.4117954655423,102.832719688197,121.921759477851,141.763166261383,161.670431932386,182.066099543876,202.314460203961,221.780957911026,235.877902209056
"IIASA GDP 2023","SSP5","Sao Tome and Principe","GDP|PPP","billion USD_2017/yr",0.976092894216838,1.13059158709699,1.33746084292627,1.63558533961956,2.05404489190048,2.63687448228438,3.40753205520793,4.3548633420096,5.44184555132286,6.62915920815881,7.86718563233021,9.08301270477063,10.222311155371,11.270542297914,12.2276548289655,12.8605656734935
"IIASA GDP 2023","SSP5","Suriname","GDP|PPP","billion USD_2017/yr",9.95379239833108,11.8143190394917,14.0346193165492,16.5308477023813,19.1369943030372,21.805824460997,24.5647418260902,27.5232726715495,30.33814131768,32.9330208217403,35.2429488142377,37.1662947862778,38.7128468218468,39.9758081486734,41.3189756446331,42.4273816847926
"IIASA GDP 2023","SSP5","Slovakia","GDP|PPP","billion USD_2017/yr",194.572108078021,212.176852361528,228.940379927136,244.958660334999,260.913344886351,276.450382366664,290.941133990795,307.276706410159,323.023263791941,335.722302944737,345.197105638583,355.415237164601,369.937434563132,388.332955332523,409.45209354134,423.276125132249
"IIASA GDP 2023","SSP5","Slovenia","GDP|PPP","billion USD_2017/yr",95.2730361495822,104.632370848586,114.11923334211,124.888277152407,134.381026892897,143.661274618631,151.621778996811,161.749521366468,170.173494454787,178.683060201662,188.359100187832,199.17150546099,210.99877564225,223.447079516875,235.625826102299,241.985373150173
"IIASA GDP 2023","SSP5","Sweden","GDP|PPP","billion USD_2017/yr",602.202401795705,666.929526040924,730.77768848475,801.441974897371,878.264780569424,958.886004853331,1044.41986341173,1155.20956160801,1275.10116611897,1390.58980017559,1501.58688613452,1610.61612271942,1707.15741644484,1786.40607945878,1844.24831163798,1836.17728936843
"IIASA GDP 2023","SSP5","Eswatini","GDP|PPP","billion USD_2017/yr",11.4725858852963,13.0767514105133,15.0948900870456,18.0148075769431,21.1439377403102,24.6835432259102,28.5568379734334,33.1470138158491,37.8855473612333,42.3691672754854,46.4828882951195,50.2831450531964,53.7737428525638,56.9634214429854,59.7844622802279,61.100953744328
"IIASA GDP 2023","SSP5","Seychelles","GDP|PPP","billion USD_2017/yr",3.48167946696396,3.93381058896511,4.44137095991592,4.99619632937745,5.54825350608599,6.10855205729328,6.61040056999228,7.14088063868212,7.63343281375775,8.03818440213409,8.32971767746949,8.66513266383617,9.05773301750078,9.48194175472129,9.90234373264953,10.1255416404258
"IIASA GDP 2023","SSP5","Syria","GDP|PPP","billion USD_2017/yr",135.39350859375,173.870098731589,226.569415045186,307.978501940819,407.804168851084,524.850765351881,648.776940687047,784.61073965393,920.286665310587,1057.76347840298,1196.93520496444,1338.7098085486,1480.01405736392,1599.91387382794,1705.36587194148,1759.17857409451
"IIASA GDP 2023","SSP5","Chad","GDP|PPP","billion USD_2017/yr",28.0191824350029,40.7863208725691,59.696141368133,88.7165670841099,132.187257086148,196.1450747784,282.665363174955,392.537763912045,523.247745461527,671.899383835971,831.87083420746,996.370853613486,1159.84211885346,1319.28347797009,1473.82647091464,1586.02543720012
"IIASA GDP 2023","SSP5","Togo","GDP|PPP","billion USD_2017/yr",22.7330731652276,33.241134172896,48.5089345208385,70.556784664559,101.41835687616,142.20280012186,190.828740665529,246.197530087905,305.665834608203,367.536577794273,427.727732107876,483.533108251938,533.75985479695,579.46879049031,621.690359071193,648.086847043718
"IIASA GDP 2023","SSP5","Thailand","GDP|PPP","billion USD_2017/yr",1388.75139405796,1594.10989422885,1827.87937981925,2127.13252141158,2442.83269237322,2752.57244615026,3002.82464899773,3257.51971405244,3454.19385673767,3617.2652213209,3725.88238563385,3782.75081063886,3900.29003504773,4048.2326844659,4211.11215878882,4302.57348170631
"IIASA GDP 2023","SSP5","Tajikistan","GDP|PPP","billion USD_2017/yr",46.9848557668437,58.4512426170841,72.1284705487649,92.1008694873499,113.36558842641,137.832169638189,162.847070275036,198.966608214449,239.495258607213,282.932265319645,327.916784602789,373.609325908685,421.424577591825,472.111253108645,525.838396830922,572.033760348307
"IIASA GDP 2023","SSP5","Turkmenistan","GDP|PPP","billion USD_2017/yr",108.025968709838,115.448850607121,123.270377618921,131.659887640967,141.182595065335,152.469027138201,164.736736127784,178.026229474285,191.847128693711,204.858187875297,216.795327978007,227.670412982089,238.258396030769,249.179917107435,259.889118583798,264.777180596188
"IIASA GDP 2023","SSP5","Timor-Leste","GDP|PPP","billion USD_2017/yr",4.1876005699281,6.13937654706088,8.88943949002276,12.4863642554581,16.9376417734807,21.9349723385256,27.1536938409211,32.584472936162,38.0549966150673,43.3191219706547,48.3727889843906,53.0882749355989,57.1653913511074,60.6159767268782,63.3959712925282,64.3734771827111
"IIASA GDP 2023","SSP5","Tonga","GDP|PPP","billion USD_2017/yr",0.612315349051986,0.707668147120109,0.814600825695608,0.9227898698386,1.02840384568107,1.12353585953771,1.20678873309989,1.27589587108638,1.33564933642726,1.38669671285182,1.43716289065865,1.489577144302,1.54520750545801,1.60285922885149,1.69009734987209,1.78013693578272
"IIASA GDP 2023","SSP5","Trinidad and Tobago","GDP|PPP","billion USD_2017/yr",39.0624957226148,43.5121216633883,49.0646850091386,54.0589808870692,57.3486633511824,59.4473669891578,62.5377550242801,67.5900012399553,71.0855845569294,73.3969380714316,75.8710689873797,79.2498591436426,83.2872365751537,87.9813050426342,93.0536675625015,96.905808071374
"IIASA GDP 2023","SSP5","Tunisia","GDP|PPP","billion USD_2017/yr",138.067684081033,172.990553884999,215.810163860289,260.519931884072,310.905028893933,371.236517508419,450.087834738298,517.490380963777,575.032504856662,616.485235863087,645.209990010915,666.8201616601,688.428129107336,729.092366203382,782.708977701088,831.412804618098
"IIASA GDP 2023","SSP5","Turkey","GDP|PPP","billion USD_2017/yr",3109.770705833,3579.6073756682,4130.31253536009,4647.47863642335,5173.93920442617,5665.4137372932,6233.54876989109,6862.4706666999,7357.6095765277,7750.44028970705,8190.57285952783,8661.59114773119,9152.38999208029,9677.28523972584,10188.0401444544,10455.1313007911
"IIASA GDP 2023","SSP5","Taiwan","GDP|PPP","billion USD_2017/yr",1463.0162317423,1566.93490273836,1684.11647330032,1731.44216252632,1751.30670084909,1773.67445903322,1807.48018884166,1864.25252741445,1929.1875706926,1974.9325197878,2010.56230027576,2042.55961910272,2063.78026485626,2083.22006053244,2107.49033372675,2086.0796604857
"IIASA GDP 2023","SSP5","Tanzania","GDP|PPP","billion USD_2017/yr",210.166250146719,324.667111215873,505.06625767453,778.585769944057,1166.74557882914,1703.19589849541,2370.49639114256,3147.506880943,3976.95311600305,4842.25424320799,5711.32086852259,6537.23425258849,7295.732713358,8020.4072968447,8719.76545479729,9201.81784414422
"IIASA GDP 2023","SSP5","Uganda","GDP|PPP","billion USD_2017/yr",134.64958420613,217.170744736928,348.241945804382,544.429125410103,814.908147682623,1171.46412341889,1599.57459798553,2084.32845171807,2606.61454200704,3152.08003244485,3709.85361851434,4252.83204373413,4768.10931455049,5255.17794548357,5724.26666985944,6053.20055120175
"IIASA GDP 2023","SSP5","Ukraine","GDP|PPP","billion USD_2017/yr",398.503477286996,461.234078159162,521.396613478454,581.270461692113,638.645832325182,701.958727114527,775.837656284131,857.998923543305,943.000181948937,1018.79058696042,1087.47982453727,1152.26463463837,1212.33493949496,1267.52515547447,1315.44716573505,1324.54440095544
"IIASA GDP 2023","SSP5","Uruguay","GDP|PPP","billion USD_2017/yr",88.2714053305311,94.4121827238193,101.470500815575,110.040709391025,119.210386512186,129.761993652187,139.925768946127,151.14621677326,161.879745101864,171.493413195857,178.396876718056,182.736506723654,185.309877164782,188.031829167493,191.398880019103,192.098008775358
"IIASA GDP 2023","SSP5","United States","GDP|PPP","billion USD_2017/yr",22529.2095665784,24228.6047210756,26077.9403258074,28161.3750007713,30516.9486608709,33217.1778331404,35999.9938882876,39175.019337109,42431.0229370525,45607.9125422054,48753.4483121698,51985.3347783976,55109.8062403996,57945.4933851399,60265.9399423962,60415.4714229233
"IIASA GDP 2023","SSP5","Uzbekistan","GDP|PPP","billion USD_2017/yr",337.097835168504,393.935245536884,456.289567244546,531.345186806771,602.816928789358,678.266553561411,753.299291974653,843.590148176349,938.619182144114,1030.86725753387,1118.57837881293,1200.04920819361,1276.48031126834,1351.32009915434,1427.66152185418,1476.40299465896
"IIASA GDP 2023","SSP5","Saint Vincent and the Grenadines","GDP|PPP","billion USD_2017/yr",1.75767255636222,1.97776212180215,2.22325875805878,2.49164235416622,2.76011330254743,3.03676732672834,3.31453953457434,3.59629651996569,3.88024662710181,4.1393328844895,4.34849586968371,4.51550254001533,4.66530049101413,4.79752352557792,5.03495855765208,5.25462137206797
"IIASA GDP 2023","SSP5","Venezuela","GDP|PPP","billion USD_2017/yr",181.623203006816,233.613962095884,302.272013084227,389.008850499853,493.004110074359,606.800779832021,729.879686100783,866.742785605849,1003.76475213834,1138.41631386112,1271.18729939171,1405.88349263132,1541.76690048323,1676.66605219152,1801.12981458407,1884.66787876238
"IIASA GDP 2023","SSP5","Viet Nam","GDP|PPP","billion USD_2017/yr",1350.0294860482,1661.73418486586,2051.04294175796,2522.64464517247,3102.00152757162,3796.99958028231,4554.52995767572,5347.74346920792,6170.22665682325,6926.53904203136,7528.71851201857,7980.42618618923,8311.55381769987,8599.14882793166,8820.37255202821,8904.17252345205
"IIASA GDP 2023","SSP5","Vanuatu","GDP|PPP","billion USD_2017/yr",0.879309531432609,1.18487125973774,1.58524696938628,2.12129117173299,2.80172283024011,3.63380466262261,4.59433144300085,5.71529179426193,6.95902609753484,8.24557990004716,9.49834977226879,10.6739030183479,11.7884724457614,12.8524016445079,13.8722250874681,14.5723392342694
"IIASA GDP 2023","SSP5","Samoa","GDP|PPP","billion USD_2017/yr",1.11882767811139,1.40452860239467,1.72958260688352,2.08073091962434,2.47093805248042,2.92522235576649,3.3742793696803,3.78748648969786,4.1654594749693,4.50820098543187,4.83192964764972,5.15045942388141,5.47578740568906,5.82189361549554,6.18619075759195,6.44441073784471
"IIASA GDP 2023","SSP5","Yemen","GDP|PPP","billion USD_2017/yr",61.9475697269741,80.9545531189481,112.012258587811,151.814243615448,202.173342956184,283.835543704526,396.615631514995,545.161608048867,732.514031941588,966.304557313386,1248.52106917346,1556.18837466332,1885.33246872335,2227.3044897019,2572.14134481034,2856.66066048226
"IIASA GDP 2023","SSP5","South Africa","GDP|PPP","billion USD_2017/yr",835.494537499221,974.397021721884,1133.95895207567,1327.47191415953,1542.64009001522,1760.66027537423,1988.10640993616,2254.4251702591,2556.97550552802,2849.00439263079,3094.68062562192,3300.73535213398,3466.50083552274,3596.11578658695,3688.24658208814,3727.15816336939
"IIASA GDP 2023","SSP5","Zambia","GDP|PPP","billion USD_2017/yr",73.7984637411846,104.983563614104,149.342237926326,213.13067526851,299.895170348987,414.352444145636,552.942319372963,715.303825266093,892.502948290103,1076.93760473672,1259.78425228737,1435.21882691362,1601.35281527653,1758.47424153835,1905.24889348714,2000.42728308255
"IIASA GDP 2023","SSP5","Zimbabwe","GDP|PPP","billion USD_2017/yr",36.5137679630562,51.489193576129,70.9958725816021,94.7043810271936,122.488370231029,155.170501646203,192.76807490317,234.797364422913,279.467978011636,325.691521592178,374.026806672735,422.935895319338,473.100775253512,524.181211424578,574.126978003018,609.400290605706
"© SSP Scenario Explorer https://data.ece.iiasa.ac.at/ssp"
